fecha,dp_BBVA,dp_BCP,dp_SYS,CLRI_BBVA_W52,CLRI_BCP_W52,CLRI_SYS_EW_W52,CLRI_SYS_AW_W52,CLRI_BBVA_W78,CLRI_BCP_W78,CLRI_SYS_AW_W78,CLRI_BBVA_W104,CLRI_BCP_W104,CLRI_SYS_AW_W104,delta_cds_h_M1,delta_m_orth_log_M1,delta_cds_l,delta_cds_l_lag1,term_spread,short_rate,cpi_12m_pct,D_CRISIS,POST_ZC
2007-01-12,0.0,-0.0013497774800000084,-0.0008233642628000051,,,,,,,,,,,,,,,,,,0.0,0
2007-01-19,0.0006430704979999979,0.0005130237400000071,0.0005637419756200035,,,,,,,,,,,,,,,,,,0.0,0
2007-01-26,0.0007171509049999913,0.0012866795700000044,0.0010645633906499993,,,,,,,,,,,,,,,,,,0.0,0
2007-02-02,0.0005231620770000112,0.0,0.00020403321003000435,,,,,,,,,,,,,,,,,,0.0,0
2007-02-09,0.0033482372989999953,0.0,0.0013058125466099983,,,,,,,,,,,,,,,,,,0.0,0
2007-02-16,0.009701530732999994,0.002838682970000006,0.005515193597570001,,,,,,,,,,,,,,,,,,0.0,0
2007-02-23,0.0005248072420000055,-0.0037611724000000124,-0.002089640339620005,,,,,,,,,,,,,,,,,,0.0,0
2007-03-02,-0.003148843449999994,-0.004119458029999995,-0.0037409183437999947,,,,,,,,,,,,,,,,,,0.0,0
2007-03-09,0.0010496144829999915,0.0024645421700000003,0.0019127203720699967,,,,,,,,,,,,,,,,,,0.0,0
2007-03-16,0.0,0.001504468960000005,0.000917726065600003,,,,,,,,,,,,,,,,,,0.0,0
2007-03-23,0.0019558750260000035,0.0012883639199999797,0.001548693251339989,,,,,,,,,,,,,,,,,,0.0,0
2007-03-30,0.0006681611819999989,-0.00023523564999999858,0.00011708911448000045,,,,,,,,,,,,,,,,,,0.0,0
2007-04-06,0.009080404974999998,,,,,,,,,,,,,,,,,,,,0.0,0
2007-04-13,0.005089390540000002,,,,,,,,,,,,,,,,,,,,0.0,0
2007-04-20,0.002834041149999994,0.004325721430000012,0.003743966120800005,,,,,,,,,,,,,,,,,,0.0,0
2007-04-27,0.005677578160000002,0.004964205149999984,0.005242420623899991,,,,,,,,,,,,,,,,,,0.0,0
2007-05-04,0.006990399840000008,0.012667485670000006,0.010453422196300008,,,,,,,,,,,,,,,,,,0.0,0
2007-05-11,0.022549180860000004,0.02799775539999999,0.025872811329399996,,,,,,,,,,,,,,,,,,0.0,0
2007-05-18,-0.0024411379400000044,-0.005060119669999974,-0.004038716795299986,,,,,,,,,,,,,,,,,,0.0,0
2007-05-25,-0.0045242602299999934,-0.019820092520000027,-0.013854717926900014,,,,,,,,,,,,,,,,,,0.0,0
2007-06-01,-0.010812609830000014,0.005004826690000019,-0.0011639735527999937,,,,,,,,,,,,,,,,,,0.0,0
2007-06-08,-0.004963136659999992,0.0,-0.001935623297399997,,,,,,,,,,,,,,,,,,0.0,0
2007-06-15,0.005052487079999987,-0.003688575080000006,-0.00027956083760000876,,,,,,,,,,,,,,,,,,0.0,0
2007-06-22,-0.002846648569999985,0.0005265819299999919,-0.0007889779649999991,,,,,,,,,,,,,,,,,,0.0,0
2007-06-29,-0.002013874710000002,0.008182657900000001,0.0042060101821,,,,,,,,,,,,,,,,,,0.0,0
2007-07-06,0.003710269569999994,0.004529307410000016,0.004209882652400007,,,,,,,,,,,,,,,,,,0.0,0
2007-07-13,-0.0018580747799999964,-0.000285733130000021,-0.0008989463735000114,,,,,,,,,,,,,,,,,,0.0,0
2007-07-20,0.0004425660199999931,-0.0023790114799999984,-0.0012785962550000017,,,,,,,,,,,,,,,,,,0.0,0
2007-07-27,-0.004504089579999995,0.0018704820500000108,-0.0006156008856999916,,,,,,,,,,,,,,,,,,0.0,0
2007-08-03,0.001486913330000006,-0.006354100519999989,-0.0032961051184999908,,,,,,,,,,,,,,,,,,0.0,0
2007-08-10,-0.002957464960000003,-0.0034464198100000176,-0.003255727418500012,,,,,,,,,,,,,,,,,,0.0,0
2007-08-17,-0.012221657829999996,-0.003970070120000002,-0.0071881893268999995,,,,,,,,,,,,,,,,,,0.0,0
2007-08-24,-0.0017730918800000078,0.000534556699999994,-0.0003654262462000067,,,,,,,,,,,,,,,,,,0.0,0
2007-08-31,-0.001104664379999995,0.0,-0.00043081910819999804,,,,,,,,,,,,,,,,,,0.0,0
2007-09-07,-0.004639590395000004,-0.0015834981499999734,-0.002775374125549985,,,,,,,,,,,,,,,,,,0.0,0
2007-09-14,0.0005136337570000038,-0.005325395050000015,-0.0030481738152700077,,,,,,,,,,,,,,,,,,0.0,0
2007-09-21,0.006338837377999992,-0.0016806932300000021,0.0014469237071199957,,,,,,,,,,,,,,,,,,0.0,0
2007-09-28,0.0066889926200000005,0.009658961800000004,0.008500673819800002,,,,,,,,,,,,,,,,,,0.0,0
2007-10-05,0.007049480310000009,0.009466165659999998,0.008523658373500002,,,,,,,,,,,,,,,,,,0.0,0
2007-10-12,0.005817899069999993,0.00333590277000001,0.004303881327000003,,,,,,,,,,,,,,,,,,0.0,0
2007-10-19,-0.000993488409999993,0.0027263524299999953,0.0012756145023999996,,,,,,,,,,,,,,,,,,0.0,0
2007-10-26,-0.0025513710199999984,-0.0033248200400000094,-0.003023174922200005,,,,,,,,,,,,,,,,,,0.0,0
2007-11-02,0.00022534912999999657,-0.002146121289999997,-0.0012212478261999996,,,,,,,,,,,,,,,,,,0.0,0
2007-11-09,-0.010273748200000002,0.0,-0.0040067617980000005,,,,,,,,,,,,,,,,,,0.0,0
2007-11-16,-0.0013506805900000002,-0.0015061768399999842,-0.0014455333024999905,,,,,,,,,,,,,,,,,,0.0,0
2007-11-23,-0.002438344290000005,-0.0048089141700000115,-0.0038843919168000092,,,,,,,,,,,,,,,,,,0.0,0
2007-11-30,0.00016986357999999868,0.004641561190000004,0.002897599122100002,,,,,,,,,,,,,,,,,,0.0,0
2007-12-07,0.0018828414400000049,0.003947957919999995,0.003142562492799999,,,,,,,,,,,,,,,,,,0.0,0
2007-12-14,-0.0017388795999999929,0.0012139769600000017,6.23629016000038e-05,,,,,,,,,,,,,,,,,,0.0,0
2007-12-21,0.00010840065999999371,-0.003978630970000008,-0.0023846886343000073,,,,,,,,,,,,,,,,,,0.0,0
2007-12-28,0.0033115805499999984,0.000597648430000014,0.001656081956800008,,,,,,,,,,,,,,,,,,0.0,0
2008-01-04,-0.00018693855000000148,0.006451233959999997,0.003862346681099997,,,,,,,,,,,,,,,,,,0.0,0
2008-01-11,-0.0008399382799999938,0.0015642246400000004,0.0006266011012000027,,,,,,,,,,,,,,,,,,0.0,0
2008-01-18,-0.004155642200000004,-0.006807964840000014,-0.00577355901040001,,,,,,,,,,,,,,,,,,0.0,0
2008-01-25,-0.008574684427999996,-0.00775829167,-0.008076684845619998,,,,,,,,,,,,,,,,,,0.0,0
2008-02-01,0.0031495163779999974,0.008674748480000022,0.006519907960220012,,,,,,,,,,,,,,,,,,0.0,0
2008-02-08,0.004895877999999992,0.0014089143099999812,0.0027688301490999857,,,,,,,,,,,,,,,,,,0.0,0
2008-02-15,0.005154915590000003,0.002266459329999998,0.0033929572714,,,,,,,,,,,,,,,,,,0.0,0
2008-02-22,0.004449820450000003,-0.0012641441899999828,0.0009643020196000115,,,,,,,,,,,,,,,,,,0.0,0
2008-02-29,0.0012078683199999996,0.002707609899999991,0.0021227106837999944,,,,,,,,,,,,,,,,,,0.0,0
2008-03-07,0.002164380940000002,0.00466207817,0.003687976250300001,,,,,,,,,,,,,,,,,,0.0,0
2008-03-14,0.006871253359999996,0.003932429679999988,0.0050785709151999914,,,,,,,,,,,,,,,,,,0.0,0
2008-03-21,-0.00045650472000000053,-0.003102263549999984,-0.0020704176062999904,,,,,,,,,,,,,,,,,,0.0,0
2008-03-28,0.01599015089,-0.0014465156000000035,0.0053537843310999976,,,,,,,,,,,,,,,,,,0.0,0
2008-04-04,0.00362997122,0.010437424720000005,0.007782517855000002,,,,,,,,,,,,,,,,,,0.0,0
2008-04-11,-0.003232166149999993,0.0,-0.0012605447984999974,,,,,,,,,,,,,,,,,,0.0,0
2008-04-18,-0.005006140629999989,-0.0013184991900000165,-0.0027566793516000058,,,,,,,,,,,,,,,,,,0.0,0
2008-04-25,-0.0020440575600000066,-0.006007952619999979,-0.00446203354659999,,,,,,,,,,,,,,,,,,0.0,0
2008-05-02,-0.0011823848999999997,-0.0013610005300000172,-0.0012913404343000104,,,,,,,,,,,,,,,,,,0.0,0
2008-05-09,0.003482660989999997,0.004514773140000011,0.004112249401500005,,,,,,,,,,,,,,,,,,0.0,0
2008-05-16,-0.0004726516000000125,0.0003353378400000051,2.0221958399998233e-05,,,,,,,,,,,,,,,,,,0.0,0
2008-05-23,-0.0003824873799999906,-0.0031218356600000163,-0.0020534898308000064,,,,,,,,,,,,,,,,,,0.0,0
2008-05-30,-0.001387775710000011,-0.0019838011299999903,-0.0017513512161999984,,,,,,,,,,,,,,,,,,0.0,0
2008-06-06,0.008368007650000009,0.0023974753899999868,0.004725982971399995,,,,,,,,,,,,,,,,,,0.0,0
2008-06-13,-0.0030754423000000086,-0.006647143519999982,-0.0052541800441999915,,,,,,,,,,,,,,,,,,0.0,0
2008-06-20,-0.002411061379999996,-0.0011396978100000066,-0.0016355296023000026,,,,,,,,,,,,,,,,,,0.0,0
2008-06-27,-0.004284917459999982,-0.0031127135100000036,-0.003569873050499995,,,,,,,,,,,,,,,,,,0.0,0
2008-07-04,-0.004799429930000015,0.0036086920099999975,0.00032952445339999256,,,,,,,,,,,,,,,,,,0.0,0
2008-07-11,-0.000673962499999986,-0.012479492650000007,-0.007875335891499998,,,,,,,,,,,,,,,,,,0.0,0
2008-07-18,-0.0003189664000000092,-0.0003054976499999862,-0.00031075046249999516,,,,,,,,,,,,,,,,,,0.0,0
2008-07-25,-0.008196240049999998,-0.001511437569999996,-0.004118510537199997,,,,,,,,,,,,,,,,,,0.0,0
2008-08-01,-0.002698626450000005,-0.00017959558999999792,-0.0011620176254000009,,,,,,,,,,,,,,,,,,0.0,0
2008-08-08,0.0001389352399999988,0.0031053338200000002,0.0019484383737999997,,,,,,,,,,,,,,,,,,0.0,0
2008-08-15,-0.004231469830000001,-0.009693402930000011,-0.007563249021000007,,,,,,,,,,,,,,,,,,0.0,0
2008-08-22,0.0012644529899999979,-0.0029794562999999885,-0.0013243316768999937,,,,,,,,,,,,,,,,,,0.0,0
2008-08-29,-0.001157108059999995,-0.001652023330000002,-0.0014590063746999992,,,,,,,,,,,,,,,,,,0.0,0
2008-09-05,-0.0019418292599999998,-0.0031819357900000067,-0.002698294243300004,,,,,,,,,,,,,,,,,,0.0,0
2008-09-12,-0.0019809838500000065,-0.00589389299000001,-0.004367858425400009,,,,,,,,,,,,,,,,,,0.0,0
2008-09-19,-0.011111468984999998,-0.028153472149999983,-0.02150709091564999,,,,,,,,,,,,,,,,,,0.0,0
2008-09-26,-0.004687421385999993,0.0017371104699999973,-0.000768456953839999,,,,,,,,,,,,,,,,,,0.0,0
2008-10-03,-0.00601283019200001,5.790367999999879e-05,-0.0023096825300800046,,,,,,,,,,,,,,,,,,0.0,0
2008-10-10,-0.02458352162099999,-0.006379086680000007,-0.013478816306990002,,,,,,,,,,,,,,,,,,0.0,0
2008-10-17,0.012490048154999996,-0.0006414047100000014,0.004479861907349998,,,,,,,,,,,,,,,,,,0.0,0
2008-10-24,0.00029504395500000447,-0.005750924649999989,-0.0033929968940499913,,,,,,,,,,,,,,,,,,0.0,0
2008-10-31,0.004901433673,0.0003619801499999964,0.002132367023969998,,,,,,,,,,,,,,,,,,0.0,0
2008-11-07,0.003614493139999994,0.008906168810000004,0.0068424152987,,,,,,,,,,,,,,,,,,0.0,0
2008-11-14,-0.0025822487759999957,0.007788139569999991,0.003743688115059996,,,,,,,,,,,,,,,,,,0.0,0
2008-11-21,-0.0030867113020000003,0.0,-0.0012038174077800001,,,,,,,,,,,,,,,,,,0.0,0
2008-11-28,0.0041206097480000065,0.03357014150000001,0.022084824116720008,,,,,,,,,,,,,,,,,,0.0,0
2008-12-05,0.0002817489949999974,-0.023079911060000013,-0.01396886363855001,,,,,,,,,,,,,,,,,,0.0,0
2008-12-12,-0.002087325266000001,0.0029168476599999993,0.0009652202188599992,,,,,,,,,,,,,,,,,,0.0,0
2008-12-19,0.00012840519500000036,0.0031508865900000127,0.001972118845950008,,,,,,,,,,,,,,,,,,0.0,0
2008-12-26,0.0,-0.004959208280000016,-0.0030251170508000095,,,,,,,,,,,,,,,,,,0.0,0
2009-01-02,,,,,,,,,,,,,,,,,,,,,0.0,0
2009-01-09,,,,,,,,,,,,,,,,,,,,,0.0,0
2009-01-16,-0.0032168509820000024,-0.0012737619900000108,-0.0020315666968800075,,,,,,,,,,,,,,,,,,0.0,0
2009-01-23,-7.239551700000124e-05,-0.002047785619999992,-0.0012773834798299958,,,,,,,,,,,,,,,,,,0.0,0
2009-01-30,0.0,0.00382739797999998,0.0023347127677999877,,,,,,,,,,,,,,,,,,0.0,0
2009-02-06,-0.0013361203460000026,-0.003960293739999982,-0.0029368661163399895,,,,,,,,,,,,,,,,,,0.0,0
2009-02-13,-0.0009091479159999971,0.0019841915299999846,0.0008557891460599916,,,,,,,,,,,,,,,,,,0.0,0
2009-02-20,0.00036432963400000185,-0.0004048953699999913,-0.00010489761843999397,,,,,,,,,,,,,,,,,,0.0,0
2009-02-27,0.0010368674189999982,-0.00021701172999999407,0.00027200113811000294,,,,,,,,,,,,,,,,,,0.0,0
2009-03-06,0.0008275618840000026,-0.0012501897400000184,-0.0004398666066400101,,,,,,,,,,,,,,,,,,0.0,0
2009-03-13,0.0011055018120000037,0.00174493554000002,0.0014955563860800138,,,,,,,,,,,,,,,,,,0.0,0
2009-03-20,0.009056881824999988,0.010236484229999981,0.009776439292049983,,,,,,,,,,,,,,,,,,0.0,0
2009-03-27,0.005930727486000001,0.004525928680000013,0.005073800214340008,,,,,,,,,,,,,,,,,,0.0,0
2009-04-03,0.012255940578000002,0.0009982618899999907,0.005388756578319995,,,,,,,,,,,,,,,,,,0.0,0
2009-04-10,0.0022161004300000064,0.008722406170000002,0.006184946931400003,,,,,,,,,,,,,,,,,,0.0,0
2009-04-17,0.0011294037099999904,0.019539965140000004,0.012359846182299999,,,,,,,,,,,,,,,,,,0.0,0
2009-04-24,-0.0009378731499999904,0.001412148420000009,0.0004956400077000091,,,,,,,,,,,,,,,,,,0.0,0
2009-05-01,0.003232820319999996,0.01179827223999999,0.008457745991199993,,,,,,,,,,,,,,,,,,0.0,0
2009-05-08,0.004320396710000007,0.005620798499999996,0.005113641801900001,,,,,,,,,,,,,,,,,,0.0,0
2009-05-15,0.0012094450799999962,0.01913995061000001,0.012147053453300005,,,,,,,,,,,,,,,,,,0.0,0
2009-05-22,0.0031412692799999975,0.00559076746999998,0.004635463175899987,,,,,,,,,,,,,,,,,,0.0,0
2009-05-29,0.01517303192000001,-0.0036367542799999875,0.0036990623380000116,,,,,,,,,,,,,,,,,,0.0,0
2009-06-05,0.005843178970000001,0.0035186480999999936,0.004425215139299997,,,,,,,,,,,,,,,,,,0.0,0
2009-06-12,-0.003865085660000017,0.0074907949300000165,0.003062001499900003,,,,,,,,,,,,,,,,,,0.0,0
2009-06-19,-0.004515463619999993,-0.004348912690000012,-0.004413867552700005,,,,,,,,,,,,,,,,,,0.0,0
2009-06-26,-0.0018855651100000148,0.00303820313,0.0011179335163999942,,,,,,,,,,,,,,,,,,0.0,0
2009-07-03,0.0024339230600000095,0.007909743190000013,0.005774173339300011,,,,,,,,,,,,,,,,,,0.0,0
2009-07-10,-0.00275906271000001,-0.007874665690000004,-0.0058795805278000065,,,,,,,,,,,,,,,,,,0.0,0
2009-07-17,0.002802840460000011,0.009168163970000004,0.006685687801100007,,,,,,,,,,,,,,,,,,0.0,0
2009-07-24,0.015999027530000015,0.033723790789999986,0.0268111331186,,,,,,,,,,,,,,,,,,0.0,0
2009-07-31,0.0025195538599999956,0.0,0.0009826260053999983,,,,,,,,,,,,,,,4.543,2.0,2.654390881048704,0.0,0
2009-08-07,0.01495568056999999,0.009478641499999996,0.011614686737299994,,,,,,,,,,,,,-0.16000000000000014,,5.133,1.25,1.8565016800739884,0.0,0
2009-08-14,-0.0030035112200000047,0.003784532190000023,0.0011371952601000122,,,,,,,,,,,,,0.2569999999999997,-0.16000000000000014,5.39,1.25,1.8565016800739884,0.0,0
2009-08-21,0.003993655779999994,-0.002591774600000041,-2.3456751800027004e-05,,,,,,,,,,,,,-0.22199999999999953,0.2569999999999997,5.168,1.25,1.8565016800739884,0.0,0
2009-08-28,0.005729400940000018,0.0017057995800000003,0.003275004110400007,,,,,,,,,,,,,-0.025000000000000355,-0.22199999999999953,5.143,1.25,1.8565016800739884,0.0,0
2009-09-04,0.000702793079999986,-0.003581444339999962,-0.0019105917461999821,,,,,,,,,,,,,-0.0009999999999994458,-0.025000000000000355,5.142,1.25,1.2021138140682048,0.0,0
2009-09-11,0.0006553980600000064,-0.006608902269999994,-0.0037758251412999943,,,,,,,,,,,,,-0.2160000000000002,-0.0009999999999994458,4.926,1.25,1.2021138140682048,0.0,0
2009-09-18,0.024408334030000006,0.010255788900000007,0.015775281500700008,,,,,,,,,,,,,-0.18700000000000028,-0.2160000000000002,4.739,1.25,1.2021138140682048,0.0,0
2009-09-25,0.011705117299999984,0.0011022234099999917,0.005237352027099989,,,,,,,,,,,,,0.02200000000000024,-0.18700000000000028,4.761,1.25,1.2021138140682048,0.0,0
2009-10-02,0.006335816230000013,-0.0017289573900000077,0.0014163043218000004,,,,,,,,,,,,,-0.18299999999999983,0.02200000000000024,4.578,1.25,0.7116111391515988,0.0,0
2009-10-09,0.01808768444,0.0075345524400000086,0.011650273920000006,,,,,,,,,,,,,-0.2370000000000001,-0.18299999999999983,4.341,1.25,0.7116111391515988,0.0,0
2009-10-16,-0.00441327829999999,-0.00295080298,-0.003521168354799996,,,,,,,,,,,,,0.18900000000000006,-0.2370000000000001,4.53,1.25,0.7116111391515988,0.0,0
2009-10-23,0.003940871049999989,0.0005166214199999741,0.0018520787756999798,,,,,,,,,,,,,0.1459999999999999,0.18900000000000006,4.676,1.25,0.7116111391515988,0.0,0
2009-10-30,-0.018064893989999997,-0.01217980678999997,-0.01447499079799998,,,,,,,,,,,,,-0.012000000000000455,0.1459999999999999,4.664,1.25,0.7116111391515988,0.0,0
2009-11-06,-0.006103502590000004,-0.022347892670000036,-0.016012580538800024,,,,,,,,,,,,,-0.04699999999999971,-0.012000000000000455,4.617,1.25,0.2905201086875648,0.0,0
2009-11-13,0.0014633772500000086,-0.0017734265699999585,-0.0005110730801999712,,,,,,,,,,,,,-0.13600000000000012,-0.04699999999999971,4.481,1.25,0.2905201086875648,0.0,0
2009-11-20,-0.0016092050900000099,0.002352352439999983,0.0008073450032999857,,,,,,,,,,,,,-0.06799999999999962,-0.13600000000000012,4.413,1.25,0.2905201086875648,0.0,0
2009-11-27,-0.006480832110000001,-0.0009028083700000078,-0.003078237628600005,,,,,,,,,,,,,0.020999999999999908,-0.06799999999999962,4.434,1.25,0.2905201086875648,0.0,0
2009-12-04,-0.0006596543200000082,-0.00577394991000002,-0.0037793746299000152,,,,,,,,,,,,,0.06599999999999984,0.020999999999999908,4.5,1.25,0.2474032185063368,0.0,0
2009-12-11,0.008890420480000022,0.00635174726000004,0.007341829815800033,,,,,,,,,,,,,0.1120000000000001,0.06599999999999984,4.612,1.25,0.2474032185063368,0.0,0
2009-12-18,0.0074942827499999976,-0.00012717822000002377,0.0028451915582999843,,,,,,,,,,,,,0.06799999999999962,0.1120000000000001,4.68,1.25,0.2474032185063368,0.0,0
2009-12-25,-0.005209769650000001,0.00032444578000001556,-0.0018338982376999912,,,,,,,,,,,,,0.06899999999999995,0.06799999999999962,4.749,1.25,0.2474032185063368,0.0,0
2010-01-01,-0.004202078080000005,0.0020090896999999663,-0.0004132657342000225,,,,,,,,,,,,,-0.02400000000000002,0.06899999999999995,4.725,1.25,0.4375404898003378,0.0,0
2010-01-08,0.00981132979999999,0.0032161949100000253,0.005788297517100012,,,,,,,,,,,,,-0.08399999999999963,-0.02400000000000002,4.641,1.25,0.4375404898003378,0.0,0
2010-01-15,0.004832927340000015,0.0006545835799999788,0.002284137646399993,,,,,,,,,,,,,0.1280000000000001,-0.08399999999999963,4.769,1.25,0.4375404898003378,0.0,0
2010-01-22,-0.015583993130000001,-0.00032729178999996167,-0.006277405312599978,,,,,,,,,,,,,0.0940000000000003,0.1280000000000001,4.863,1.25,0.4375404898003378,0.0,0
2010-01-29,-0.009348752860000004,0.0,-0.0036460136154000014,,,,,,,,,,,,,0.22599999999999998,0.0940000000000003,5.089,1.25,0.4375404898003378,0.0,0
2010-02-05,-0.008846175680000012,-0.010712512120000017,-0.009984640908400014,,,,,,,,,,,,,0.18599999999999994,0.22599999999999998,5.275,1.25,0.834835278874257,0.0,0
2010-02-12,0.0018346110300000162,-0.0027064513500000276,-0.0009354370218000104,,,,,,,,,,,,,-0.4630000000000001,0.18599999999999994,4.812,1.25,0.834835278874257,0.0,0
2010-02-19,0.003505782319999984,-0.006545835839999986,-0.002625704757599998,,,,,,,,,,,,,0.0129999999999999,-0.4630000000000001,4.825,1.25,0.834835278874257,0.0,0
2010-02-26,-0.009398130079999983,-0.015229440250000004,-0.012955229283699996,,,,,,,,,,,,,-0.2709999999999999,0.0129999999999999,4.554,1.25,0.834835278874257,0.0,0
2010-03-05,0.0001856443799999885,0.0013137769100000085,0.0008738052233000007,,,,,,,,,,,,,0.020999999999999908,-0.2709999999999999,4.575,1.25,0.755428280828087,0.0,0
2010-03-12,-0.0058842636199999965,0.015650425480000008,0.007251896731000006,,,,,,,,,,,,,-0.02400000000000002,0.020999999999999908,4.551,1.25,0.755428280828087,0.0,0
2010-03-19,0.011768527229999992,0.016480240419999986,0.01464267227589999,,,,,,,,,,,,,0.02200000000000024,-0.02400000000000002,4.573,1.25,0.755428280828087,0.0,0
2010-03-26,0.002951056800000018,0.006592096160000005,0.00517209080960001,,,,,,,,,,,,,0.021999999999999353,0.02200000000000024,4.595,1.25,0.755428280828087,0.0,0
2010-04-02,0.0027061239700000017,-0.0009516758600000008,0.0004748660737000003,,,,,,,,,,,,,-0.02400000000000002,0.021999999999999353,4.571,1.25,0.7617743764015548,0.0,0
2010-04-09,0.005752271469999987,0.0004749987100000075,0.0025331350863999993,,,,,,,,,,,,,0.020999999999999908,-0.02400000000000002,4.592,1.25,0.7617743764015548,0.0,0
2010-04-16,-0.000935676629999993,-0.0012174234000000284,-0.0011075421597000145,,,,,,,,,,,,,-0.2289999999999992,0.020999999999999908,4.363,1.25,0.7617743764015548,0.0,0
2010-04-23,0.001717716739999986,-0.001755115829999987,-0.0004007111276999975,,,,,,,,,,,,,0.043999999999999595,-0.2289999999999992,4.407,1.25,0.7617743764015548,0.0,0
2010-04-30,-0.0023171868299999843,0.00046976535999998514,-0.000617145994100003,,,,,,,,,,,,,0.043999999999999595,0.043999999999999595,4.451,1.25,0.7617743764015548,0.0,0
2010-05-07,-0.01283037618000002,-0.0066914991499999465,-0.009085661191699974,,,,,,,,,,,,,0.16000000000000014,0.043999999999999595,4.361,1.5,1.0426401641496585,0.0,0
2010-05-14,0.003341412760000023,-0.002478774390000049,-0.00020890140150002078,,,,,,,,,,,,,-0.04800000000000004,0.16000000000000014,4.313,1.5,1.0426401641496585,0.0,0
2010-05-21,-0.009732270180000002,-0.01018919281999997,-0.010010992990399982,,,,,,,,,,,,,-0.0009999999999994458,-0.04800000000000004,4.312,1.5,1.0426401641496585,0.0,0
2010-05-28,-0.005178286110000013,0.0,-0.0020195315829000054,,,,,,,,,,,,,-0.07000000000000028,-0.0009999999999994458,4.242,1.5,1.0426401641496585,0.0,0
2010-06-04,0.0,-0.0038261702400000097,-0.0023339638464000057,,,,,,,,,,,,,-0.09299999999999997,-0.07000000000000028,4.149,1.5,1.6330652908106356,0.0,0
2010-06-11,0.0,0.00339042853999999,0.0020681614093999937,,,,,,,,,,,,,0.014000000000000234,-0.09299999999999997,3.9130000000000003,1.75,1.6330652908106356,0.0,0
2010-06-18,-0.0008784990500000089,-0.0002001795599999856,-0.0004647241610999947,,,,,,,,,,,,,-0.1070000000000002,0.014000000000000234,3.806,1.75,1.6330652908106356,0.0,0
2010-06-25,-0.00857613169999999,0.0019524010399999958,-0.0021537267285999984,,,,,,,,,,,,,0.02200000000000024,-0.1070000000000002,3.8280000000000003,1.75,1.6330652908106356,0.0,0
2010-07-02,-0.00583855908,0.00044193883999998906,-0.0020074553488000067,,,,,,,,,,,,,-0.11399999999999988,0.02200000000000024,3.7140000000000004,1.75,1.8103323952432584,0.0,0
2010-07-09,-0.0005322816099999905,-0.0023445718099999735,-0.0016377786319999802,,,,,,,,,,,,,-0.14500000000000046,-0.11399999999999988,3.319,2.0,1.8103323952432584,0.0,0
2010-07-16,-0.0028680119099999957,-0.007000100940000004,-0.0053885862183,,,,,,,,,,,,,-0.15299999999999958,-0.14500000000000046,3.1660000000000004,2.0,1.8103323952432584,0.0,0
2010-07-23,0.0006627208999999967,-0.001637548570000008,-0.0007404434767000062,,,,,,,,,,,,,-0.09800000000000075,-0.15299999999999958,3.0679999999999996,2.0,1.8103323952432584,0.0,0
2010-07-30,0.0,0.002748343029999989,0.0016764892482999932,,,,,,,,,,,,,-0.08499999999999996,-0.09800000000000075,2.9829999999999997,2.0,1.8103323952432584,0.0,0
2010-08-06,0.009281474779999993,0.0021201503300000146,0.0049130668655000065,,,,,,,,,,,,,-0.1689999999999996,-0.08499999999999996,2.314,2.5,2.2862518158919327,0.0,0
2010-08-13,0.004195303610000006,0.0015816994600000023,0.002601005078500004,,,,,,,,,,,,,-0.23500000000000032,-0.1689999999999996,2.0789999999999997,2.5,2.2862518158919327,0.0,0
2010-08-20,0.0006191677199999801,0.0002629568199999932,0.00040187907099998807,,,,,,,,,,,,,-0.09199999999999964,-0.23500000000000032,1.987,2.5,2.2862518158919327,0.0,0
2010-08-27,-0.00031013767999998887,0.008098263010000023,0.004818986740900018,,,,,,,,,,,,,0.17799999999999994,-0.09199999999999964,2.165,2.5,2.2862518158919327,0.0,0
2010-09-03,0.005904919439999989,0.013316028089999987,0.010425695716499987,,,,,,,,,,,,,-0.06299999999999972,0.17799999999999994,2.1020000000000003,2.5,2.3414302152556665,0.0,0
2010-09-10,0.0005968955100000006,0.014917268129999994,0.009332322808199997,,,,,,,,,,,,,0.1200000000000001,-0.06299999999999972,1.7220000000000004,3.0,2.3414302152556665,0.0,0
2010-09-17,0.00652516077000001,0.024359126299999978,0.017403879743299988,,,,,,,,,,,,,0.058999999999999275,0.1200000000000001,1.7809999999999997,3.0,2.3414302152556665,0.0,0
2010-09-24,0.020219321449999994,0.012498659660000022,0.01550971775810001,,,,,,,,,,,,,0.010000000000000675,0.058999999999999275,1.7910000000000004,3.0,2.3414302152556665,0.0,0
2010-10-01,0.009942319170000019,-0.013939437639999996,-0.00462555248409999,,,,,,,,,,,,,-0.1880000000000006,0.010000000000000675,1.6029999999999998,3.0,2.0770825238337203,0.0,0
2010-10-08,0.0024855797999999985,-0.003982696469999991,-0.0014600687246999952,,,,,,,,,,,,,-0.10400000000000009,-0.1880000000000006,1.4989999999999997,3.0,2.0770825238337203,0.0,0
2010-10-15,0.0,0.0035844268199999862,0.0021865003601999914,,,,,,,,,,,,,0.010000000000000675,-0.10400000000000009,1.5090000000000003,3.0,2.0770825238337203,0.0,0
2010-10-22,-0.0037283696900000107,-0.00557577506000001,-0.004855286965700011,,,,,,,,,,,,,-0.04300000000000015,0.010000000000000675,1.4660000000000002,3.0,2.0770825238337203,0.0,0
2010-10-29,0.002095116179999995,-0.0005362697199999822,0.000489970781000009,,,,,,,,,,,,,-0.10000000000000053,-0.04300000000000015,1.3659999999999997,3.0,2.0770825238337203,0.0,0
2010-11-05,0.0037216760300000096,0.017889957929999978,0.01236432798899999,,,,,,,,,,,,,0.05600000000000005,-0.10000000000000053,1.4219999999999997,3.0,2.19705544130469,0.0,0
2010-11-12,-0.0018817363199999937,-0.002947461409999963,-0.002531828624899975,,,,,,,,,,,,,0.35300000000000065,0.05600000000000005,1.7750000000000004,3.0,2.19705544130469,0.0,0
2010-11-19,0.00678696862,0.0032314289899999515,0.0046180894456999706,,,,,,,,,,,,,0.20199999999999996,0.35300000000000065,1.9770000000000003,3.0,2.19705544130469,0.0,0
2010-11-26,0.020764513469999996,0.0008443235600000265,0.008613197624900015,,,,,,,,,,,,,-0.020999999999999908,0.20199999999999996,1.9560000000000004,3.0,2.19705544130469,0.0,0
2010-12-03,-0.0013955509700000202,-0.0011247667200000033,-0.0012303725775000098,,,,,,,,,,,,,0.07699999999999996,-0.020999999999999908,2.0330000000000004,3.0,2.0584147822598102,0.0,0
2010-12-10,-0.0056189020399999845,-0.0019631021600000076,-0.0033888641131999985,,,,,,,,,,,,,-0.023000000000000576,0.07699999999999996,2.01,3.0,2.0584147822598102,0.0,0
2010-12-17,-0.006850563929999998,0.001117780590000006,-0.0019898737727999955,,,,,,,,,,,,,0.5090000000000003,-0.023000000000000576,2.519,3.0,2.0584147822598102,0.0,0
2010-12-24,0.004770758520000001,0.0031028890500000017,0.0037533581433000012,,,,,,,,,,,,,-0.18299999999999983,0.5090000000000003,2.3360000000000003,3.0,2.0584147822598102,0.0,0
2010-12-31,0.0006982203900000039,0.0,0.0002723059521000015,,,,,,,,,,,,,-0.0600000000000005,-0.18299999999999983,2.276,3.0,2.0584147822598102,0.0,0
2011-01-07,-0.006184237720000013,0.00039542486999999404,-0.002170643540100009,,,,,,,,,,,,,-0.032999999999999474,-0.0600000000000005,1.9930000000000003,3.25,2.152934853528749,0.0,0
2011-01-14,-0.006522871920000006,0.0017165840500000251,-0.0014968037782999873,,,,,,,,,,,,,-0.1120000000000001,-0.032999999999999474,1.8810000000000002,3.25,2.152934853528749,0.0,0
2011-01-21,0.0004053705800000085,0.004160738019999999,0.002696144718400003,,,,,,,,,,,,,0.008999999999999453,-0.1120000000000001,1.8899999999999997,3.25,2.152934853528749,0.0,0
2011-01-28,0.008629150229999993,0.03514693687999998,0.024805000086499985,,,,,,,,,,,,,0.06500000000000039,0.008999999999999453,1.955,3.25,2.152934853528749,0.0,0
2011-02-04,0.009376822529999995,0.0,0.0036569607866999984,,,,,,,,,,,,,0.05400000000000027,0.06500000000000039,2.0090000000000003,3.25,2.212748080653542,0.0,0
2011-02-11,-0.0069590065699999815,-0.006719719329999985,-0.006813041353599983,,,,,,,,,,,,,0.14499999999999957,0.05400000000000027,1.904,3.5,2.212748080653542,0.0,0
2011-02-18,-0.004705398269999994,-0.03209245271,-0.021411501478399996,,,,,,,,,,,,,0.0,0.14499999999999957,1.904,3.5,2.212748080653542,0.0,0
2011-02-25,-0.005116659709999999,-0.006586787300000008,-0.006013437539900005,,,,,,,,,,,,,0.6639999999999997,0.0,2.5679999999999996,3.5,2.212748080653542,0.0,0
2011-03-04,-0.0011572046400000202,0.006586787300000008,0.0035666304433999967,,,,,,,,,,,,,-0.875,0.6639999999999997,1.6929999999999996,3.5,2.634404258199463,0.0,0
2011-03-11,-0.007066590890000002,-0.007154183950000004,-0.007120022656600002,,,,,,,,,,,,,0.0,-0.875,1.4429999999999996,3.75,2.634404258199463,0.0,0
2011-03-18,-0.0023442056299999847,0.001939160389999972,0.00026864764219998894,,,,,,,,,,,,,0.031000000000000583,0.0,1.4740000000000002,3.75,2.634404258199463,0.0,0
2011-03-25,0.00280292788,0.014854303419999992,0.010154266959399996,,,,,,,,,,,,,0.23299999999999965,0.031000000000000583,1.7069999999999999,3.75,2.634404258199463,0.0,0
2011-04-01,-0.006275360830000021,-0.0034127270899999562,-0.004529154248599981,,,,,,,,,,,,,0.015000000000000568,0.23299999999999965,1.7220000000000004,3.75,3.2899598301747903,0.0,0
2011-04-08,-0.004257864199999989,-0.020696810460000048,-0.014285621418600025,,,,,,,,,,,,,0.006999999999999673,0.015000000000000568,1.479,4.0,3.2899598301747903,0.0,0
2011-04-15,-0.011834782319999987,-0.02272102243999996,-0.018475388793199973,,,,,,,,,,,,,0.22499999999999964,0.006999999999999673,1.7039999999999997,4.0,3.2899598301747903,0.0,0
2011-04-22,-0.004088744470000016,-0.001006146270000008,-0.002208359568000011,,,,,,,,,,,,,0.018000000000000682,0.22499999999999964,1.7220000000000004,4.0,3.2899598301747903,0.0,0
2011-04-29,0.010246899720000008,-0.004353179510000027,0.0013408513896999864,,,,,,,,,,,,,0.026999999999999247,0.018000000000000682,1.7489999999999997,4.0,3.2899598301747903,0.0,0
2011-05-06,0.022662343949999997,-0.001531338790000003,0.007904197478599996,,,,,,,,,,,,,-0.34299999999999997,0.026999999999999247,1.4059999999999997,4.0,3.0283940911024696,0.0,0
2011-05-13,0.008658711250000006,0.01409414064000003,0.011974323177900021,,,,,,,,,,,,,-0.05999999999999961,-0.34299999999999997,1.096,4.25,3.0283940911024696,0.0,0
2011-05-20,0.0022040355899999864,0.003128835930000018,0.0027681637974000055,,,,,,,,,,,,,-0.09499999999999975,-0.05999999999999961,1.0010000000000003,4.25,3.0283940911024696,0.0,0
2011-05-27,0.0,0.0,0.0,,,,,,,,,,,,,-0.051000000000000156,-0.09499999999999975,0.9500000000000002,4.25,3.0283940911024696,0.0,0
2011-06-03,-0.006759042480000005,0.0,-0.002636026567200002,,,,,,,,,,,,,0.09600000000000009,-0.051000000000000156,1.0460000000000003,4.25,2.8766884253303697,0.0,0
2011-06-10,-0.006759042479999977,-0.0004141768400000023,-0.0028886744395999926,,,,,,,,,,,,,-0.07900000000000063,0.09600000000000009,0.9669999999999996,4.25,2.8766884253303697,0.0,0
2011-06-17,-0.01360379744000001,-0.008904802140000001,-0.010737410307000005,,,,,,,,,,,,,0.007000000000000561,-0.07900000000000063,0.9740000000000002,4.25,2.8766884253303697,0.0,0
2011-06-24,-0.010703277379999987,0.00010320645000000406,-0.004111322243699992,,,,,,,,,,,,,-0.04499999999999993,0.007000000000000561,0.9290000000000003,4.25,2.8766884253303697,0.0,0
2011-07-01,-0.002586436980000023,-0.0030045544200000274,-0.0028414886184000257,,,,,,,,,,,,,-0.004000000000000448,-0.04499999999999993,0.9249999999999998,4.25,3.3056853730036635,0.0,0
2011-07-08,0.00367632469000001,-0.01065801297000002,-0.005067621282600007,,,,,,,,,,,,,-0.08699999999999974,-0.004000000000000448,0.8380000000000001,4.25,3.3056853730036635,0.0,0
2011-07-15,0.0013617118600000033,0.002920477740000038,0.0023125590468000244,,,,,,,,,,,,,0.006999999999999673,-0.08699999999999974,0.8449999999999998,4.25,3.3056853730036635,0.0,0
2011-07-22,0.023489529479999993,0.02628429968000001,0.025194339302000004,,,,,,,,,,,,,-0.1979999999999995,0.006999999999999673,0.6470000000000002,4.25,3.3056853730036635,0.0,0
2011-07-29,-0.007148987229999987,-0.00721233678000005,-0.007187630455500025,,,,,,,,,,,,,-0.040000000000000036,-0.1979999999999995,0.6070000000000002,4.25,3.3056853730036635,0.0,0
2011-08-05,-0.01843156511000002,-0.014252717829999983,-0.0158824682692,,,,,,,,,,,,,-0.17600000000000016,-0.040000000000000036,0.43100000000000005,4.25,3.3029882294334674,0.0,0
2011-08-12,0.004814446560000019,-0.020256055999999967,-0.010478560001599972,,,,,,,,,,,,,0.13999999999999968,-0.17600000000000016,0.5709999999999997,4.25,3.3029882294334674,0.0,0
2011-08-19,-0.00610584099,-0.0020860555300000194,-0.003653771859400012,,,,,,,,,,,,,-0.2729999999999997,0.13999999999999968,0.29800000000000004,4.25,3.3029882294334674,0.0,0
2011-08-26,-0.0034105260199999987,0.0004707978599999829,-0.00104291845320001,,,,,,,,,,,,,0.006000000000000227,-0.2729999999999997,0.30400000000000027,4.25,3.3029882294334674,0.0,0
2011-09-02,0.010838366429999996,-9.429773999997115e-05,0.004169441286300016,,,,,,,,,,,,,-0.13700000000000045,0.006000000000000227,0.16699999999999982,4.25,3.669180798629575,0.0,0
2011-09-09,-0.005454839850000004,0.0,-0.0021273875415000016,,,,,,,,,,,,,0.08199999999999985,-0.13700000000000045,0.24899999999999967,4.25,3.669180798629575,0.0,0
2011-09-16,0.001566243470000006,4.071098999997025e-05,0.0006356686571999843,,,,,,,,,,,,,0.20999999999999996,0.08199999999999985,0.45899999999999963,4.25,3.669180798629575,0.0,0
2011-09-23,-0.020816519670000005,-0.01020110535999999,-0.014341116940899994,,,,,,,,,,,,,-0.0019999999999997797,0.20999999999999996,0.45699999999999985,4.25,3.669180798629575,0.0,0
2011-09-30,-0.0037314185900000074,0.0013236126800000025,-0.0006478495153000014,,,,,,,,,,,,,0.2839999999999998,-0.0019999999999997797,0.7409999999999997,4.25,3.669180798629575,0.0,0
2011-10-07,0.007162277610000017,-0.0006258997599999927,0.0024114894143000116,,,,,,,,,,,,,-0.20199999999999996,0.2839999999999998,0.5389999999999997,4.25,4.125752909763215,0.0,0
2011-10-14,0.014956669449999987,0.007280102449999992,0.01027396357999999,,,,,,,,,,,,,-0.1609999999999996,-0.20199999999999996,0.3780000000000001,4.25,4.125752909763215,0.0,0
2011-10-21,0.0046847280900000066,0.00018699358000001665,0.0019411100389000128,,,,,,,,,,,,,0.04800000000000004,-0.1609999999999996,0.42600000000000016,4.25,4.125752909763215,0.0,0
2011-10-28,0.013731375099999998,0.00015037904999998242,0.005446967509499989,,,,,,,,,,,,,0.04099999999999948,0.04800000000000004,0.46699999999999964,4.25,4.125752909763215,0.0,0
2011-11-04,-0.005433421630000018,0.0016398460600000053,-0.0011187283391000038,,,,,,,,,,,,,-0.4889999999999999,0.04099999999999948,-0.02200000000000024,4.25,4.549270525933372,0.0,0
2011-11-11,0.002127520390000026,0.0008016322000000131,0.0013187285941000182,,,,,,,,,,,,,0.08000000000000007,-0.4889999999999999,0.05799999999999983,4.25,4.549270525933372,0.0,0
2011-11-18,-0.009567624000000025,-0.00013572193999999982,-0.0038141637434000097,,,,,,,,,,,,,0.03900000000000059,0.08000000000000007,0.09700000000000042,4.25,4.549270525933372,0.0,0
2011-11-25,-0.008570058229999983,,,,,,,,,,,,,,,0.11299999999999955,0.03900000000000059,0.20999999999999996,4.25,4.549270525933372,0.0,0
2011-12-02,0.005087312240000003,,,,,,,,,,,,,,,-0.07699999999999996,0.11299999999999955,0.133,4.25,4.641713325145806,0.0,0
2011-12-09,-0.002760502009999999,0.0,-0.0010765957838999997,,,,,,,,,,,,,-0.017000000000000348,-0.07699999999999996,0.11599999999999966,4.25,4.641713325145806,0.0,0
2011-12-16,-0.005091892270000009,-0.001076709979999979,-0.002642631073099991,,,,,,,,,,,,,-0.07200000000000006,-0.017000000000000348,0.043999999999999595,4.25,4.641713325145806,0.0,0
2011-12-23,0.005239103629999992,0.0014593505700000176,0.002933454263400008,,,,,,,,,,,,,-0.0029999999999992255,-0.07200000000000006,0.04100000000000037,4.25,4.641713325145806,0.0,0
2011-12-30,0.002407523220000013,,,,,,,,,,,,,,,-0.04400000000000048,-0.0029999999999992255,-0.0030000000000001137,4.25,4.641713325145806,0.0,0
2012-01-06,0.006691894360000006,,,,,,,,,,,,,-0.04293487301962047,0.01637606801361067,0.0389999999999997,-0.04400000000000048,0.03599999999999959,4.25,4.1499552369751305,0.0,0
2012-01-13,0.004731697139999991,0.0013649105699999886,0.0026779573322999895,,,,,,,,,,,-0.19651028892920935,0.039567264990128304,0.1880000000000006,0.0389999999999997,0.2240000000000002,4.25,4.1499552369751305,0.0,0
2012-01-20,0.0070784068399999955,-0.0019229696499999949,0.0015875671811000015,,,,,,,,,,,0.11088652593733761,0.01415058979960776,-0.04499999999999993,0.1880000000000006,0.17900000000000027,4.25,4.1499552369751305,0.0,0
2012-01-27,-0.0021047801999999893,9.59803600000253e-05,-0.0007623162583999804,,,,,,,,,,,0.20537996498358582,0.03373876280906179,-0.1720000000000006,-0.04499999999999993,0.006999999999999673,4.25,4.1499552369751305,0.0,0
2012-02-03,0.008913276179999985,0.0009637430700000227,0.004064060982900008,,,,,,,,,,,-0.07593255022273594,0.03636146590958222,-0.08599999999999941,-0.1720000000000006,-0.07899999999999974,4.25,4.0925428146617016,0.0,0
2012-02-10,0.0025281210399999976,-0.0006753733500000081,0.0005739894620999942,,,,,,,,,,,0.09672058405151598,-0.026061744666205387,-0.04499999999999993,-0.08599999999999941,-0.12399999999999967,4.25,4.0925428146617016,0.0,0
2012-02-17,0.0017182384800000228,-0.0010246062300000025,4.510320690000733e-05,,,,,,,,,,,-0.1120561093313031,0.0010786141578638941,0.01699999999999946,-0.04499999999999993,-0.1070000000000002,4.25,4.0925428146617016,0.0,0
2012-02-24,0.007944350089999996,0.012951711499999963,0.010998840550099975,,,,,,,,,,,0.22928636607265052,0.011874744132101073,-0.12599999999999945,0.01699999999999946,-0.23299999999999965,4.25,4.0925428146617016,0.0,0
2012-03-02,0.003565058489999995,0.017760723350000007,0.012224414054600003,,,,,,,,,,,0.19042104458779222,0.004033948243428712,-0.1850000000000005,-0.12599999999999945,-0.41800000000000015,4.25,4.156090807896197,0.0,0
2012-03-09,-0.0012024207999999925,0.006306086039999992,0.0033777683723999977,,,,,,,,,,,-0.24086923180538833,0.005002994005082312,0.07699999999999996,-0.1850000000000005,-0.3410000000000002,4.25,4.156090807896197,0.0,0
2012-03-16,-9.016061000000075e-05,0.009449717970000049,0.00572916532380003,,,,,,,,,,,0.19282895269589362,-0.017549583945724354,-0.10399999999999965,0.07699999999999996,-0.44499999999999984,4.25,4.156090807896197,0.0,0
2012-03-23,-0.0018362481499999972,0.016044704559999956,0.009071133003099974,,,,,,,,,,,-0.07745449400090082,0.0009236616566703251,0.016000000000000014,-0.10399999999999965,-0.4289999999999998,4.25,4.156090807896197,0.0,0
2012-03-30,0.011298505119999969,0.0003601573800000035,0.00462611299859999,,,,,,,,,,,-0.120285616227224,0.02994927645668199,0.03799999999999981,0.016000000000000014,-0.391,4.25,4.156090807896197,0.0,0
2012-04-06,0.00882390932999999,0.021361333819999995,0.016471738268899992,,,,,,,,,,,-0.007759297245348698,-0.005557617717688666,-0.02300000000000013,0.03799999999999981,-0.41400000000000015,4.25,4.006717959454937,0.0,0
2012-04-13,-0.004287970489999959,0.001157708720000039,-0.0009661061718999604,,,,,,,,,,,0.1986204795002084,-0.01585533805420804,-0.14399999999999968,-0.02300000000000013,-0.5579999999999998,4.25,4.006717959454937,0.0,0
2012-04-20,0.003497573669999976,0.0043150683500000064,0.0039962454247999945,,,,,,,,,,,-0.36500867637939494,0.0031290406587195746,0.11599999999999966,-0.14399999999999968,-0.44200000000000017,4.25,4.006717959454937,0.0,0
2012-04-27,0.005100913139999996,-0.0019513020700000494,0.0007990618618999685,,,,,,,,,,,0.3066070372967517,-0.016661405908256554,-0.1429999999999998,0.11599999999999966,-0.585,4.25,4.006717959454937,0.0,0
2012-05-04,-0.004319848359999989,-0.0018783170799999693,-0.0028305142791999775,,,,,,,,,,,-0.1979561152299401,-0.0402592979999672,-0.06300000000000017,-0.1429999999999998,-0.6480000000000001,4.25,4.069684673721846,0.0,0
2012-05-11,-0.006149695090000018,-0.003632696649999989,-0.0046143260416000005,,,,,,,,,,,-0.02361427860981813,-0.017354331964080226,0.07600000000000007,-0.06300000000000017,-0.5720000000000001,4.25,4.069684673721846,0.0,0
2012-05-18,-0.01919619188999999,-0.005299361750000009,-0.010719125504600002,,,,,,,,,,,0.11506823774267068,-0.05182417188839615,0.07699999999999996,0.07600000000000007,-0.4950000000000001,4.25,4.069684673721846,0.0,0
2012-05-25,-0.0042177749099999995,0.003979014860000019,0.0007822668497000113,,,,,,,,,,,-0.55269374152464,0.023863333842982344,0.367,0.07699999999999996,-0.1280000000000001,4.25,4.069684673721846,0.0,0
2012-06-01,-0.006227002669999981,-6.703083000003662e-05,-0.002469419847600015,,,,,,,,,,,0.6613145916079484,-0.01598071466829534,-0.33299999999999974,0.367,-0.46099999999999985,4.25,3.9338463045854937,0.0,0
2012-06-08,0.006821572619999994,0.002185122149999996,0.003993337833299995,,,,,,,,,,,-0.23488364431932357,0.013720942006759506,-0.04400000000000004,-0.33299999999999974,-0.5049999999999999,4.25,3.9338463045854937,0.0,0
2012-06-15,0.005001089779999995,-0.0012062227599999864,0.0012146291306000066,,,,,,,,,,,0.38909335251567684,-0.02297142343417518,-0.2230000000000003,-0.04400000000000004,-0.7280000000000002,4.25,3.9338463045854937,0.0,0
2012-06-22,0.0035481981000000107,0.008916800230000022,0.0068230453993000165,,,,,,,,,,,-0.0507762585520406,0.002055758042162509,0.016000000000000014,-0.2230000000000003,-0.7120000000000002,4.25,3.9338463045854937,0.0,0
2012-06-29,-0.005489167850000004,-0.008916800230000022,-0.007580023601800014,,,,,,,,,,,-0.0872938158958026,-0.022095710470495935,0.017000000000000348,0.016000000000000014,-0.6949999999999998,4.25,3.9338463045854937,0.0,0
2012-07-06,0.005669096550000002,0.003664431020000025,0.004446250576700016,,,,,,,,,,,-0.003249608043518537,0.02339648429821658,-0.1030000000000002,0.017000000000000348,-0.798,4.25,3.231252830489596,0.0,0
2012-07-13,0.005129027079999987,0.002285124209999989,0.0033942463292999884,,,,,,,,,,,0.2655278683855385,-0.03249788325013926,-0.2829999999999999,-0.1030000000000002,-1.081,4.25,3.231252830489596,0.0,0
2012-07-20,0.0005334215399999953,-0.0009187876000000261,-0.0003524260354000178,,,,,,,,,,,-0.05966172024095373,-0.00567981713242151,0.004999999999999893,-0.2829999999999999,-1.076,4.25,3.231252830489596,0.0,0
2012-07-27,-0.001181844749999994,0.000555506600000033,-0.00012206042649997749,,,,,,,,,,,-0.1016428269925338,-0.008617679049558223,0.03500000000000014,0.004999999999999893,-1.041,4.25,3.231252830489596,0.0,0
2012-08-03,0.002113733020000008,0.0007585494599999798,0.001287071048399991,,,,,,,,,,,0.21411741148467833,-0.010737439490256713,-0.22199999999999998,0.03500000000000014,-1.263,4.25,3.473835693599257,0.0,0
2012-08-10,0.002355028069999987,0.0010869126699999954,0.001581477675999992,,,,,,,,,,,0.01921684361650633,0.00861804479191111,0.06099999999999994,-0.22199999999999998,-1.202,4.25,3.473835693599257,0.0,0
2012-08-17,0.002457910940000002,0.0006638879399999964,0.0013635569099999987,,,,,,,,,,,-0.25513624855299577,0.030564463693600108,0.30299999999999994,0.06099999999999994,-0.899,4.25,3.473835693599257,0.0,0
2012-08-24,0.0017912791700000208,-0.0006923141299999824,0.00027628725700001893,,,,,,,,,,,0.24748911157821907,-0.005701189111557353,-0.17799999999999994,0.30299999999999994,-1.077,4.25,3.473835693599257,0.0,0
2012-08-31,-0.0006374665100000176,0.0017339331799999802,0.0008090873008999809,,,,,,,,,,,0.20149028171955563,0.0046907986299994766,-0.0990000000000002,-0.17799999999999994,-1.1760000000000002,4.25,3.473835693599257,0.0,0
2012-09-07,0.0023118067300000322,-0.001335327850000012,8.705463620000526e-05,,,,,,,,,,,-0.32032175610671854,0.0068967610371985875,0.11000000000000032,-0.0990000000000002,-1.0659999999999998,4.25,3.6823577378584043,0.0,0
2012-09-14,0.01404555075999997,0.0059869909500000484,0.009129829275900017,,,,,,,,,,,0.014133193970807145,0.07447833728609947,0.03399999999999981,0.11000000000000032,-1.032,4.25,3.6823577378584043,0.0,0
2012-09-21,-0.00030877711999999224,0.0005435509599999722,0.00021114300879998606,,,,,,,,,,,0.19509472248786897,-0.02431077774659546,-0.19499999999999984,0.03399999999999981,-1.2269999999999999,4.25,3.6823577378584043,0.0,0
2012-09-28,-0.0001933336800000185,-0.004792610410000009,-0.0029988924853000124,,,,,,,,,,,-0.027555884239468864,-0.00977876238038997,-0.01200000000000001,-0.19499999999999984,-1.2389999999999999,4.25,3.6823577378584043,0.0,0
2012-10-05,0.0003214419900000043,-0.0018784660699999733,-0.0010205019265999821,,,,,,,,,,,-0.16486047016727484,0.004049759982304155,-0.03500000000000014,-0.01200000000000001,-1.274,4.25,3.204183970032,0.0,0
2012-10-12,-0.0007889174599999826,-0.002155692759999994,-0.0016226503929999895,,,,,,,,,,,0.071529238357732,-0.020332810134704025,-0.07900000000000018,-0.03500000000000014,-1.3530000000000002,4.25,3.204183970032,0.0,0
2012-10-19,-0.0012860213099999962,-0.004429998340000019,-0.00320384729830001,,,,,,,,,,,-0.005627444168120221,0.005422169419131609,-0.004999999999999893,-0.07900000000000018,-1.358,4.25,3.204183970032,0.0,0
2012-10-26,-0.005929367299999988,-0.00292140112,-0.004094507930199996,,,,,,,,,,,-0.32548740010154165,-0.023868837072083128,0.17500000000000027,-0.004999999999999893,-1.1829999999999998,4.25,3.204183970032,0.0,0
2012-11-02,0.0008009851399999879,0.001042587220000002,0.0009483624087999964,,,,,,,,,,,0.5658731692274057,-0.005568332454190104,-0.2190000000000003,0.17500000000000027,-1.4020000000000001,4.25,2.635292274523033,0.0,0
2012-11-09,0.004259336329999974,-0.013918399640000023,-0.006829082611700023,,,,,,,,,,,-0.28531016903069445,0.0036503141943367468,0.10600000000000032,-0.2190000000000003,-1.2959999999999998,4.25,2.635292274523033,0.0,0
2012-11-16,0.001302706049999991,0.0006229121200000409,0.0008880317527000215,,,,,,,,,,,0.10293307407229318,-0.044591519950908244,0.03399999999999981,0.10600000000000032,-1.262,4.25,2.635292274523033,0.0,0
2012-11-23,0.010658727970000004,-0.0045005068200000276,0.0014115947480999843,,,,,,,,,,,-0.06868109864461414,0.022190662334542633,0.015000000000000124,0.03399999999999981,-1.2469999999999999,4.25,2.635292274523033,0.0,0
2012-11-30,0.004510488760000042,0.013702737460000003,0.010117760467000017,,,,,,,,,,,-0.6464952769227,-0.0175855409408623,-0.06200000000000028,0.015000000000000124,-1.3090000000000002,4.25,2.635292274523033,0.0,0
2012-12-07,0.007353351979999978,0.0005669270199999965,0.0032136327543999896,,,,,,,,,,,-0.016450698252512566,-0.0023226194195294825,0.025000000000000355,-0.06200000000000028,-1.2839999999999998,4.25,2.623158585872601,0.0,0
2012-12-14,-0.0010786023700000147,0.007663358060000014,0.004253993492300003,,,,,,,,,,,-0.0589237710988359,0.01766956494483208,0.06199999999999983,0.025000000000000355,-1.222,4.25,2.623158585872601,0.0,0
2012-12-21,0.0027786380400000033,0.008257307509999978,0.0061206264166999876,,,,,,,,,,,-0.005627444168119861,0.00882364704345841,0.03399999999999981,0.06199999999999983,-1.1880000000000002,4.25,2.623158585872601,0.0,0
2012-12-28,0.019752602790000018,0.000824206350000023,0.008206280961600022,-0.004586070575682357,,-0.004586070575682357,,,,,,,,-0.007021348103231961,0.013571047007491793,-0.0029999999999996696,0.03399999999999981,-1.1909999999999998,4.25,2.623158585872601,0.0,0
2013-01-04,0.012019839089999984,0.009854382029999997,0.010698910283399993,-0.00411513664922578,-0.0070384232914689525,-0.005576779970347366,-0.005898341500994116,,,,,,,0.02782625027454469,0.035198810622876234,0.07399999999999984,-0.0029999999999996696,-1.117,4.25,2.839897919626702,0.0,0
2013-01-11,0.0053183490300000025,0.019267374160000017,0.013827254359300012,-0.004153456121093203,-0.0065109692602001844,-0.005332212690646694,-0.005591539135948462,,,,,,,-0.07146890651483503,0.0359763490033699,0.06599999999999984,0.07399999999999984,-1.0510000000000002,4.25,2.839897919626702,0.0,0
2013-01-18,-0.0006213025999999844,0.03126409308,0.018828788764800007,-0.004213770547560148,-0.0033999071105731207,-0.0038068388290666342,-0.003717313850998061,,,,,,,0.30111341590543206,-0.03183234753460763,-0.15399999999999991,0.06599999999999984,-1.205,4.25,2.839897919626702,0.0,0
2013-01-25,0.0019388050099999887,0.0023752486499999947,0.0022050356303999923,-0.0037339570376720556,-0.0029459277456476913,-0.003339942391659873,-0.0032532591695371934,,,,,,,-0.049494420949556354,-0.014154964610086772,0.05500000000000016,-0.15399999999999991,-1.15,4.25,2.839897919626702,0.0,0
2013-02-01,0.0042155097600000135,0.009572716469999965,0.007483405853099983,-0.004336455082539813,-0.003659255417721448,-0.00399785525013063,-0.00392336328700061,,,,,,,-0.22635623201040903,0.0319914138805069,0.23499999999999988,0.05500000000000016,-0.915,4.25,2.4249890269392225,0.0,0
2013-02-08,-0.0033339545100000145,-0.012223981589999988,-0.008756871028799998,-0.005124572894203594,-0.004128591152955639,-0.004626582023579616,-0.004517024032042341,,,,,,,0.19806804646197454,-0.007951795160313031,-0.04499999999999993,0.23499999999999988,-0.96,4.25,2.4249890269392225,0.0,0
2013-02-15,-0.0006948292899999764,0.0011223666899999873,0.0004136602578000015,-0.005163920658474519,-0.004818172904474692,-0.004991046781474605,-0.004953014528534624,,,,,,,-0.03366951156858949,-0.026012326020191684,0.03600000000000003,-0.04499999999999993,-0.9239999999999999,4.25,2.4249890269392225,0.0,0
2013-02-22,0.0006445441899999849,0.0013167408800000002,0.0010545841708999941,-0.005398990691604172,-0.005017801184209536,-0.005208395937906854,-0.005166465092093444,,,,,,,-0.07630657311316216,-0.022407160167320594,0.04899999999999993,0.03600000000000003,-0.875,4.25,2.4249890269392225,0.0,0
2013-03-01,0.006514878499999988,0.05929884740000002,0.03871309952900001,-0.005457625800368031,-0.011686361354629266,-0.00857199357749865,-0.009257154488467385,,,,,,,-0.04719270230238759,-0.004472612439804991,-0.07100000000000017,0.04899999999999993,-0.9460000000000002,4.25,2.5677987878363053,0.0,0
2013-03-08,0.0067279747200000295,-0.015510622630000026,-0.006837569663500004,-0.005598290397115829,-0.01148480920581384,-0.008541549801464834,-0.009189066870421616,,,,,,,-0.19093467318876484,-0.012569724596691388,0.0900000000000003,-0.07100000000000017,-0.8559999999999999,4.25,2.5677987878363053,0.0,0
2013-03-15,-0.01954987421000004,0.004233324290000007,-0.005042123125000012,-0.009454865021531682,-0.012144241476282173,-0.010799553248906928,-0.011095384658929482,,,,,,,0.2319101852446252,-0.0038525271295547004,-0.02499999999999991,0.0900000000000003,-0.8809999999999998,4.25,2.5677987878363053,0.0,0
2013-03-22,0.013539374220000011,-0.005850261789999978,0.0017116962539000186,-0.010339836729471974,-0.011023330115464821,-0.010681583422468399,-0.010756767694927612,,,,,,,-0.1537912330355099,-0.00957713032021667,0.01599999999999957,-0.02499999999999991,-0.8650000000000002,4.25,2.5677987878363053,0.0,0
2013-03-29,-0.003996175150000003,-0.010252183999999998,-0.0078123405485,-0.009815831263976237,-0.011071359122605862,-0.01044359519329105,-0.01058170325774031,,,,,,,-0.012104997748930979,-0.007011580368654813,-0.022999999999999687,0.01599999999999957,-0.8879999999999999,4.25,2.5677987878363053,0.0,0
2013-04-05,0.000772079700000039,0.00017277072999999366,0.00040650122830001136,-0.009431881701521736,-0.010344026462817313,-0.009887954082169526,-0.009988290005912039,,,,,,,0.6252370779933107,-0.03925059488735821,-0.5230000000000001,-0.022999999999999687,-1.411,4.25,2.288645064478823,0.0,0
2013-04-12,0.0021677845799999984,-0.00829726356999999,-0.004215894791499994,-0.009359087674013795,-0.010398320254009934,-0.009878703964011864,-0.009993019547811439,,,,,,,-0.6032022605851339,-0.00465436184315926,0.2509999999999999,-0.5230000000000001,-1.1600000000000001,4.25,2.288645064478823,0.0,0
2013-04-19,-0.006123070280000031,-0.03201437064000001,-0.02191676349960002,-0.00886541777591009,-0.011078898106415307,-0.009972157941162699,-0.010215640777518274,,,,,,,0.3676409050286429,-0.07987205555061887,-0.18299999999999983,0.2509999999999999,-1.343,4.25,2.288645064478823,0.0,0
2013-04-26,-0.0021041906900000074,0.00023847793999998146,-0.0006751628257000142,-0.010061123981803255,-0.01080331198454367,-0.010432217983173463,-0.010513858663474908,,,,,,,-0.11897370664123691,-0.003236171118076543,0.09399999999999986,-0.18299999999999983,-1.249,4.25,2.288645064478823,0.0,0
2013-05-03,-0.0010747420199999635,-0.008758644139999994,-0.005761922313199982,-0.009964719653298051,-0.00995585387385267,-0.009960286763575361,-0.009959311527836369,,,,,,,-0.15105534753091127,-0.010625426100371678,0.07500000000000018,0.09399999999999986,-1.174,4.25,2.4429698851867956,0.0,0
2013-05-10,0.00985247149999996,0.011412592970000024,0.0108041455967,-0.009945650419595171,-0.009957073129668202,-0.009951361774631688,-0.00995261827273972,,,,,,,0.010115470863721915,0.023895670180585925,-0.004999999999999893,0.07500000000000018,-1.1789999999999998,4.25,2.4429698851867956,0.0,0
2013-05-17,-0.02750944204,-0.017537570569999994,-0.021426600443299998,-0.01093793616459272,-0.010761584571476081,-0.010849760368034402,-0.01083036169279157,,,,,,,-0.21761290863762436,-0.07572526356867011,0.32299999999999995,-0.004999999999999893,-0.8559999999999999,4.25,2.4429698851867956,0.0,0
2013-05-24,0.003930679810000004,0.0017772384699999977,0.0026170805926000002,-0.009511503730863553,-0.010387265792297262,-0.009949384761580408,-0.010045718588338116,,,,,,,0.47813921566453443,-0.0032602336113996284,-0.04700000000000015,0.32299999999999995,-0.903,4.25,2.4429698851867956,0.0,0
2013-05-31,-0.01692384819999998,-0.014253063280000033,-0.015294669398800012,-0.010235935373816668,-0.010867313209613632,-0.010551624291715151,-0.010621075853652816,,,,,,,-0.22643822635953384,-0.02216156356363193,0.42200000000000015,-0.04700000000000015,-0.48099999999999987,4.25,2.4429698851867956,0.0,0
2013-06-07,-0.000709372659999985,0.0008348170799999943,0.00023258308140000232,-0.009297922897690132,-0.009446648314369957,-0.009372285606030045,-0.009388645401864825,,,,,,,-0.15100342516528897,0.01415931202974648,0.06199999999999983,0.42200000000000015,-0.41900000000000004,4.25,2.7414628946709496,0.0,0
2013-06-14,0.004973198209999974,0.00882816392000002,0.007324727293100002,-0.01024496712731663,-0.009191065127456051,-0.00971801612738634,-0.009602086907401677,,,,,,,0.1384366272430613,0.015987018005335116,-0.09099999999999975,0.06199999999999983,-0.5099999999999998,4.25,2.7414628946709496,0.0,0
2013-06-21,-0.005408517309999972,-0.0005194605500000171,-0.002426192686399999,-0.006416213000262953,-0.005618463753819811,-0.006017338377041382,-0.005929585959932636,,,,,,,-0.40723576617834767,-0.03043331018563057,0.7930000000000001,-0.09099999999999975,0.28300000000000036,4.25,2.7414628946709496,0.0,0
2013-06-28,-0.013051470340000038,-0.007869099190000006,-0.009890223938500017,-0.003626178353012029,-0.0013417437793749893,-0.0024839610661935092,-0.0022326732630934347,-0.0034813575771965493,,,,,,-0.29245747620412765,0.005495160739176001,0.14100000000000001,0.7930000000000001,0.4240000000000004,4.25,2.7414628946709496,0.0,0
2013-07-05,0.0008883787400000287,-0.0019164901199999473,-0.0008225912645999566,-0.003087077201728989,-0.002241924291501671,-0.00266450074661533,-0.0025715339264903254,-0.0032011202396215943,-0.0019180943697512023,-0.002418474459000655,,,,0.4890582628976802,-0.03121378597724137,-0.21799999999999997,0.14100000000000001,0.2060000000000004,4.25,3.1995827356900994,0.0,0
2013-07-12,-0.014294485890000042,-0.017884899720000014,-0.016484638326300025,-0.0014158462511031688,7.037707970348247e-05,-0.0006727345856998431,-0.0005092500193111116,-0.002283849480123989,-0.0006397677931355679,-0.0012809596510610522,,,,-0.22545429417004215,-0.001904808419946588,0.06799999999999962,-0.21799999999999997,0.274,4.25,3.1995827356900994,0.0,0
2013-07-19,-0.013388288209999988,-0.0038036052900000117,-0.007541631628800003,0.00027316484921427605,0.0009788362178482658,0.0006260005335312708,0.0007036243840810098,-0.0001391781271669946,0.0006523008784961701,0.00034362406628753585,,,,0.3297294437497701,-0.0008085161608636302,-0.5369999999999999,0.06799999999999962,-0.2629999999999999,4.25,3.1995827356900994,0.0,0
2013-07-26,-0.0036810175599999995,-0.015211763970000014,-0.010714772870100009,0.00022427043092343067,0.00113291686135953,0.0006785936461414803,0.0007785447534894512,0.0003398664262538062,0.0009101644271570456,0.0006877482068047822,,,,-0.45052669633958375,-0.0029151366605118176,0.3179999999999996,-0.5369999999999999,0.054999999999999716,4.25,3.1995827356900994,0.0,0
2013-08-02,0.003536634059999988,-0.0038647895499999696,-0.0009782343420999858,0.00014305699525905802,0.0011369137186946353,0.0006399853569768467,0.0007493095965547601,0.0003254195540569344,0.0008198555101005594,0.0006270254872435457,,,,-0.11920550268106667,0.008110748945138028,0.18599999999999994,0.3179999999999996,0.24099999999999966,4.25,3.2340867144807084,0.0,0
2013-08-09,0.012653075570000005,0.0004080080199999614,0.005183584364499979,0.00014702884895780727,0.0010732014785667307,0.000610115163762269,0.0007119941530192506,-1.076262377925621e-06,0.0008187111509768293,0.0004989940597684749,,,,0.01815091707788974,0.019718740757592067,-0.026999999999999247,0.18599999999999994,0.2140000000000004,4.25,3.2340867144807084,0.0,0
2013-08-16,0.000885194580000026,0.006500150660000037,0.004310317788800032,-0.0007697325444349152,0.0014589106663289264,0.0003445890609470056,0.0005897398141310281,-0.0010933953490674712,0.0004962457994614382,-0.00012371424846483646,,,,0.1627889489329437,0.05847233412063805,0.09199999999999964,-0.026999999999999247,0.30600000000000005,4.25,3.2340867144807084,0.0,0
2013-08-23,0.0024886253599999963,-0.008905900369999997,-0.0044620353353,-0.002342657193155042,0.0016712756634132122,-0.0003356907648709149,0.00010584184935159293,-0.0026981599741950266,0.0007025597829008012,-0.0006237209223665718,,,,-1.0459717458556999,0.027958256528644716,0.6740000000000004,0.09199999999999964,0.9800000000000004,4.25,3.2340867144807084,0.0,0
2013-08-30,0.0025856280100000073,-0.004399854809999992,-0.0016755165101999924,-0.000535795752577021,0.0014016101027572666,0.0004329071750901228,0.0006460218191768944,-0.0018666357758376525,-6.425231839518337e-05,-0.0007671818667977465,,,,0.9624157476381259,-0.025659789390598896,-0.484,0.6740000000000004,0.49600000000000044,4.25,3.2340867144807084,0.0,0
2013-09-06,0.012492117079999976,0.01207536951999999,0.012237901068399984,0.001278829759653501,0.003654793512850448,0.0024668116362519745,0.0027281676491036386,-0.00045751400014087734,0.0022094752188123274,0.0011693494234205775,,,,0.2672497497171477,0.024794151942673877,0.021999999999999353,-0.484,0.5179999999999998,4.25,2.8001605954532,0.0,0
2013-09-13,-0.0010565361500000092,-0.0007921432300000419,-0.0008952564688000293,0.00012956568798360834,0.002565138164227371,0.0013473519261054897,0.0016152648984923035,-0.0012462052431220438,0.0009224555003599459,7.667781040196996e-05,,,,-0.2616957964829311,-0.03157940210537846,-0.02799999999999958,0.021999999999999353,0.4900000000000002,4.25,2.8001605954532,0.0,0
2013-09-20,-0.005764735039999969,-0.0009571022099999493,-0.0028320790136999565,0.0008738168314168179,0.002192930931782052,0.0015333738815994351,0.001678476432639611,-0.00039591562748998873,0.0009589900886085707,0.00043057685933013256,,,,0.016821101445712583,-0.022524485008820185,-0.3440000000000003,-0.02799999999999958,0.1459999999999999,4.25,2.8001605954532,0.0,0
2013-09-27,-0.011522635040000007,-0.008228736790000024,-0.009513357107500018,0.0011508667278470278,0.0023258711565345078,0.0017383689421907678,0.0018676194293463905,-0.00012226406847003722,0.0009371701303747577,0.0005239907928252877,,,,-0.289163903439531,-0.017575664521107395,0.14200000000000035,-0.3440000000000003,0.28800000000000026,4.25,2.8001605954532,0.0,0
2013-10-04,-0.004638981689999988,0.002372189020000026,-0.0003621675568999793,0.0010225652054337978,0.0026075417322773695,0.0018150534688555838,0.0019894008868083764,2.4027824181638334e-05,0.0015990186285574875,0.0009847722148509062,,,,0.4375520128480671,-0.031588998146335534,-0.19600000000000062,0.14200000000000035,0.09199999999999964,4.25,3.0017561829294848,0.0,0
2013-10-11,0.00270057953999997,-0.005282654870000014,-0.0021691934501000204,0.0010577782692898182,0.002574063309194156,0.0018159207892419873,0.001982712143631464,0.00011381410975743454,0.0014945356373977444,0.0009560542416180235,,,,-0.06679522861475817,0.002371171838117367,0.04400000000000048,-0.19600000000000062,0.13600000000000012,4.25,3.0017561829294848,0.0,0
2013-10-18,0.00990133353,0.00023854812999996033,0.004007034435999976,0.0008890474957827905,0.0030082578110100693,0.0019486526533964298,0.0021817657880714306,0.0001805199021840346,0.0021107977775473154,0.0013579894061556358,,,,0.021758668439355144,0.02265951804949873,-0.1459999999999999,0.04400000000000048,-0.009999999999999787,4.25,3.0017561829294848,0.0,0
2013-10-25,0.005873391800000016,0.004847976150000044,0.005247888253500033,0.0006700206376932152,0.0030331820738020983,0.0018516013557476566,0.002111549113719634,-0.00013044743694186171,0.0022268406527409424,0.0013074982977646487,,,,0.07513698971919536,0.013906881460783654,-0.04999999999999982,-0.1459999999999999,-0.05999999999999961,4.25,3.0017561829294848,0.0,0
2013-11-01,0.011821320580000017,0.011115269589999976,0.011390629476099992,0.001229502375317367,0.003924408643098842,0.0025769555092081046,0.002873395198664067,0.00019691774187740392,0.0027722141414193106,0.001767848545597967,,,,-0.06751894395851576,0.0028663782499118314,0.05600000000000005,-0.04999999999999982,-0.0039999999999995595,4.25,2.920981552003301,0.0,0
2013-11-08,-0.009389202700000043,-0.0014329450599999682,-0.004535885539599997,0.0012277953381220526,0.0029495589683112204,0.0020886771532166366,0.002278071152537445,0.00022687657022504165,0.0027591125978905693,0.0017715405471010134,,,,-0.14288231235416182,-0.025311536554203817,0.17499999999999982,0.05600000000000005,0.42100000000000026,4.0,2.920981552003301,0.0,0
2013-11-15,-0.01106493234,-0.007996091660000038,-0.009192939525200023,0.0010094409617086965,0.002872922247800888,0.0019411816047547922,0.0021461645462249332,0.0007389148162355664,0.0025994273020392036,0.0018738274325757849,,,,-0.022600274436823553,-0.0071904748111475975,0.021999999999999353,0.17499999999999982,0.4429999999999996,4.0,2.920981552003301,0.0,0
2013-11-22,-0.008657657979999955,-0.008368420399999965,-0.008481223056199961,0.0011758641240945792,0.0027162255051943144,0.0019460448146444468,0.002115484566565418,0.000564631889773674,0.0030462556355694216,0.00207842237470908,,,,0.06669157175940366,-0.042088689690900676,0.021000000000000796,0.021999999999999353,0.4640000000000004,4.0,2.920981552003301,0.0,0
2013-11-29,0.005480441690000004,-0.004946696180000043,-0.0008801124107000245,0.003465698680212674,0.00921463754726559,0.006340168113739132,0.0069725513891149525,0.0009343423019725132,0.0031379981330588187,0.0022785723589351593,,,,-0.07753648835002502,0.013675114768373986,0.020999999999999908,0.021000000000000796,0.4850000000000003,4.0,2.920981552003301,0.0,0
2013-12-06,-0.00024903724000002736,0.00023148449000004456,4.40810153000165e-05,0.0037666233394618993,0.009475974837967558,0.006621299088714729,0.007249327753550351,0.0012759242047497516,0.0034054964448293184,0.0025749632711982873,,,,-0.08073426796586669,-0.0290012323074813,0.14499999999999957,0.020999999999999908,0.6299999999999999,4.0,2.8280240476424696,0.0,0
2013-12-13,0.015229767250000026,0.00944669549999999,0.011702093482500005,0.003065242254241138,0.009302921452347943,0.00618408185329454,0.006870226565086289,0.00022102202017893662,0.003179252806042618,0.0020255427995557822,,,,-0.1661760520010942,0.04791824133971052,-0.10200000000000031,0.14499999999999957,0.5279999999999996,4.0,2.8280240476424696,0.0,0
2013-12-20,0.0030694371899999684,0.01222225053999998,0.008652653333499974,0.0030778141208232706,0.00944804821482573,0.0062629311678245,0.006963656918164772,0.000188789326382858,0.0030698069680178204,0.0019462100877801851,,,,-0.010793088162943665,0.003400306670462575,-0.052999999999999936,-0.10200000000000031,0.47499999999999964,4.0,2.8280240476424696,0.0,0
2013-12-27,0.0010385164400000257,0.013047064990000024,0.008363731055500024,0.0030498639987807307,0.010639103775025426,0.006844483886903079,0.007679300262289995,0.00010272630894894762,0.00403416411671822,0.0025009033716882037,-0.0003686684106660122,,,0.3209560483934826,-0.0012692411425066778,-0.07599999999999962,-0.052999999999999936,0.399,4.0,2.8280240476424696,0.0,0
2014-01-03,0.00012596825999999783,3.488520000000106e-05,7.04075933999998e-05,0.002764053764511055,0.01091954164390838,0.006841797704209717,0.007738901370943423,8.963816727613366e-05,0.004015109222321365,0.0024841755108537243,-0.0004131717949025645,0.0032096573992741947,0.0017967540135452587,-0.1482939393963576,0.012200475696191437,0.09499999999999975,-0.07599999999999962,0.4939999999999998,4.0,3.029452887325104,0.0,0
2014-01-10,0.004275356349999981,0.004528086549999977,0.004429521771999978,0.002756089225820611,0.010859961980247055,0.0068080256030338335,0.007699451606020742,0.00014606981640235108,0.004055700292299932,0.002530944406699876,-0.0004230146967868992,0.0032591017041356815,0.0018230763077758752,0.08439867892239405,0.00884934338055448,-0.10199999999999942,0.09499999999999975,0.39200000000000035,4.0,3.029452887325104,0.0,0
2014-01-17,0.006393214380000012,0.008270206940000024,0.00753817984160002,0.0025666693393687576,0.009653863913260426,0.006110266626314592,0.006889858029442675,0.0001000502566930548,0.003986270878288624,0.002470644835866352,-0.0005250253660578749,0.0032875445499831396,0.0018006422827271439,-0.12271537471744731,0.01754443068748497,0.020999999999999908,-0.10199999999999942,0.41300000000000026,4.0,3.029452887325104,0.0,0
2014-01-24,-0.009853170859999982,-0.006730967310000002,-0.007948626694499994,0.002299960195674514,0.009605919720391433,0.005952939958032973,0.006756595505751835,-0.0001847302466117288,0.0038165304022174983,0.0022560387491740996,-0.0004489922385722523,0.0032885555412619566,0.001830911907126615,0.14324404103470623,-0.0288080566201972,0.045999999999999375,0.020999999999999908,0.45899999999999963,4.0,3.029452887325104,0.0,0
2014-01-31,0.005689799279999963,-0.025982792330000004,-0.013630481602100016,0.0016022233239984336,0.010530585901682212,0.006066404612840323,0.007048524496385537,-0.0005152051057624345,0.004377312244783054,0.0024692304780703136,-0.0007575602936034558,0.003638909953426475,0.0019242865570848018,-0.12952090569475505,-0.031203288358248017,0.09700000000000042,0.045999999999999375,0.556,4.0,3.029452887325104,0.0,0
2014-02-07,-0.016076725650000012,-0.0006431000100000084,-0.0066622140096000105,0.0031057872829200767,0.009944136666406887,0.006524961974663482,0.007277180406847031,0.0006187968833324664,0.004130201571669878,0.0027607537432182876,0.00023779147050097802,0.003708945822521794,0.002355195625233676,-0.08999962941690065,-0.008592226904007284,-0.10299999999999976,0.09700000000000042,0.4530000000000003,4.0,3.7202915835689736,0.0,0
2014-02-14,0.001330198500000046,0.016440673429999997,0.010547588207300016,0.003483770996213207,0.011330210109983635,0.007406990553098422,0.008270098855613167,0.0006210504070517828,0.0049341874929016245,0.003252064029420186,0.00016256901796621445,0.004144758068075498,0.002591704338532877,0.24846937151987725,0.010736520483833174,-0.15200000000000014,-0.10299999999999976,0.30100000000000016,4.0,3.7202915835689736,0.0,0
2014-02-21,0.008138607129999975,0.007221556670000018,0.007579206349400001,0.002608781738269556,0.010783236955452379,0.006696009346860967,0.007595199420751078,0.00015505639578900833,0.0045513040415736065,0.002836767459717613,-0.00037815893292411727,0.0036560187269745093,0.002082689439614045,-0.28383059849862546,0.0020917929499861135,0.09499999999999975,-0.15200000000000014,0.3959999999999999,4.0,3.7202915835689736,0.0,0
2014-02-28,0.00989908250999999,-0.00427824452000003,0.0012509130216999784,0.0037739382580577177,0.015266749871157037,0.009520344064607377,0.010784553342048302,0.0009186694030718485,0.004519756640569357,0.0031153326179453283,-5.538281785937341e-05,0.0032436121729551657,0.0019570041265374954,0.17615402784018463,-0.009145674375274908,-0.07800000000000029,0.09499999999999975,0.3179999999999996,4.0,3.7202915835689736,0.0,0
2014-03-07,-0.012184426139999982,-0.0016773903799999768,-0.0057751343263999794,0.0048325255911168576,0.01452194107152668,0.009677233331321769,0.010743069034166849,0.0011858687273973265,0.004471979407799802,0.003190396242442836,0.00011682778633580302,0.0033771028864962222,0.002105595597433659,0.022246962286266436,-0.026923824186604876,-0.10199999999999942,-0.07800000000000029,0.2160000000000002,4.0,3.3300244335737386,0.0,0
2014-03-14,-0.005393334089999979,-0.0064723127599999875,-0.006051511078699985,0.007104914217433206,0.014082067728273452,0.01059349097285333,0.011360977859045756,0.0012339880982268835,0.004981962956253611,0.0035202527616231875,5.648904508668076e-05,0.00315894194651185,0.0019489853149560338,0.057672193355746804,-0.023075648977566872,-0.07600000000000051,-0.10199999999999942,0.13999999999999968,4.0,3.3300244335737386,0.0,0
2014-03-21,-0.007154759750000017,-0.00732714652000005,-0.007259915679700037,0.008147660204653562,0.013596474446118008,0.010872067325385785,0.011471436891946874,0.0009759371022364091,0.004603034938835245,0.0031884667825616995,-0.00016926036410960603,0.002854661002700535,0.00167533166964458,0.17262827082784327,-0.024524939741402175,0.020000000000000462,-0.07600000000000051,0.16000000000000014,4.0,3.3300244335737386,0.0,0
2014-03-28,0.0021519575799999746,0.0005236171900000475,0.001158669942100019,0.008065001551426157,0.013381429348815591,0.010723215450120874,0.011308022507833712,0.0009934803953665131,0.00466672872942341,0.00323416187914122,-0.00010067460474264033,0.0028074536752262,0.0016732836460383524,0.014218860567764335,-0.005835614905154359,-0.0030000000000001137,0.020000000000000462,0.15700000000000003,4.0,3.3300244335737386,0.0,0
2014-04-04,0.010425341340000005,0.012641753729999983,0.011777352897899992,0.00793017934266303,0.013230615714666966,0.010580397528664999,0.011163445529585432,0.0008244820115553374,0.0043330480221572985,0.0029647072780225334,-2.6407273217682412e-05,0.002999621160484724,0.0018194700713407856,0.09374970697038443,-0.0023071780205773736,-0.1120000000000001,-0.0030000000000001137,0.04499999999999993,4.0,3.47086004275816,0.0,0
2014-04-11,0.015389453679999998,0.0029356650899999837,0.007792642640099989,0.00834273156157275,0.013210574436881464,0.010776652999227107,0.011312115715511065,0.0004456899526215773,0.004642854198601994,0.0030059601426696315,-0.00031734709664239954,0.003187443231928564,0.0018205750037858881,-0.18208295573118538,0.030289484035236,-0.040000000000000036,-0.1120000000000001,0.004999999999999893,4.0,3.47086004275816,0.0,0
2014-04-18,-0.004594911360000009,0.0005155090300000276,-0.001477554922099987,0.00820171936428465,0.01261400803279816,0.010407863698541405,0.01089321545207789,0.00017883334408247756,0.004645364369728614,0.0029034172697266205,-0.0003698205609758843,0.003485631754037412,0.001982005351182226,0.22117259775719045,-0.009004589655563945,-0.07499999999999973,-0.040000000000000036,-0.06999999999999984,4.0,3.47086004275816,0.0,0
2014-04-25,0.0062368642400000285,0.007965599729999995,0.007291392888900008,0.008237533184288576,0.012432243765541922,0.01033488847491525,0.010796306638853117,5.034465947308196e-07,0.004656855533866866,0.0028408782198307333,-0.0007183456320374176,0.003441327930025328,0.0018190552408208572,-0.3119583324960513,0.028865398430169567,0.1629999999999998,-0.07499999999999973,0.09299999999999997,4.0,3.47086004275816,0.0,0
2014-05-02,0.007111588830000015,0.01803192201999998,0.013772992075899992,0.00886939195188119,0.012176376276052964,0.010522884113967077,0.010886652389625972,0.0003922505897242184,0.005695746559249475,0.003627383131134625,-0.00039834563373538604,0.004155659214024157,0.002379597323397935,0.2009126490278531,0.019811751171620415,-0.14800000000000013,0.1629999999999998,-0.05500000000000016,4.0,3.5023049377971405,0.0,0
2014-05-09,0.009384915059999999,0.006499557890000007,0.007624847186300004,0.009393477758072626,0.012387635868061674,0.010890556813067151,0.011219914205165946,0.00045764494006144454,0.004733944078485068,0.0030661874144998547,-0.0003090696818385417,0.004102062965441351,0.002381721233002193,0.16082475680179487,0.016241279101100743,-0.1469999999999998,-0.14800000000000013,-0.20199999999999996,4.0,3.5023049377971405,0.0,0
2014-05-16,-0.004431536950000037,0.028576924050000008,0.01570362425999999,0.008959973033041118,0.010556880012177333,0.009758426522609226,0.009934086290314208,0.00032757195526621934,0.004104864504427044,0.0026317204102543224,1.5377652331950947e-05,0.0035775657731252387,0.0021883124060158568,-0.16015862563684202,-0.010320252285323378,0.09099999999999975,-0.1469999999999998,-0.11100000000000021,4.0,3.5023049377971405,0.0,0
2014-05-23,0.0020423301399999927,0.005654583709999994,0.004245804817699993,0.008046903086254354,0.01124535396366758,0.009646128524960967,0.00999795812147642,0.000336175560444615,0.003977704833690453,0.0025575084171245758,-0.00021591342057326152,0.003942242648599966,0.002320561781622407,0.1367649013823909,0.0006004982329506773,-0.052999999999999936,0.09099999999999975,-0.16400000000000015,4.0,3.5023049377971405,0.0,0
2014-05-30,0.004809767680000021,0.0040539852099999996,0.004348740373300008,0.00840955759458441,0.012358183290878406,0.010383870442731407,0.010818219269323748,0.0021731564136963357,0.009656476997276498,0.006737981969680235,9.565551528329687e-05,0.0039914595695357425,0.0024720959883772885,-0.0046435119786302215,-0.0013452450427846561,-0.10899999999999999,-0.052999999999999936,-0.27300000000000013,4.0,3.5023049377971405,0.0,0
2014-06-06,0.0018932223900000045,-0.029228573520000023,-0.01709107311510001,0.00814933184554048,0.009195501577610152,0.008672416711575317,0.00878749538210298,0.00202650484456487,0.006858420201108271,0.004973973212056345,0.00013894124886301587,0.0019868954060621416,0.0012661932847544825,0.23563176983340042,0.0009181368596075622,-0.10999999999999988,-0.10899999999999999,-0.383,4.0,3.3996847352642634,0.0,0
2014-06-13,0.0017865951200000119,0.019493251170000003,0.012587655310500007,0.007703299473601934,0.01030661422130401,0.009004956847452972,0.0092913214697002,0.0017143087399272157,0.0077922708829902924,0.0054218656471956925,-0.00043018258281712007,0.0028581075985428736,0.001575674427812476,-0.03432546636158276,0.01995242885879365,0.16000000000000014,-0.10999999999999988,-0.22299999999999986,4.0,3.3996847352642634,0.0,0
2014-06-20,-0.005118452430000031,0.010159535310000023,0.004201120091400002,0.007470643735333885,0.0072124475925887666,0.007341545663961326,0.007313144088259362,0.0022240787748913906,0.007646496791000887,0.005531753764718184,-0.0001343496930934125,0.0026200109983155317,0.0015458103286660435,-0.15830092223734105,0.021001964205852177,0.06800000000000006,0.16000000000000014,-0.1549999999999998,4.0,3.3996847352642634,0.0,0
2014-06-27,-0.002585607099999998,-0.0038308693199999855,-0.00334521705419999,0.0054353849196478645,0.005915958755268416,0.00567567183745814,0.005728534959376401,0.0020894861371141627,0.006685764683696626,0.004893216050529465,-0.0003322211453149585,0.001997291384918118,0.0010887814981272181,0.30314627916859643,-0.009872301752551747,-0.052000000000000046,0.06800000000000006,-0.20699999999999985,4.0,3.3996847352642634,0.0,0
2014-07-04,0.016861898550000032,0.005970270020000001,0.010218005146700014,0.004519952352309874,0.005348051973506232,0.004934002162908053,0.0050250931212396524,0.0019780133787283076,0.00675931593573093,0.004894607938499908,-0.0002942204392892005,0.0018962565781602781,0.0010419705413549816,0.006021603509189878,0.036228540311536925,-0.02900000000000036,-0.052000000000000046,-0.2360000000000002,4.0,3.2845186086082507,0.0,0
2014-07-11,0.0034968113099999587,-0.014810987380000029,-0.007670945890900034,0.0036329679580749136,0.002439870442912769,0.0030364192004938414,0.002905178473826006,0.001988646384376862,0.005160169795578948,0.003923275665210135,-0.00022200396900954548,0.0009268817050891014,0.0004788162921906292,0.17730166111388732,0.002655358971754412,-0.02799999999999958,-0.02900000000000036,-0.01399999999999979,3.75,3.2845186086082507,0.0,0
2014-07-18,-0.006637360709999984,0.013783249310000023,0.005819211402200019,-0.00048199792430449174,-0.0012412300741352223,-0.000861613999219857,-0.0009451295357012374,0.002138537514643097,0.0033114582783848935,0.002854019180525593,-4.4193723248882755e-05,0.0004277714737984217,0.00024370504694997295,-0.045801525629912895,-0.02179801536140685,-0.0040000000000000036,-0.02799999999999958,-0.017999999999999794,3.75,3.2845186086082507,0.0,0
2014-07-25,-0.0012262289200000165,-0.006048263150000011,-0.004167669800300013,-0.0002593066854006451,-0.0007160886114893959,-0.0004876976484450205,-0.0005379436603147831,0.0022729026798151784,0.0036079330470652,0.0030872712038376915,4.563568056868217e-05,0.000700672126631154,0.00044520791266679,0.03819824782471942,0.00847275939593025,-0.07600000000000007,-0.0040000000000000036,-0.09399999999999986,3.75,3.2845186086082507,0.0,0
2014-08-01,0.00039594254000002715,-0.004993601770000022,-0.002891679489100003,-0.00011470605651973958,-0.0008341192123324549,-0.0004744126344260973,-0.0005535480815654958,0.0023087341318479013,0.003116014916148943,0.0028011754102715367,4.2971742240173125e-05,0.000396574818126514,0.000258669618530841,-0.024843693173327866,-0.003228014005340038,0.15399999999999991,-0.07600000000000007,0.06000000000000005,3.75,2.6559939357745357,0.0,0
2014-08-08,-0.01142576217000002,-0.0017282317699999772,-0.005510268625999994,-0.0007456214927303733,-0.0007122795167676527,-0.000728950504749013,-0.0007252828873931137,0.001480681651126719,0.003459400772411834,0.0026877003151106393,-0.000585813234082584,0.00022413375533871936,-9.174557053558894e-05,0.5276108042684962,-0.017642639175718927,-0.2570000000000001,0.15399999999999991,-0.19700000000000006,3.75,2.6559939357745357,0.0,0
2014-08-15,0.010177325340000043,0.003237757170000022,0.005944188756300031,0.003897398764243448,0.0006510230013573887,0.0022742108828004183,0.0019171095488829519,0.0012573842738681444,0.0035051742810847924,0.0026285361782702995,-0.0007043587687004767,0.00029959560901332647,-9.194659829505681e-05,-0.2401733714201677,0.006191896244944197,0.16100000000000003,-0.2570000000000001,-0.03600000000000003,3.75,2.6559939357745357,0.0,0
2014-08-22,0.007674118719999956,-0.0019422785900000128,0.0018081163608999753,0.0036120558161161025,-0.00038395825209511627,0.0016140487820104931,0.0011744872345072592,0.001571800649843425,0.0035597293046768187,0.002784437129291795,-0.0006418187113422266,0.00022264132607110128,-0.0001144980885200966,0.21739258565886943,0.004514890305140875,-0.08800000000000008,0.16100000000000003,-0.12400000000000011,3.75,2.6559939357745357,0.0,0
2014-08-29,-0.015857443129999982,-0.012229384230000029,-0.013644327201000011,0.004303459491858625,0.0016018375885211136,0.0029526485401898694,0.0026554701308227433,0.0033960479203740492,0.008748828122763574,0.006661243843831659,0.0006843669624446338,0.0011633793420585906,0.0009765645140091474,-0.08223312479379907,-0.013967552485481531,-0.040000000000000036,-0.08800000000000008,-0.16400000000000015,3.75,2.6559939357745357,0.0,0
2014-09-05,-0.0005642069599999799,0.0017295441400000389,0.0008349812110000315,0.004418284315155514,-0.00042580724678259094,0.0019962385341864616,0.0014633884623732702,0.0035200980275772453,0.008014112213999973,0.006261446681295108,0.00040582875457318606,0.000867213092836941,0.0006872732009140766,0.14218361697668946,0.014824942524951189,0.03100000000000014,-0.040000000000000036,-0.133,3.75,2.707716068522542,0.0,0
2014-09-12,-0.0012343063699999934,-0.007257867270000051,-0.004908678519000028,0.006666597207229022,0.001343807624596165,0.004005202415912594,0.003419695561822979,0.0050465472511352655,0.007629826217360803,0.006622347420532844,0.0004314018920380377,0.0014278345320899168,0.001039225802469684,-0.34676326192326734,-0.007050261333422514,0.347,0.03100000000000014,0.46399999999999997,3.5,2.707716068522542,0.0,0
2014-09-19,0.0017512658899999645,0.00945470717000002,0.006450365070799998,0.008236320763970358,0.0054983969488359135,0.0068673588564031355,0.006566187236738347,0.006345803067900455,0.00803065416518572,0.007373562237244466,0.0004928085418414586,0.001621256845337313,0.0011811620069739298,0.4022994367467152,-0.003640946121422291,-0.17600000000000016,0.347,0.2879999999999998,3.5,2.707716068522542,0.0,0
2014-09-26,-0.0022523381999999814,-0.010167768789999976,-0.007080750859899978,0.005699018539969616,0.0051641231892121,0.005431570864590857,0.0053727323760075305,0.005972842520567588,0.00804859979474274,0.0072390544578144304,0.0003427083726631119,0.001850321390669964,0.0012623523136472917,-0.14890409102241697,-0.028121195170882646,0.09299999999999997,-0.17600000000000016,0.3809999999999998,3.5,2.707716068522542,0.0,0
2014-10-03,-0.017420396409999983,-0.008713747270000016,-0.012109340434600005,0.005562662609362023,0.00409366234655765,0.004828162477959837,0.004666572449051356,0.006166842831086299,0.008039177818542215,0.007308967173434408,0.0002697499484643378,0.0014007883134343876,0.0009596833510960681,0.11515116320259411,-0.0537454011380494,-0.028999999999999915,0.09299999999999997,0.35199999999999987,3.5,3.0483021094674063,0.0,0
2014-10-10,-0.00853106842000001,-0.0009341616899999905,-0.003896955314699998,0.006864392831297535,0.0034885665316175323,0.005176479681457534,0.004805138788492733,0.0075830624734276805,0.0077822677348092445,0.0077045776828704345,0.0008288413904572085,0.0013672008870885984,0.0011572406834023563,-0.058552600262337884,-0.012383307378950735,-0.11199999999999966,-0.028999999999999915,0.2400000000000002,3.5,3.0483021094674063,0.0,0
2014-10-17,0.0061432788799999916,0.0012047260499999934,0.0031307616536999927,0.007385619495956299,0.0015030913527146507,0.004444355424335475,0.003797277328578893,0.008191729132056288,0.007478465584050839,0.007756638367772965,0.0009175798341954011,0.0016381190851087694,0.0013571087772525556,-0.023796226855794855,0.03382412234247463,-0.09100000000000019,-0.11199999999999966,0.14900000000000002,3.5,3.0483021094674063,0.0,0
2014-10-24,0.001972874560000004,0.005574981270000001,0.004170159653100003,0.007597239357354794,0.0018195318630324776,0.004708385610193636,0.004072837785818181,0.008149018394782118,0.007494232695660953,0.007749599118318207,0.0006985663876850848,0.0013930269065286008,0.0011221873041796296,-0.10676446186253097,-0.010291146071082427,0.08000000000000007,-0.09100000000000019,0.2290000000000001,3.5,3.0483021094674063,0.0,0
2014-10-31,0.007040432920000006,-0.0025678907000000195,0.0011793555117999906,0.004329625369899251,0.0025552527086115844,0.0034424390392554178,0.0032472580465137744,0.007551502609905246,0.006764876835695945,0.007071660887637573,6.597733690714004e-05,0.0017034232203886786,0.0010648193258308786,-0.05228623950947797,-0.029729656096295298,-0.040999999999999925,0.08000000000000007,0.18800000000000017,3.5,3.0483021094674063,0.0,0
2014-11-07,-0.002666449310000041,-0.003324624070000004,-0.0030679359136000185,0.004061075361688835,0.00279894775178512,0.0034300115567369774,0.003291177519647569,0.00820125744530776,0.007492585658616483,0.0077689676554260805,8.532322514097183e-05,0.0010004800510732097,0.000643568888959637,-0.005908754314443487,-0.013994612319980984,-0.02900000000000036,-0.040999999999999925,0.1589999999999998,3.5,3.11708476633048,0.0,0
2014-11-14,-0.0005209729299999744,-0.004626123079999989,-0.0030251145214999827,0.0026222859788712525,0.002127875918825029,0.0023750809488481406,0.0023206958422430563,0.007744255576312217,0.007681513081895745,0.007705982654718169,-0.00016005583307771064,0.0010098801756218303,0.0005536051322290094,-0.09934205580664585,-0.012725748509439212,0.010000000000000231,-0.02900000000000036,0.16900000000000004,3.5,3.11708476633048,0.0,0
2014-11-21,0.0016734022300000095,0.0013320083000000205,0.0014651519327000162,0.0023815712181604514,0.0018980675845845472,0.0021398194013724993,0.00208663400167915,0.0069121474901801695,0.007340342957862352,0.0071733467254663005,-0.0001302044890277008,0.0008391700911034419,0.00046111400485229623,0.06961121479764565,0.007919754738827608,-0.05500000000000016,0.010000000000000231,0.11399999999999988,3.5,3.11708476633048,0.0,0
2014-11-28,0.001080098099999982,0.00848034487999999,0.005594248635799987,0.0024857902644097925,0.0018088713090117611,0.0021473307867107766,0.0020728697016169934,0.007134135378783877,0.007419609086267235,0.007308274340348726,0.0015050854361385833,0.004894115892828175,0.003572394014719234,0.011963888101067632,-0.01839547371636205,-0.016999999999999904,-0.05500000000000016,0.09699999999999998,3.5,3.11708476633048,0.0,0
2014-12-05,-0.005788307599999987,-0.0041795112699999915,-0.00480694183869999,0.002193779048063552,0.001572489210968446,0.0018831341295159991,0.0018147922474355373,0.007126166846233786,0.00762685889469422,0.007431588995794651,0.0015045375144258674,0.004804985368482347,0.0035178107054003203,-0.1391274280633592,-0.03173136547181393,0.04300000000000015,-0.016999999999999904,0.14000000000000012,3.5,3.1801588437344943,0.0,0
2014-12-12,-0.012472011220000023,0.006512127719999983,-0.00089168646660002,-0.006801002363349848,0.001407087404187861,-0.0026969574795809937,-0.0017940676051518456,0.003943677140940708,0.008286061707189292,0.006592531726352344,-0.00043571912593560547,0.005353935731111588,0.0030959703368631823,0.031179120075255806,0.0101588821339232,0.21799999999999997,0.04300000000000015,0.3580000000000001,3.5,3.1801588437344943,0.0,0
2014-12-19,-9.887319999996036e-05,0.009502078440000006,0.005757707300400019,-0.007983828324063635,-0.0004685010592059603,-0.004226164691634798,-0.0033994786925004533,0.0027613131303689843,0.005041181020418806,0.004152032543299375,-0.0007779876813012779,0.0043164169035133865,0.0023295991154356674,0.0412173185438956,-0.01927024456814867,-0.15300000000000002,0.21799999999999997,0.20500000000000007,3.5,3.1801588437344943,0.0,0
2014-12-26,0.005365190649999962,0.00464198170000002,0.004924033190499997,-0.00710973684728359,-0.005675167712022725,-0.006392452279653157,-0.006234649674774462,0.0009852444537377363,0.004604276439815307,0.003192853965245054,-0.0003698383364628176,0.004256513961493993,0.0024522365652908367,0.08294207613218513,0.0071214464210503405,-0.0040000000000000036,-0.15300000000000002,0.20100000000000007,3.5,3.1801588437344943,0.0,0
2015-01-02,-0.0010875906099999666,-0.001717837940000022,-0.0014720414813000006,-0.0023249359727254546,-0.0010605472623778202,-0.0016927416175516374,-0.0015536588594133977,-0.0006846299455575151,0.0023407631891870753,0.001160859866636685,-0.0005875094985609347,0.0023729903627261015,0.0012183954168241574,-1.5210910692675226,-0.01799876889273207,-0.12700000000000022,-0.0040000000000000036,0.07399999999999984,3.5,3.033608014092002,0.0,0
2015-01-09,-0.010830445690000023,0.01872642685999998,0.007199246565499976,-0.0025071617389934935,-6.868171563051515e-05,-0.0012879217273120043,-0.0010196889247420767,-0.0010792119846761428,0.0022819842794827394,0.0009711177364607753,-0.0006507402273411113,0.002605741676340182,0.0013357137339044776,-0.04867862434036363,-0.029710798586385364,0.007000000000000117,-0.12700000000000022,0.08099999999999996,3.5,3.033608014092002,0.0,0
2015-01-16,-0.008611777990000014,0.00490419627000005,-0.00036703369139997515,-0.0021549858993496463,0.0007350567175143362,-0.0007099645909176551,-0.00039205990306261703,-0.001761449374699683,0.002179257396629922,0.0006423817558113761,-0.0006417349009889863,0.002287123812310777,0.0011448689141238693,0.0029874620018837117,-0.06337177134391259,0.006000000000000227,0.007000000000000117,0.3370000000000002,3.25,3.033608014092002,0.0,0
2015-01-23,-0.00018225805999999567,0.002023626189999961,0.0011633313324999777,-0.002033580628293677,0.0004371664708804874,-0.0007982070787065948,-0.0005264248977974368,-0.0017930616604924059,0.0019773965394099193,0.0005069178414480125,-0.0006548746445828096,0.0022261361470825936,0.0011025419383330862,0.09816843174403411,-0.0034371563411462903,-0.11400000000000032,0.006000000000000227,0.22299999999999986,3.25,3.033608014092002,0.0,0
2015-01-30,-0.020846549319999963,9.714916000003182e-05,-0.008070893247199966,-0.002839502305387278,-0.0003286882863832719,-0.0015840952958852748,-0.0013079057537948341,-0.002186210437008299,0.0018613782645512738,0.0002828186709430403,-0.0010066230914527593,0.002164348231292723,0.0009276694154219847,0.09697710208322918,-0.00842100292005768,-0.137,-0.11400000000000032,0.08599999999999985,3.25,3.033608014092002,0.0,0
2015-02-06,0.006012740339999989,-0.0005293885700000112,0.0020220417048999887,-0.003885432630227722,-0.0006388915181140801,-0.002262162074170901,-0.0019050425518384005,-0.0022005360879352527,0.0018396826560828994,0.00026399734591581994,-0.001080462937449978,0.0023327284119617035,0.0010015837856911477,-0.24077434535056053,-0.010890836762419365,0.07900000000000018,-0.137,0.16500000000000004,3.25,2.736238248084642,0.0,0
2015-02-13,0.004741353239999968,-0.021468862680000034,-0.011246878471200032,-0.003611807249319062,-0.0019884537170911445,-0.002800130483205103,-0.0026215615946600323,-0.001590273645300183,0.0012098348928034585,0.00011779256294303824,-0.0011043131820962717,0.0014565244192615953,0.00045779775473202717,0.08643543687715294,0.030714600424473135,-0.04300000000000015,0.07900000000000018,0.12199999999999989,3.25,2.736238248084642,0.0,0
2015-02-20,-0.00755901229,0.008992054720000031,0.0025371385861000188,-0.003523163456934089,-0.0016727069113702158,-0.0025979351841521523,-0.0023943849641401265,-0.0021228746330515485,0.0004968232892900199,-0.000524858900423192,-0.0010637011439982706,0.001597264926593815,0.0005594881590629017,-0.01962425371497245,-0.026841136838475325,-0.028000000000000025,-0.04300000000000015,0.09399999999999986,3.25,2.736238248084642,0.0,0
2015-02-27,-0.003625747349999986,-0.005123700309999979,-0.004539498655599982,-0.003412874846644571,-0.0015315059203064665,-0.0024721903834755187,-0.002265239801578327,-0.0024648018047033734,0.000628629287836338,-0.0005778088382541495,-0.0008574463282402659,0.0031658917334932367,0.0015967898894171705,0.18281213250978268,-0.03569166842234789,-0.17499999999999982,-0.028000000000000025,-0.08099999999999996,3.25,2.736238248084642,0.0,0
2015-03-06,0.01080420577000002,-0.0008128513600000331,0.0037178009206999874,-0.0028873170072453757,-0.001743100153250388,-0.002315208580247882,-0.0021893447263084333,-0.0026121349638864653,-0.00033317521865292493,-0.0012219695192940058,6.047377056516345e-07,0.002915845491952406,0.0017789015977961718,-0.24530458919603793,-0.009148010922766306,0.3700000000000001,-0.17499999999999982,0.28900000000000015,3.25,2.982343499559267,0.0,0
2015-03-13,-0.0035597072000000396,0.015110099779999997,0.007828875057799983,-0.002986852651340658,-0.002461278456251273,-0.0027240655537959656,-0.0026662523923361332,-0.0024061926506716703,-0.001597096512352138,-0.0019126440062967557,0.0003631406672400669,0.0016831849464945489,0.0011683676775853008,-0.33377649190102665,-0.023363957189806314,0.09399999999999986,0.3700000000000001,0.383,3.25,2.982343499559267,0.0,0
2015-03-20,0.010157958730000027,0.0016881261500000244,0.004991360856200025,-0.0018598660998898366,-0.0015546447605950917,-0.001707255430242464,-0.0016736810829200421,-0.0016813712638073762,-0.0013923785376648613,-0.0015050857008604421,0.0011301399059345028,0.0015398203689849905,0.0013800449883953003,0.38341441416331,-0.0004529235907772839,-0.27300000000000013,0.09399999999999986,0.10999999999999988,3.25,2.982343499559267,0.0,0
2015-03-27,-0.006708019120000019,-0.004300415200000018,-0.005239380728800019,-0.0020241072337045273,-0.0015353763913192116,-0.0017797418125118695,-0.0017259814198494847,-0.0021221505115205765,-0.0016575511765727087,-0.001838744917202377,0.000916414134828819,0.0012022543009554438,0.00109077663616606,0.21715580171753268,-0.028748311025899385,-0.06899999999999995,-0.27300000000000013,0.040999999999999925,3.25,2.982343499559267,0.0,0
2015-04-03,0.003140779610000033,-0.004047231390000017,-0.001243907099999997,-0.002120406079251304,-0.001608878463928928,-0.001864642271590116,-0.0018083742339046547,-0.002243090736134017,-0.0019269933896742374,-0.0020502713547935515,0.0008436396823340623,0.0010660815470897457,0.0009793292198350292,0.029541638973414774,0.02410718857684456,-0.07799999999999985,-0.06899999999999995,-0.03699999999999992,3.25,2.9796279472767524,0.0,0
2015-04-10,0.00553684057999998,-0.008906397029999957,-0.0032735343620999813,-0.0018180119051367186,-0.0015671006663644381,-0.0016925562857505784,-0.0016649560494856276,-0.0022651425351927013,-0.0019299257987214337,-0.002060660325945228,0.001075030809194374,0.0010383685031447455,0.0010526668025041006,-0.08698096211616146,0.0014676731520544776,0.03100000000000014,-0.07799999999999985,-0.005999999999999783,3.25,2.9796279472767524,0.0,0
2015-04-17,0.0007518994799999845,0.0018868781499999931,0.0014442364686999896,-0.0016884751631473256,-0.001347973978640952,-0.0015182245708941387,-0.0014807694405984378,-0.0021603327195516,-0.001984755143608987,-0.0020532303982266063,0.001007159656144144,0.001129903556388119,0.0010820334352929688,-0.032896863782335695,0.009718153781164866,0.006999999999999673,0.03100000000000014,0.0009999999999998899,3.25,2.9796279472767524,0.0,0
2015-04-24,-0.00447719500999999,0.007947565639999987,0.003101908986499996,-0.001856617344245374,-0.0010152072195681347,-0.0014359122819067544,-0.0013433571681922582,-0.0022781796250832746,-0.0016815389282671385,-0.0019142288000254313,0.0008967105715733058,0.0014017938963712382,0.0012048113997000446,0.15325835728814619,-0.005613282910521032,-0.07899999999999974,0.006999999999999673,-0.07799999999999985,3.25,2.9796279472767524,0.0,0
2015-05-01,-0.0012076326000000082,-0.005686321489999979,-0.0039396328228999905,-0.0016455990819820216,-0.0008740193119654207,-0.0012598091969737212,-0.0011749354222718952,-0.001976635495537554,-0.0013070660943536225,-0.001568198160815356,0.0011361877169692124,0.0013198714418832726,0.0012482347891667892,-0.20264552700868455,0.027833735383816765,0.09299999999999997,-0.07899999999999974,0.015000000000000124,3.25,3.318962884297997,0.0,0
2015-05-08,-0.0006986860400000072,-0.001593960370000036,-0.0012448033813000246,-0.0017634590426680247,-0.0010653092123453875,-0.001414384127506706,-0.001337587646171216,-0.0020436449301417517,-0.0014597749072979061,-0.0016874842162070058,0.0013183816119952097,0.0015661144643302103,0.00146949865191956,-0.07707876647350642,0.005760443020833298,0.11599999999999966,0.09299999999999997,0.13099999999999978,3.25,3.318962884297997,0.0,0
2015-05-15,0.001424327520000046,0.042944650249999994,0.026751724385300015,-0.0017939628940070132,-0.0009420670647097869,-0.0013680149793584,-0.001274306438135705,-0.0021118718650294695,-0.0012702136260317057,-0.0015984603392408337,0.0011520241651830655,0.001564628466447966,0.0014037127889546547,-0.06437209921818421,0.018560655018536317,0.019000000000000128,0.11599999999999966,0.1499999999999999,3.25,3.318962884297997,0.0,0
2015-05-22,0.001169301059999961,-0.011374709769999991,-0.00648254554630001,-0.0017610422610470913,-0.0012008764725029153,-0.0014809593667750032,-0.0014193411300351439,-0.002030554086137865,-0.0012654806667021282,-0.0015638593002820656,0.0008188612778164819,0.0013270058850358673,0.0011288294882203069,-0.08361487831001035,-0.02959283536477743,0.04400000000000004,0.019000000000000128,0.19399999999999995,3.25,3.318962884297997,0.0,0
2015-05-29,-0.0007675868700000033,-0.03338445029999998,-0.020663873562299987,-0.0013286677792482607,-0.004733380551884673,-0.003031024165566467,-0.003405542570556472,-0.001758122665982947,-0.004504791483226883,-0.003433590644501748,0.0010371466711322746,-0.0009328906422926095,-0.0001645760900569047,0.2674780281112574,-0.016020177792844367,-0.053999999999999826,0.04400000000000004,0.14000000000000012,3.25,3.318962884297997,0.0,0
2015-06-05,0.0004258956400000069,0.0021545659499999648,0.001480384529099981,-0.001366165209292197,-0.0038380298358084543,-0.0026020975225503258,-0.0028740026314671143,-0.0017289072185881506,-0.004425339354189298,-0.0033737308213048506,0.0010249875896237574,-0.0009497412614224649,-0.0001795970095144382,-0.42775554724894826,0.005180507613214513,0.2679999999999998,-0.053999999999999826,0.4079999999999999,3.25,3.4921267317034275,0.0,0
2015-06-12,-0.0021332130999999754,-0.000401140579999959,-0.0010766488627999655,-0.001382284071848824,-0.004250163830653696,-0.00281622395125126,-0.0031316907247197962,-0.0015512564049069487,-0.0044844054208072635,-0.0033404773046061403,0.001021489002809722,-0.0009306650194356582,-0.00016932495075995985,-0.09457215438116817,0.0008864508871964782,0.07699999999999996,0.2679999999999998,0.4849999999999999,3.25,3.4921267317034275,0.0,0
2015-06-19,-0.0028812270899999937,-0.01727434481000001,-0.011661028899200003,-0.0016822685254880268,-0.004035302196691827,-0.002858785361089927,-0.0031176190649223447,-0.0015270764985401027,-0.004243296793897814,-0.003183970878708307,0.0009907045866570806,-0.0010837073755369634,-0.0002746867102812863,-0.06377686173777142,0.0005950789683978486,-0.05600000000000005,0.07699999999999996,0.4289999999999998,3.25,3.4921267317034275,0.0,0
2015-06-26,-0.004691628469999987,0.01054257935999997,0.004601238306299987,-0.0022458129587652398,-0.0023066791917290045,-0.002276246075247122,-0.002282941360873136,-0.002227032057756631,-0.004040016367763513,-0.0033329524868608287,-0.0002443476957360324,-0.0008055213655286785,-0.0005866636343095466,0.16258262305953664,0.014812077248058744,0.07200000000000006,-0.05600000000000005,0.5009999999999999,3.25,3.4921267317034275,0.0,0
2015-07-03,0.0,-0.00552621126999997,-0.0033709888746999814,-0.002316522623371601,-0.002177854524451163,-0.0022471885739113817,-0.002231935083030134,-0.002404611848298899,-0.003916324619611776,-0.0033267566387997537,-0.0006561595947896705,-0.0006374820669936274,-0.0006447663028340842,-0.0693504095972648,-0.025500360653374046,-0.09499999999999975,0.07200000000000006,0.40600000000000014,3.25,3.509600545051222,0.0,0
2015-07-10,-0.0036774473300000277,-0.025714456330000024,-0.017120022820000025,-0.0025855289649613835,-0.0023264048431036947,-0.0024559669040325393,-0.0024274632506281935,-0.0023545296119640807,-0.00465502829443903,-0.0037578338082738,-0.000909886985058042,-0.0015493686300395873,-0.0012999707884967847,0.0008541729779054652,-0.026652456794425818,0.020000000000000018,-0.09499999999999975,0.42600000000000016,3.25,3.509600545051222,0.0,0
2015-07-17,0.00526351412999998,0.00686074968,0.006237827815499992,-0.002916573217255318,-0.0029829880836635134,-0.0029497806504594154,-0.002957086285764317,-0.0026063350253076973,-0.004820892352857642,-0.0039572149951131634,-0.00180648846230659,-0.002186637228714969,-0.002038379209815701,-0.34330611216681994,-0.007403768516160019,0.1389999999999998,0.020000000000000018,0.565,3.25,3.509600545051222,0.0,0
2015-07-24,-0.0011915932999999601,0.022039037710000042,0.012979091616100042,-0.002582122732996531,-0.0014429113660440465,-0.002012517049520289,-0.0018872037991555155,-0.002010209209236337,-0.003457348955015953,-0.0028929644541619026,-0.0016163267034907185,-0.001458288811602385,-0.001519923589438835,0.09779710699447453,-0.04565280562997058,-0.017999999999999794,0.1389999999999998,0.5470000000000002,3.25,3.509600545051222,0.0,0
2015-07-31,-0.0017766390300000268,0.000129354979999996,-0.0006139826839000129,-0.0027249711913853664,-0.0011469570498691545,-0.0019359641206272604,-0.001762382565060477,-0.0021901179211206117,-0.0033930073977599283,-0.002923880501870595,-0.0018041622343233537,-0.0014939626306691366,-0.0016149404760942812,0.25460040486806146,0.0062094480995783016,-0.07000000000000028,-0.017999999999999794,0.47699999999999987,3.25,3.509600545051222,0.0,0
2015-08-07,-0.0017731724899999746,-0.029166993150000042,-0.018483403092600013,-0.0021490864817304725,-0.0006214518148953848,-0.0013852691483129285,-0.001217229334961069,-0.0028012383142558554,-0.0032976390456187577,-0.003104042760387226,-0.00178230097697559,-0.0012806401162799121,-0.0014762878519512265,-0.23082406875837047,-0.032219130960104175,0.12600000000000033,-0.07000000000000028,0.6030000000000002,3.25,3.9724463003387913,0.0,0
2015-08-14,-0.042649418570000014,-0.02230109873999997,-0.030236943473699988,-0.00234319584819562,-0.0007132285840240238,-0.0015282122161098218,-0.0013489158170509464,-0.002352224373700731,-0.0035264341765437017,-0.003068492353434943,-0.0007129541576016796,-0.0009472659531741073,-0.0008558843529008606,-0.11929536665520502,-0.07036261715088112,-0.0050000000000003375,0.12600000000000033,0.5979999999999999,3.25,3.9724463003387913,1.0,0
2015-08-21,-0.009375486570000008,-0.007241170999999991,-0.008073554072299998,-0.003379265831892077,-0.0004913813281317951,-0.0019353235800119361,-0.0016176562845983053,-0.002575653838109162,-0.003359167405927667,-0.00305359711447845,-0.0014870570308405133,-0.0020952150090629445,-0.0018580333975561961,-0.5817154026021021,-0.0639086728483285,0.18799999999999972,-0.0050000000000003375,0.7859999999999996,3.25,3.9724463003387913,1.0,0
2015-08-28,0.023388636830000004,-0.030136682010000027,-0.009261807662400012,-0.003190764992987602,-0.0005448313310825551,-0.0018677981620350784,-0.0015767454592255235,-0.0025374703680454327,-0.004001742934122296,-0.003430676633352319,-0.0017596134603324134,-0.0025684192190868066,-0.0022529849731725933,0.04366482073119515,0.04826087773311315,0.04500000000000082,0.18799999999999972,0.8310000000000004,3.25,3.9724463003387913,1.0,0
2015-09-04,0.005481975740000006,-0.006270316489999983,-0.0016869225202999875,-0.0023395105885509453,0.0007318685933268375,-0.000803820997612054,-0.00046596928760549785,-0.001708614404264984,-0.003439361281539108,-0.0027643699994021995,-0.0009737310051917308,-0.0030918949385721995,-0.002265811004553817,0.22551421382841141,-0.027230728910896854,0.04899999999999949,0.04500000000000082,0.8799999999999999,3.25,3.83948197108412,0.0,0
2015-09-11,-0.004007618049999995,-0.0033417351800000272,-0.0036014294993000143,-0.0024977012077346,0.0007203338812083685,-0.0008886836632631158,-0.0005346998034793893,-0.001570884038215658,-0.0034837918415098652,-0.0027377577982251244,-0.0008209112597625575,-0.0031410721374428084,-0.0022362093951475105,0.09754967029635475,0.019479058434106255,-0.12899999999999956,0.04899999999999949,0.5010000000000003,3.5,3.83948197108412,0.0,0
2015-09-18,-0.005272636140000009,0.006343508860000013,0.0018132123100000042,-0.0024127093891935713,0.001487746489031464,-0.00046248145008105364,-3.343130347629986e-05,-0.0014456777836831655,-0.003020253610781098,-0.0024061690382129043,-0.0009667824710756492,-0.003083873356684313,-0.002258207911296934,0.05706476968568408,-0.004978068870959835,-0.07000000000000028,-0.12899999999999956,0.43100000000000005,3.5,3.83948197108412,0.0,0
2015-09-25,-0.005380701670000015,-0.008938439470000004,-0.007550921728000008,-0.0023292640320673286,0.0009326359064310257,-0.0006983140628181514,-0.0003395050695833325,-0.001510571479106031,-0.003215229350171671,-0.0025504127804560715,-0.001227303351343469,-0.003369424391653403,-0.002533997185932529,-0.03632140083359614,-0.027053013281342325,0.18599999999999994,-0.07000000000000028,0.617,3.5,3.83948197108412,0.0,0
2015-10-02,-0.0026136927399999788,-0.003009281340000003,-0.0028550017859999936,-0.0012809374751596037,0.0023458997557604146,0.0005324811403004054,0.0009314332357016074,-0.000980251265853793,-0.0030085992915349804,-0.0022175435615193174,-0.0009691414771422549,-0.0032713444163839497,-0.002373485270079689,-0.275201148276742,0.009358251886600916,0.022999999999999687,0.18599999999999994,0.6399999999999997,3.5,3.603423019375521,0.0,0
2015-10-09,0.013338126859999994,0.009360330179999987,0.01091167088519999,-0.0009005229260204512,0.0032044403318211767,0.0011519587029003627,0.001603504661262942,-0.0003940005549842183,-0.0023160301013663755,-0.0015664385782773343,-0.00072875435335318,-0.002672885009160019,-0.0019146740533953518,0.4433686852717236,0.04066658488433897,-0.22499999999999964,0.022999999999999687,0.41500000000000004,3.5,3.603423019375521,0.0,0
2015-10-16,-0.00851902839999999,0.00835927232,0.0017767350392000033,-0.0010642334067704562,0.0034829977110499653,0.0012093821521397545,0.0017095775751000005,-0.00044878242539669893,-0.0019602372314348124,-0.0013707698570799482,-0.0007501780863012124,-0.0025885479524671334,-0.0018715837046624241,0.2174821928241062,-0.014541814108953081,-0.16599999999999993,-0.22499999999999964,0.2490000000000001,3.5,3.603423019375521,0.0,0
2015-10-23,0.001064401829999978,0.009526600300000021,0.006226342896700004,-0.0010620492028259013,0.0036149204939218524,0.0012764356455479756,0.0017909023121902283,-0.0004991868803480196,-0.0017765822341502227,-0.0012783980461673634,-0.0007707453395482597,-0.0024652372048291804,-0.0018043853773696214,-0.02709370563808089,0.008553681949209638,0.05899999999999972,-0.16599999999999993,0.30799999999999983,3.5,3.603423019375521,0.0,0
2015-10-30,-0.0033837396899999983,-0.00372055122999998,-0.003589194729399987,-0.00095007479469121,0.003441865170006678,0.001245895187657734,0.001729008583774502,-0.0004062864895073592,-0.0018531772285054484,-0.0012888898402961936,-0.0006497772651031447,-0.002444915539313799,-0.0017448116123716438,0.029373334783107108,-0.027585047987355324,0.050000000000000266,0.05899999999999972,0.3580000000000001,3.5,3.603423019375521,0.0,0
2015-11-06,-0.002668635409999981,0.011976871090000007,0.006265123555000012,-0.0007838627508711085,0.0044226238860931326,0.001819380567611012,0.0023920940976770782,-0.00043356967316168825,-0.0013647054560004981,-0.0010015625006933623,-0.0007018715710809841,-0.0019813136765056126,-0.0014823312553900075,0.03423857063844338,0.003029991333528618,0.09299999999999997,0.050000000000000266,0.45100000000000007,3.5,4.096955402916155,0.0,0
2015-11-13,-0.007634193980000009,0.017633860019999947,0.0077793189599999635,-0.0007569867547772157,0.003833987085358431,0.0015385001652906075,0.0020435072877055286,-0.00023478506586304825,-0.001967173032164118,-0.0012915417253067008,-0.0004837097641959804,-0.0028080059865376213,-0.0019015304598243815,-0.3646727957409295,-0.013466944866640107,0.16100000000000003,0.09299999999999997,0.6120000000000001,3.5,4.096955402916155,0.0,0
2015-11-20,0.004811678850000001,0.008300006680000027,0.0069395588263000164,0.000556927220753941,0.004664924749016573,0.0026109259848852567,0.0030628057129941464,0.0003730901513139187,-0.00130346015521462,-0.0006496055356684899,0.00012080563873859205,-0.0021020063499307498,-0.0012351096743497066,0.43249613553164523,-0.014083134490980795,-0.19300000000000006,0.16100000000000003,0.41900000000000004,3.5,4.096955402916155,0.0,0
2015-11-27,-0.005782790640000007,-0.02339355595999998,-0.01652535748519999,0.00026471599339486686,0.005147238307102972,0.0027059771502489192,0.003243054604756811,0.0005954394381794569,-0.0010314181248114566,-0.0003969436752450003,0.00011796399151633324,-0.0020107849352951714,-0.0011805728538386846,-0.09203743943296239,-0.021384728447552355,0.03399999999999981,-0.19300000000000006,0.45299999999999985,3.5,4.096955402916155,0.0,0
2015-12-04,0.0015494491399999921,0.020234549820000003,0.012947360554799997,0.00015099259119809565,0.005432436697788278,0.002791714644493187,0.003372673496218107,0.0004633694085497101,-0.0005155721275914685,-0.00013378492849640882,7.46127455839218e-05,-0.002025798538503036,-0.0012066381377091226,-0.013702377835387303,0.00684592353037365,0.020000000000000018,0.03399999999999981,0.47299999999999986,3.5,4.313785323899444,0.0,0
2015-12-11,-0.0003085730199999803,-0.0071441778900000474,-0.004478291990700022,0.0028914770514384806,0.004956199655645365,0.003923838353541923,0.00415095784000468,0.0005663626119885824,-0.0009049626195928778,-0.0003311457792761083,0.0002162963973458608,-0.0020604151676904357,-0.00117249765732628,-0.08600660824800599,-0.018509048759579455,0.13400000000000034,0.020000000000000018,0.3570000000000002,3.75,4.313785323899444,0.0,0
2015-12-18,-0.011023806639999995,-0.026469029679999978,-0.020445392694399985,0.002795781391345608,0.002713283712152787,0.0027545325517491976,0.0027454578070379874,0.0003371529551205147,-0.0013979161385291052,-0.0007212391920057535,0.00014897502146698284,-0.002478765051089891,-0.0014539464227927101,0.12257250134504516,-0.033711793831951255,-0.04600000000000026,0.13400000000000034,0.31099999999999994,3.75,4.313785323899444,0.0,0
2015-12-25,-0.004883982150000021,-0.006065178579999997,-0.0056045119723000065,0.002821864825739248,0.002918328802142302,0.002870096813940775,0.0028807078513451113,0.0004749715278003414,-0.0010040152294029342,-0.0004272103940936567,0.0004115446050296217,-0.002847018609576155,-0.001576178955879902,-0.1083408477568788,0.0222356512125272,0.051000000000000156,-0.04600000000000026,0.3620000000000001,3.75,4.313785323899444,0.0,0
2016-01-01,-0.004333523990000004,0.0030365478400000145,0.00016221982630000705,0.015452690365282866,-0.0036016627657440396,0.005925513799769413,0.003829534955356454,0.0006453817872302683,-0.0010277706253250724,-0.0003752411844284895,0.0003600454337904745,-0.002893037941878791,-0.0016243354253677772,-0.06926592579425317,-0.008774141516050687,0.041999999999999815,0.051000000000000156,0.4039999999999999,3.75,4.516009849319152,0.0,0
2016-01-08,-0.009044834149999986,-0.0017334008200000084,-0.0045848598187,0.016052069762407126,-0.0025836199528245407,0.006734224904791293,0.004684299036115809,0.0008006417241961589,-0.0003673489082210537,8.816743842165924e-05,0.0005463890393934674,-0.00273010607025112,-0.0014522729774897308,0.1139328862425919,-0.05814024293625652,-0.008000000000000007,0.041999999999999815,0.3959999999999999,3.75,4.516009849319152,0.0,0
2016-01-15,-0.020955931690000013,-0.02157330730000001,-0.021332530812100015,0.01653003173923514,-0.0022364433753476283,0.007146794181943755,0.005082481919339651,0.0010049190403534265,-2.7583153159035337e-05,0.00037509270231082483,0.0007638669452404328,-0.002286915837833884,-0.0010971105524349002,-0.25651052021901144,-0.014802701731674441,0.19899999999999984,-0.008000000000000007,0.34499999999999975,4.0,4.516009849319152,0.0,0
2016-01-22,0.003989288180000022,0.002903278740000015,0.003326822421600018,0.018219588488730783,-0.0016826003968819542,0.008268494045924415,0.006079253268507013,0.0016324880945671704,0.00016121774165165042,0.0007350131792887032,0.0014397638895260404,-0.0020094692087821494,-0.0006642683004419553,0.3268006041077345,-0.0023641361512633896,-0.05900000000000016,0.19899999999999984,0.2859999999999996,4.0,4.516009849319152,0.0,0
2016-01-29,0.005466765779999994,0.0024271782799999975,0.003612617404999996,0.014575970508632421,-0.0019692422980470987,0.006303364105292661,0.004483390696557914,0.0014359938877248398,0.0002629020341606101,0.0007204078570506597,0.0013680475171615456,-0.0019757233457331005,-0.0006716527092041884,0.1886367696597835,0.023160318390054495,-0.1819999999999995,-0.05900000000000016,0.10400000000000009,4.0,4.516009849319152,0.0,0
2016-02-05,0.02128849522000001,0.027929576909999976,0.02533955505089999,0.010642169038016593,-0.007900648275159542,0.0013707603814285254,-0.0006689495230208491,0.0010130650109742363,-0.0005568249178008509,5.543215442143317e-05,7.137570714526318e-05,-0.00310702942375188,-0.001867451422701994,-0.1009502099116859,0.02218818518642015,-0.017999999999999794,-0.1819999999999995,0.0860000000000003,4.0,4.386632161789314,0.0,0
2016-02-12,0.008389387469999982,-0.005946699629999996,-0.0003556256610000052,0.01071056861234854,-0.007503808951895542,0.001603379830226499,-0.00040020170184034993,0.001040498241934634,-0.0005004181760980939,0.00010053922693466997,0.00011811853214899366,-0.0031807786764689256,-0.0018942087651079372,-0.06383943506177125,0.043227942503179025,0.09299999999999997,-0.017999999999999794,-0.07099999999999973,4.25,4.386632161789314,0.0,0
2016-02-19,0.0028793795400000044,0.007103563580000027,0.005456131804400018,0.010325714004672245,-0.007058477049275167,0.001633618477698539,-0.00027864253823567647,0.0008440293282758694,-0.00016397001029252176,0.0002291497317491508,0.0002941586163644212,-0.002966209116509972,-0.0016946657006889586,0.22250582040242106,0.006504323678479605,-0.17300000000000004,0.09299999999999997,-0.24399999999999977,4.25,4.386632161789314,0.0,0
2016-02-26,0.0009117904900000084,0.03219916051999999,0.0199970862083,0.01041854289693537,-0.009482562461884145,0.0004679902175256127,-0.0017211313719445332,0.0007329775753786809,-0.00026145131438319754,0.00012637595262393508,0.00018283315294793261,-0.0030481009504830145,-0.001788036650144945,0.15068270201180822,0.01395026909909323,-0.14100000000000001,-0.17300000000000004,-0.3849999999999998,4.25,4.386632161789314,0.0,0
2016-03-04,0.011958073959999982,0.008566644439999993,0.009889301952799988,0.007335597001425782,-0.010536164233062497,-0.0016002836158183573,-0.0035661773516120674,0.0010031582077941058,-3.288794641724969e-05,0.0003711700537251789,6.60355671482846e-05,-0.0031078332810909877,-0.0018700244302776714,0.3336660310986509,0.05943081812729783,-0.2320000000000002,-0.14100000000000001,-0.617,4.25,4.220086129598276,0.0,0
2016-03-11,0.011802762160000008,-0.01071132130000002,-0.0019308287506000091,0.008543698372286178,-0.008621961339062366,-3.913148338809385e-05,-0.0019273540516364335,0.0013754980721016265,-0.00038093337673422413,0.0003040748883117577,0.00028712452174569194,-0.0034438943947688603,-0.001988797017328185,0.21341992066318172,0.002489124657656959,-0.13100000000000023,-0.2320000000000002,-0.7480000000000002,4.25,4.220086129598276,0.0,0
2016-03-18,0.017784343100000016,-0.007445637670000005,0.0023940548303000037,0.009326524565178046,-0.010553799939763454,-0.0006136376872927039,-0.0028004733828362683,0.0014629302769094577,-0.0008623348800389504,4.4518531170928866e-05,0.0005230506207746349,-0.003483279321109204,-0.001920810643774507,0.2865821620244319,0.05539924157865507,-0.12199999999999989,-0.13100000000000023,-0.8700000000000001,4.25,4.220086129598276,0.0,0
2016-03-25,0.0019626397699999965,0.008182250350000031,0.005756602223800018,0.00999951873577817,-0.010189747198072257,-9.511423114704366e-05,-0.002315933483870591,0.0013993305440074583,-0.0005617596913614635,0.000203065500432416,0.00048077622677422205,-0.0035235740637904285,-0.001961877450470215,-0.09360074456160533,-0.025178465126240075,0.07900000000000018,-0.12199999999999989,-0.7909999999999999,4.25,4.220086129598276,0.0,0
2016-04-01,-0.012743013210000015,0.010353770330000012,0.0013460247494000016,0.005807621580449045,-0.010072343505919162,-0.002132360962735058,-0.0038791571222355605,0.00042017374193262117,0.00028025238311477193,0.00033482171305373315,-0.00032564126488378157,-0.003208561874704332,-0.002084222836874317,0.3957250530764897,0.009670964061977975,-0.09200000000000008,0.07900000000000018,-0.883,4.25,3.840986199158387,0.0,0
2016-04-08,-0.013545222979999993,-0.006332237920000039,-0.009145302093400021,0.006707269725346662,-0.008484858483381484,-0.0008887943790174108,-0.0025599284819775065,0.0005469896349485288,0.0005669548921563255,0.0005591684418452848,0.0002557178608596346,-0.0029659114889606097,-0.0017094760425307145,-0.1891489788969974,-0.0328516785960377,0.028999999999999915,-0.09200000000000008,-0.8540000000000001,4.25,3.840986199158387,0.0,0
2016-04-15,0.039562691370000014,0.06999793465000004,0.05812818977080003,0.005397271825894862,-0.01432298335155551,-0.004462855762830323,-0.006632083832349864,0.00012266963736392656,-0.001150345335252637,-0.0006538694959321771,5.9385328515228816e-05,-0.004178400115884955,-0.002525663792568883,0.341938222091969,0.1298910011067513,-0.2559999999999998,0.028999999999999915,-1.1099999999999999,4.25,3.840986199158387,0.0,0
2016-04-22,-0.006081093779999991,0.018295211849999993,0.008788452654299998,0.0032285062271120504,-0.011804846824927186,-0.004288170298907568,-0.005941839134631884,-0.00037939672824623865,-0.0007699755868683647,-0.0006176498320057355,-0.0004152688097156191,-0.0036738314541217777,-0.0024029920228033756,0.2387221993558601,0.013870441302805698,-0.006000000000000227,-0.2559999999999998,-1.116,4.25,3.840986199158387,0.0,0
2016-04-29,0.017357916969999998,0.00964944537000001,0.012655749294000006,-0.003370221491030662,-0.007205064690543401,-0.005287643090787031,-0.005709475842733433,-0.0020733535268020646,4.8947811401358786e-05,-0.0007787497104979763,-0.001931689786532735,-0.0027272978659386073,-0.002417010714970317,-0.5277770097957374,0.02714708824787883,0.01100000000000012,-0.006000000000000227,-1.105,4.25,3.840986199158387,0.0,0
2016-05-06,-0.007039473750000025,-0.019760690700000028,-0.014799416089500026,-0.0018849692018484314,-0.010153333967229223,-0.006019151584538827,-0.006928671708730714,-0.0017667675471482523,-0.002006127373820198,-0.001912777041418139,-0.0016640525628247188,-0.004043195420091673,-0.003115329705757561,0.23559766155197776,-0.043599148227977856,-0.0009999999999998899,0.01100000000000012,-1.1059999999999999,4.25,3.4861845096868294,0.0,0
2016-05-13,0.027324492169999992,0.08387170590999998,0.061818292551399985,-0.0011414571917846682,-0.005977666878716632,-0.00355956203525065,-0.004091545100813166,-0.001200121596704544,-0.00018048749953824433,-0.0005781447974331012,-0.0013771415223577939,-0.0026598282780445153,-0.002159580443326694,0.1161060941882527,0.022065363986637315,-0.017000000000000348,-0.0009999999999998899,-1.1230000000000002,4.25,3.4861845096868294,0.0,0
2016-05-20,0.0036117955100000154,-0.004557661709999938,-0.0013715733941999564,-0.000922743461934058,-0.0064799607895490545,-0.0037013521257415563,-0.004312646031779206,-0.0011442556035139086,-0.00031541422566140793,-0.0006386623630238832,-0.0013923364231507294,-0.0026383922778587523,-0.0021524304945226233,-0.19819989388920342,-0.010518315659260888,0.18800000000000017,-0.017000000000000348,-0.935,4.25,3.4861845096868294,0.0,0
2016-05-27,0.006336717260000013,-0.014076783930000003,-0.006115518465899997,-0.0012060069688928678,0.001501672166215389,0.00014783259866126062,0.00044567730352316885,-0.0012069873860482954,-0.0003526305775423831,-0.000685829732859689,-0.0013486607018056572,-0.0021346564592177575,-0.0018281181138270384,-0.0247157849665455,0.002381683686648709,-0.02300000000000013,0.18800000000000017,-0.9580000000000002,4.25,3.4861845096868294,0.0,0
2016-06-03,-0.0007233985500000317,-0.026695196250000053,-0.016566195147000046,-0.002119654277905651,-0.001981147896034166,-0.0020504010869699086,-0.0020351653849640453,-0.0017435178006223323,-0.0027162716241717674,-0.0023368976329874876,-0.001709262365092395,-0.0031387909825256683,-0.0025812748217266916,0.33478667913175575,0.026437161475883666,-0.12299999999999978,-0.02300000000000013,-1.081,4.25,3.293351689950794,0.0,0
2016-06-10,-0.007656189469999963,-0.01316258939999998,-0.011015093427299973,-0.0017213700798581043,-0.0010822725057830283,-0.0014018212928205663,-0.001331520559672308,-0.0005518550564305945,-0.003271087858588604,-0.0022105870657469803,-0.0016544527363854427,-0.0034329953636582527,-0.0027393637390218566,0.12409465734506447,-0.010958660085166565,-0.09699999999999998,-0.12299999999999978,-1.178,4.25,3.293351689950794,0.0,0
2016-06-17,0.00505838507999995,-0.0026522361599999877,0.00035490612359998777,-0.0029776195629268778,-0.0032946801343393256,-0.0031361498486331017,-0.003171026511488471,-0.0005865321096005893,-0.0031035718591042646,-0.002121926356797831,-0.00198821723513138,-0.0032426021822921365,-0.0027533920528994412,-0.05658787692165068,-0.011629727654272603,-0.016000000000000014,-0.09699999999999998,-1.194,4.25,3.293351689950794,0.0,0
2016-06-24,0.004951585810000048,0.008585861309999998,0.0071684938650000175,-0.00013734822540485692,-0.004788816256547649,-0.002463082240976253,-0.00297474372440196,-0.0005475546382893237,-0.0030557760389584034,-0.0020775696926974624,-0.0018550390741334383,-0.002989786150963106,-0.0025472347909995356,0.12512730596068933,-0.009579234699696479,-0.010000000000000231,-0.016000000000000014,-1.2040000000000002,4.25,3.293351689950794,0.0,0
2016-07-01,-0.002162331790000027,-0.0018549529299999867,-0.0019748306854000027,0.0034477736435749445,-0.0014562610633406514,0.0009957562901171464,0.00045631247235643115,0.0025697919569064058,-0.00601563316095275,-0.0026673173649876787,-0.0013520072068092944,-0.002444942217641676,-0.0020186975634170472,0.20770492858397616,0.02922755240894516,-0.3049999999999997,-0.010000000000000231,-1.509,4.25,2.9243123428975513,0.0,0
2016-07-08,0.01354645593999998,0.0022991813199999545,0.006685618421799964,0.0013295246144998949,-8.527855023906118e-05,0.0006221230321304169,0.0004664946840091317,0.00070454525647436,-0.004917778560384693,-0.0027250722718096623,-0.001811540865598919,-0.0019905800099272756,-0.0019207547436392164,0.010723908337617938,-0.007893319585070169,-0.17100000000000026,-0.3049999999999997,-1.6800000000000002,4.25,2.9243123428975513,0.0,0
2016-07-15,0.002659608530000024,0.034850968460000076,0.022296338087300055,0.0012567089465884418,0.0024022781657136406,0.0018294935561510412,0.001955506170254813,0.0003818164153817456,-0.004505370374490397,-0.002599367526440261,-0.001877151426578555,-0.0017281508564524553,-0.001786261078801634,-0.011923023577557479,0.025530196611071202,0.03000000000000025,-0.17100000000000026,-1.65,4.25,2.9243123428975513,0.0,0
2016-07-22,-0.00922977639,0.009670363059999909,0.002299308674499944,0.0017484138604631737,0.0007820011153507582,0.0012652074879069659,0.0011589020859446002,0.001098966261685366,-0.004335425800035661,-0.002216012895964461,-0.0015495430747566646,-0.0017809138127233952,-0.0016906792249163703,-0.18276764862208095,0.008019620221725867,0.054999999999999716,0.03000000000000025,-1.5950000000000002,4.25,2.9243123428975513,0.0,0
2016-07-29,0.008132570880000023,0.01714612803000004,0.013630840741500033,0.0022851389202855933,0.001076514014022953,0.001680826467154273,0.0015478777274653827,0.0002507135110937134,-0.004142964790984069,-0.002429430253173734,-0.0015708516242581294,-0.001673386671120377,-0.0016333980028441003,-0.10141376761417786,0.022573024112921686,0.0810000000000004,0.054999999999999716,-1.5139999999999998,4.25,2.9243123428975513,0.0,0
2016-08-05,0.007383854359999997,-0.007272922119999969,-0.001556779292799982,0.002482331050333385,0.00016824850715170688,0.001325289778742546,0.0010707406989925615,0.0009688153422818305,-0.004282620308360502,-0.0022345604046099922,-0.0011819752038389477,-0.001838126166244806,-0.0015822272909065214,0.12507187624178812,0.009632906207982163,-0.0860000000000003,0.0810000000000004,-1.6,4.25,2.9053720756337102,0.0,0
2016-08-12,0.004864483659999974,0.008347792679999966,0.006989302162199969,-0.0008475291164343006,-0.0008306372267464638,-0.0008390831715903822,-0.0008372250637247202,0.0008306432986260391,-0.004063247334777247,-0.002154629987749965,-0.001170025888276582,-0.0018408355945351263,-0.001579219809094294,0.01940177420019379,-0.003302272339079206,-0.1120000000000001,-0.0860000000000003,-1.7120000000000002,4.25,2.9053720756337102,0.0,0
2016-08-19,0.0,-0.005539717520000043,-0.003379227687200026,-9.787776315985791e-05,-0.0001530659981313204,-0.00012547188064558916,-0.00013154258649245005,0.0004881050497327951,-0.004184578408762322,-0.002362231859949226,-0.0014547686892212074,-0.0020059342731621977,-0.0017909796954252116,0.16719972011663176,0.00852109296279125,-0.09899999999999975,-0.1120000000000001,-1.811,4.25,2.9053720756337102,0.0,0
2016-08-26,0.0011686257799999877,-0.012720955639999976,-0.00730401888619999,-0.0006224431936225935,0.002437105859100433,0.0009073313327389197,0.0012438817285384527,0.0007413743072587835,-0.004350136741069629,-0.0023644474322215485,-0.0015745878854221374,-0.0022904868249397758,-0.002011286238527897,-0.06865055190097857,-0.03338480746525027,0.053999999999999826,-0.09899999999999975,-1.7570000000000001,4.25,2.9053720756337102,0.0,0
2016-09-02,-0.01013353119999999,-0.0064266309999999605,-0.007872322077999972,-0.01041023878443188,-0.007293336515426955,-0.008851787649929417,-0.008508928400338876,-0.005811063897089243,-0.009184848955652001,-0.007869072782812524,-0.0031735559891470227,-0.003760654177691337,-0.0035316858841590547,0.5506433821674087,0.013570071449350683,0.028000000000000025,0.053999999999999826,-1.729,4.25,3.0842979885765716,0.0,0
2016-09-09,0.005342682370000018,-0.0032537075099999813,9.888454320001842e-05,-0.011010115052128525,-0.007917910464986551,-0.009464012758557537,-0.00912387025397192,-0.005627062519234607,-0.0068518208007379185,-0.006374165070951628,-0.0031707412546532797,-0.00361913055570939,-0.003444258728297507,-0.0048475905131144525,0.0034504657419377575,0.040000000000000036,0.028000000000000025,-1.689,4.25,3.0842979885765716,0.0,0
2016-09-16,-0.01168194546000001,-0.0066372841200000865,-0.008604702042600056,-0.011495915986620558,-0.00810182155896854,-0.00979886877279455,-0.009425518385752826,-0.006113709717136364,-0.007120822859134793,-0.006728048733755406,-0.0034553736248216864,-0.004071664724074451,-0.0038313111953658724,-0.12296769270948382,-0.016101593834729765,0.20100000000000007,0.040000000000000036,-1.488,4.25,3.0842979885765716,0.0,0
2016-09-23,0.01141500551000002,0.0006619953900000031,0.00485566933680001,-0.012861641623541682,-0.005180783027127756,-0.009021212325334718,-0.008176317879729188,-0.006661111289996399,-0.00610909626477333,-0.006324382124610327,-0.0037630840898261603,-0.0034196760815299702,-0.003553605204765484,-0.19219369957838084,0.02295041074213636,-0.053999999999999826,0.20100000000000007,-1.5419999999999998,4.25,3.0842979885765716,0.0,0
2016-09-30,-0.0036283790300000174,-0.007118704589999969,-0.005757477621599987,-0.012146956794999574,-0.005639385720388673,-0.008893171257694123,-0.008177338439486925,-0.0064849724960728584,-0.005566581976896836,-0.0059247542793754845,-0.0035136986135668336,-0.0030315942511980037,-0.0032196149525218474,-0.25549583057948466,-0.02790061445833702,-0.10099999999999998,-0.053999999999999826,-1.6429999999999998,4.25,3.0842979885765716,0.0,0
2016-10-07,-0.0019280137800000152,-0.022020015020000006,-0.01418413453640001,-0.01279222700905217,-0.005146309829572411,-0.00896926841931229,-0.008128217529569517,-0.00642522665282423,-0.005977730837951919,-0.0061522542057521196,-0.0036074434221080934,-0.0029237226101423404,-0.003190373726808984,-0.09815735338056308,-0.01059676304274329,0.08999999999999986,-0.10099999999999998,-1.553,4.25,3.35485312478777,0.0,0
2016-10-14,0.0,-0.010786155879999981,-0.006579555086799988,-0.012210242838676747,-0.004000043159867199,-0.008105142999271973,-0.007202021034602923,-0.006341558018546939,-0.0052872324678260064,-0.00569841943260717,-0.0036151881338073316,-0.0027359341749035393,-0.0030788432188760184,-0.20172782028487513,0.000823411011850976,0.07299999999999995,0.08999999999999986,-1.48,4.25,3.35485312478777,0.0,0
2016-10-21,0.012932867200000031,0.03402775367000005,0.02580074794670004,-0.012474150480830178,-0.0049635553383160485,-0.008718852909573114,-0.007892687443896559,-0.006331924395621531,-0.006181074705979287,-0.006239906084939762,-0.0037199687608308273,-0.0031365366464644476,-0.003364075171067336,-0.009518786523627976,0.025763126273020815,-0.020000000000000018,0.07299999999999995,-1.5,4.25,3.35485312478777,0.0,0
2016-10-28,-0.004167148260000031,-0.006548737500000068,-0.005619917696400053,-0.012870927586810837,-0.005104299422287977,-0.008987613504549408,-0.008133284406451892,-0.006715789338583303,-0.006813327219549322,-0.0067752874459725745,-0.0037081852441331912,-0.003094937369544681,-0.0033341040406342,-0.1718226590626399,-0.00769572154301749,0.133,-0.020000000000000018,-1.367,4.25,3.35485312478777,0.0,0
2016-11-04,-0.008443112269999997,-0.0014898215899999956,-0.004201604955199997,-0.012967408748792549,-0.005560217491802581,-0.009263813120297565,-0.008449022082028669,-0.006812683737472903,-0.006764559739064254,-0.0067833280984436264,-0.003795819911305278,-0.0031142529061099176,-0.0033800640381361083,-0.029465123469917448,0.00536921224317848,0.06499999999999995,0.133,-1.302,4.25,3.3008454479529665,0.0,0
2016-11-11,0.012082030470000005,0.006255334790000067,0.008527746105200042,-0.013252318623406183,-0.0029396806824487673,-0.008095999652927476,-0.0069616094794221605,-0.00681843875253766,-0.005841445312433523,-0.006222472754074136,-0.003805872532288385,-0.003119222174939596,-0.0033870158143056235,-0.5715551830182488,0.03639931094343747,0.5350000000000001,0.06499999999999995,-0.7669999999999999,4.25,3.3008454479529665,0.0,0
2016-11-18,0.0038157691899999846,0.017831566939999988,0.012365405817499986,-0.015592484417224254,-0.008004459448732265,-0.011798471932978258,-0.01096378918644414,-0.007270782208691262,-0.007294270986715035,-0.0072851103632857635,-0.0038707468223501433,-0.0032469699134397775,-0.00349024290791482,-0.3578888722543706,-0.0124527083450987,0.18399999999999972,0.5350000000000001,-0.5830000000000002,4.25,3.3008454479529665,0.0,0
2016-11-25,-0.010040687979999963,-0.002609427910000073,-0.00550761933730003,-0.01682160524098096,-0.008797258324753005,-0.012809431782866983,-0.011926753622081909,-0.008736430678764121,-0.004964487714604924,-0.0064355454706270104,-0.004641179747186498,-0.004040330588670921,-0.0042746617604919965,0.1930276529736955,0.013701212695127595,0.038000000000000256,0.18399999999999972,-0.5449999999999999,4.25,3.3008454479529665,0.0,0
2016-12-02,0.003568518829999978,0.004142639670000059,0.003918732542400027,-0.016909588886809046,-0.008858501321502957,-0.012884045104156002,-0.011998425471972333,-0.008950869252305009,-0.004894812991531306,-0.00647667493323305,-0.00462430315397846,-0.004058437207999886,-0.00427912492693153,-0.07094591923608606,0.007088104236772103,0.041999999999999815,0.038000000000000256,-0.5030000000000001,4.25,3.1893191949906354,0.0,0
2016-12-09,0.011765351019999981,-0.007233431690000014,0.00017609356689998398,-0.015951578282075662,-0.009447559199342644,-0.012699568740709153,-0.011984126641608521,-0.008390439985739953,-0.005384503711432061,-0.006556818858412139,-0.003425405356520485,-0.004880979348809898,-0.004313305491817027,0.2461358752211265,0.008464612014106466,-0.06599999999999984,0.041999999999999815,-0.569,4.25,3.1893191949906354,0.0,0
2016-12-16,0.00834050081000004,0.016341483729999995,0.013221100391200013,-0.01604056240143186,-0.008971745224500546,-0.012506153812966204,-0.01172858392350376,-0.00883212805471974,-0.006887205721045658,-0.00764572543117855,-0.003289062119337965,-0.00458755203981105,-0.004081140970826546,-0.07395559416864467,-0.011318892499752148,0.08099999999999996,-0.06599999999999984,-0.488,4.25,3.1893191949906354,0.0,0
2016-12-23,-0.0033134544700000323,0.03804437395000004,0.021914820866200013,-0.016582845413965083,-0.009947505861214942,-0.013265175637590013,-0.012535288286787497,-0.007810301915380025,-0.008216929027827712,-0.008058344453973115,-0.003434517601781285,-0.004143673996367649,-0.003867103002478967,0.08273560700766053,0.004148675738914989,-0.03699999999999992,0.08099999999999996,-0.5249999999999999,4.25,3.1893191949906354,0.0,0
2016-12-30,-0.008644982179999983,0.03603947181,0.018612534753900005,-0.016019293714077735,-0.011152998126892482,-0.01358614592048511,-0.01305085340589473,-0.006783374070090018,-0.009254402415049984,-0.008290701360515598,-0.005297403310856781,-0.010655423733757986,-0.008565795768826516,-0.02473486870910052,0.017349333771766732,-0.020000000000000018,-0.03699999999999992,-0.5449999999999999,4.25,3.1893191949906354,0.0,0
2017-01-06,0.004762209020000019,0.0020047510399999746,0.0030801596521999918,-0.016176456514849565,-0.013046194177810368,-0.014611325346329966,-0.014266996489255654,-0.006768406715314002,-0.009130442164683622,-0.00820924833942947,-0.005351305178096154,-0.010600362609829035,-0.008553230211453211,0.25980481553982804,0.012741518065718353,-0.1259999999999999,-0.020000000000000018,-0.6709999999999998,4.25,3.054642043942533,0.0,0
2017-01-13,0.005802372720000004,-0.011631383130000006,-0.0048322183485000015,-0.01682428690049298,-0.014830111459484065,-0.015827199179988524,-0.015607839881477542,-0.006045771070874643,-0.008908733384679388,-0.007792178082295537,-0.005307460924520211,-0.011248964060667645,-0.008931777837570147,0.33266402953217244,-0.0075657205594283124,-0.20400000000000018,-0.1259999999999999,-0.875,4.25,3.054642043942533,0.0,0
2017-01-20,0.004778170759999978,0.013486835139999931,0.01009045603179995,-0.01749936756345555,-0.015195157909404556,-0.016347262736430054,-0.016093799674484443,-0.006377252573287668,-0.010135331030947676,-0.008669680432460272,-0.005222221287403388,-0.010939056994102955,-0.008709491068490123,0.04763653107349175,0.0019925179020064843,0.07699999999999996,-0.20400000000000018,-0.798,4.25,3.054642043942533,0.0,0
2017-01-27,0.008195323079999983,0.0046553727200000505,0.006035953360400024,-0.016881699797388926,-0.013749388144741023,-0.015315543971064974,-0.014970989689273705,-0.006202973261552717,-0.01014728636132746,-0.008609004252415309,-0.0057733900606220375,-0.010738675622887715,-0.0088022142536041,-0.026061096352109084,0.02545758365442646,0.02499999999999991,0.07699999999999996,-0.7730000000000001,4.25,3.054642043942533,0.0,0
2017-02-03,0.0076289558000000035,0.047847088699999984,0.03216201686899999,-0.017009334544732482,-0.015703413639018046,-0.016356374091875264,-0.016212722792246677,-0.0061401412045158045,-0.012271250618849903,-0.009880117947259605,-0.005493554898839985,-0.012017345981637676,-0.009473067459346576,0.027718576464155528,0.011856165030401496,-0.06800000000000006,0.02499999999999991,-0.8410000000000002,4.25,3.2037221732114345,0.0,0
2017-02-10,-0.00625243987999996,0.0018459644899999628,-0.0013124132143000071,-0.01719850931208948,-0.01701298480618024,-0.01710574705913486,-0.017085339363484844,-0.007494326324207509,-0.012284984921990538,-0.010416628068855157,-0.005421123393366366,-0.011770992703521846,-0.009294543672561209,0.15234835804846208,0.009388073169308123,-0.10699999999999976,-0.06800000000000006,-0.948,4.25,3.2037221732114345,0.0,0
2017-02-17,0.010399089469999956,0.001941906770000057,0.005240208023000018,-0.01769337169266357,-0.01687778185742945,-0.01728557677504651,-0.017195861893170756,-0.007309098660412246,-0.010324733966208201,-0.00914863619694778,-0.005744892480028598,-0.011448342731763983,-0.009223997133587182,-0.14857602788409255,-0.012271670465369578,0.09899999999999975,-0.10699999999999976,-0.8490000000000002,4.25,3.2037221732114345,0.0,0
2017-02-24,0.003722924810000028,0.007704490910000028,0.006151680131000028,-0.018053926340577033,-0.015390797635302645,-0.01672236198793984,-0.016429417830359658,-0.007710521460206377,-0.00939145622166408,-0.008735891664695575,-0.00575917579532659,-0.011457124787033209,-0.009234924680267627,0.13396112525736567,-0.02089953081608305,-0.11699999999999999,0.09899999999999975,-0.9660000000000002,4.25,3.2037221732114345,0.0,0
2017-03-03,0.0046647263999999855,0.0008055589100000038,0.0023106342310999966,-0.018052066221073318,-0.015603337994463166,-0.016827702107768242,-0.016558342002841127,-0.010314930813368517,-0.00975199941461046,-0.009971542660126103,-0.007244531586850253,-0.011879140177548451,-0.010071642827176154,-0.21286472224427067,-0.0123368015548417,0.013000000000000345,-0.11699999999999999,-0.9529999999999998,4.25,3.9101622591893648,0.0,0
2017-03-10,-0.021107087209999986,-3.764212000001432e-05,-0.008254725705100004,-0.018325472082715896,-0.015133525090667933,-0.016729498586691913,-0.016378384417566637,-0.010707418910241868,-0.010609758200981586,-0.010647845877593095,-0.007264982193724736,-0.010361743557502984,-0.009154006625629468,-0.12898962773705414,-0.031009551773366582,0.10799999999999965,0.013000000000000345,-0.8450000000000002,4.25,3.9101622591893648,0.0,0
2017-03-17,-0.007475918680000027,-0.0003507642800000266,-0.0031295744960000266,-0.019508825315725738,-0.012882618720685243,-0.01619572201820549,-0.015466839292751035,-0.011408200525574293,-0.010853960071811409,-0.011070113848778932,-0.0077868328676407896,-0.010629115537885644,-0.00952062529649015,0.2753326553207214,0.02319744413855792,-0.1419999999999999,0.10799999999999965,-0.9870000000000001,4.25,3.9101622591893648,0.0,0
2017-03-24,0.0015106567600000065,0.009175265800000054,0.006186068274400036,-0.019497442937002486,-0.012856873421728327,-0.01617715817936541,-0.01544669553268525,-0.01176698218367946,-0.01047129163798029,-0.010976610950802965,-0.00772093681503433,-0.011022768296093995,-0.009735054018480726,0.0866134298868004,-0.005316134808833173,-0.06400000000000006,-0.1419999999999999,-1.0510000000000002,4.25,3.9101622591893648,0.0,0
2017-03-31,0.027066042459999995,0.013629270309999941,0.01886961144849996,-0.016816872608562735,-0.013963341392457264,-0.015390107000509998,-0.015076218566738398,-0.012657709667673314,-0.013593744569441308,-0.013228690957751789,-0.007531424104520004,-0.01122205336752859,-0.009782707954955241,-0.05269443021127007,0.017580494357840634,0.0820000000000003,-0.06400000000000006,-0.9689999999999999,4.25,3.9101622591893648,0.0,0
2017-04-07,0.015392801509999998,0.014879731069999957,0.015079828541599973,-0.017666245101406325,-0.01388931213132734,-0.015777778616366832,-0.015362315989658145,-0.012921740401264878,-0.012780295727906274,-0.01283545915051613,-0.007358005984926988,-0.011306122111117745,-0.00976635682190335,0.058453519764147754,0.004319135233165436,-0.019000000000000128,0.0820000000000003,-0.988,4.25,3.640702219331334,0.0,0
2017-04-14,-0.022978829859999994,0.012020487960000104,-0.0016292459897999352,-0.017285740542650026,-0.014471432156891915,-0.01587858634977097,-0.015569012427337579,-0.012132103942604826,-0.013172199243795615,-0.012766562076331207,-0.00685847280041752,-0.0115395879781097,-0.00971395305880975,-0.010530990744529234,-0.00803197186328328,-0.04400000000000004,-0.019000000000000128,-1.032,4.25,3.640702219331334,0.0,0
2017-04-21,-0.0010650798199999811,-0.019910697550000078,-0.01256090663530004,-0.01538025334868209,-0.016171240474596883,-0.015775746911639486,-0.015862755495490113,-0.012095569336814417,-0.012810464221412795,-0.012531655216419427,-0.006762293888315854,-0.011642587283527413,-0.009739272859394904,-0.03235745902814546,-0.009589880249516696,-0.0040000000000000036,-0.04400000000000004,-1.036,4.25,3.640702219331334,0.0,0
2017-04-28,-0.0007846477300000321,-0.033703339449999925,-0.020865049679199964,-0.01426151629017273,-0.02272287186566574,-0.018492194077919234,-0.019422943191223466,-0.012242233639238312,-0.012172764566680441,-0.01219985750497801,-0.007145734559995751,-0.011747230810122822,-0.009952647272573265,-0.008602524739025619,-0.005750737355602163,-0.019000000000000128,-0.0040000000000000036,-1.0550000000000002,4.25,3.640702219331334,0.0,0
2017-05-05,0.009975305180000005,-0.0073402203400000365,-0.0005871653872000205,-0.015333711415496155,-0.02418544051165546,-0.019759575963575807,-0.02073326616415333,-0.011922807636275361,-0.01308700717865329,-0.012632969357125897,-0.0069324314984024315,-0.011968071539723742,-0.010004171923608432,0.0580679138778617,0.0030112318485724906,0.019000000000000128,-0.019000000000000128,-1.036,4.25,3.0078004929857163,0.0,0
2017-05-12,0.01251853417000004,0.027489132839999986,0.021650599358700007,-0.016791665161798003,-0.02894190070071747,-0.022866782931257736,-0.024203308840538874,-0.01278166471333351,-0.011312372484658743,-0.011885396453841903,-0.007072340356695974,-0.011242505740498714,-0.009616141240815645,0.006831054002089665,0.025901138482544123,-0.01100000000000012,0.019000000000000128,-0.7970000000000002,4.0,3.0078004929857163,0.0,0
2017-05-19,-0.02453536596,-0.03363535789000005,-0.03008636103730003,-0.017829108477955706,-0.030544682653271354,-0.024186895565613528,-0.025585608724898252,-0.014151843353198842,-0.013037293482880912,-0.013471967932304905,-0.007006739303219441,-0.011199643832728805,-0.009564411066220153,0.04208862412548625,-0.0024536414389112293,-0.028999999999999915,-0.01100000000000012,-0.8260000000000001,4.0,3.0078004929857163,0.0,0
2017-05-26,0.01724166160999996,-0.002167904080000005,0.005401826539099981,-0.01931821121089431,-0.031801960777301505,-0.025560085994097908,-0.026933298446402697,-0.015553711126245238,-0.01327504599812897,-0.014163725398094313,-0.008548918697112808,-0.008490980205911821,-0.008513576217480206,-0.1390074599557598,-0.013883674447097441,-0.052999999999999936,-0.028999999999999915,-0.879,4.0,3.0078004929857163,0.0,0
2017-06-02,-0.007780965679999974,0.04561676231,0.024791648393900013,-0.019176982215385385,-0.021510379048825794,-0.02034368063210559,-0.020600354283784036,-0.015641321774763215,-0.012659219293957273,-0.013822239261471591,-0.008731498541601625,-0.008099360498372345,-0.008345894335231765,0.12394471528798773,-0.01292008357518358,-0.08999999999999986,-0.052999999999999936,-0.9689999999999999,4.0,2.709093195221661,0.0,0
2017-06-09,-0.0005462131800000325,-0.008035649929999944,-0.005114769597499978,-0.018762478018632647,-0.020807490152361947,-0.019784984085497295,-0.02000993542020752,-0.01588536808232438,-0.012633848617775228,-0.013901941208949397,-0.008677227437657432,-0.007942620532827228,-0.008229117225711007,0.05705782498993989,0.01654854136310553,-0.06300000000000017,-0.08999999999999986,-1.032,4.0,2.709093195221661,0.0,0
2017-06-16,0.002640037410000018,-0.01989417445999997,-0.011105831830699974,-0.018499436744646644,-0.021093824142241344,-0.019796630443443992,-0.02008201305717941,-0.016079558150977422,-0.011694388281647925,-0.01340460453068643,-0.009080027576742915,-0.008894285417553471,-0.008966724859637353,-0.08799701147315958,-0.026892138195112377,0.0129999999999999,-0.06300000000000017,-1.0190000000000001,4.0,2.709093195221661,0.0,0
2017-06-23,0.01574396011000001,-0.01198216153999998,-0.001168974096499984,-0.02004669665967571,-0.02298144640274799,-0.021514071531211848,-0.021836894002949803,-0.016546046529738408,-0.01238462756530204,-0.014007580961432224,-0.008172261025416632,-0.009888025442801953,-0.009218877320021678,-0.025817963387325005,0.023052144961256155,0.014000000000000234,0.0129999999999999,-1.005,4.0,2.709093195221661,0.0,0
2017-06-30,0.006632218279999991,0.05471797291999991,0.03596452861039994,-0.022163324421882635,-0.02544424738348222,-0.02380378590268243,-0.024164687428458384,-0.016631620337292825,-0.012133028986177928,-0.013887479613112739,-0.007782391773380495,-0.009782018042558132,-0.009002163797578854,-0.06676730791242416,0.003992026651354617,0.06099999999999994,0.014000000000000234,-0.944,4.0,2.709093195221661,0.0,0
2017-07-07,0.001420403289999983,-0.018968544399999954,-0.011016854800899978,-0.020199035890779052,-0.024216039497629273,-0.022207537694204162,-0.022649408090957685,-0.01714542606157446,-0.013008113056679087,-0.014621665128588281,-0.007748433335617136,-0.008706464888825247,-0.008332832583074084,-0.24788599226530883,0.006305418299118263,0.14400000000000013,0.06099999999999994,-0.7999999999999998,4.0,2.825631977057704,0.0,0
2017-07-14,-0.01104930171999996,-0.0037581299900000253,-0.0066016869647,-0.020768362187703282,-0.021943216356121453,-0.021355789271912368,-0.021485023230438365,-0.017550708190781562,-0.013461394142583788,-0.015056226621380921,-0.0067287036619537175,-0.0075849925636236335,-0.0072510398919723665,-0.00645363126916379,0.019840134503738754,-0.07200000000000006,0.14400000000000013,-0.6219999999999999,3.75,2.825631977057704,0.0,0
2017-07-21,0.017561819489999964,0.015095856520000006,0.01605758207829999,-0.019429123264713275,-0.016822708496073042,-0.01812591588039316,-0.017839210255842734,-0.0175146197897104,-0.012753776493801886,-0.014610505379206207,-0.006559986991169987,-0.008660516056153424,-0.007841309720809883,0.22274996408962155,-0.0017162140517829692,-0.09600000000000009,-0.07200000000000006,-0.718,3.75,2.825631977057704,0.0,0
2017-07-28,-0.0002515396499999656,-0.00043801141999999516,-0.00036528742969998366,-0.019586808927826577,-0.01574521397822541,-0.017666011453025994,-0.017243436008569868,-0.017848141077800545,-0.01317932648354345,-0.015000164175303718,-0.006480563125643312,-0.008919761925586812,-0.007968474393608847,0.013629657352072944,0.015850612557735524,0.028999999999999915,-0.09600000000000009,-0.6890000000000001,3.75,2.825631977057704,0.0,0
2017-08-04,-0.01021098986000002,-0.003937259980000052,-0.006384014633200039,-0.019610630372256913,-0.015621814562087877,-0.017616222467172395,-0.0171774527280538,-0.016645091932999893,-0.011671684873375644,-0.013611313626629101,-0.006060108110219776,-0.0093488609836642,-0.008066247363020874,-0.051315723893499754,-0.007468115987428942,-0.040999999999999925,0.028999999999999915,-0.73,3.75,3.139571752912405,0.0,0
2017-08-11,-0.002847180050000009,0.01289124278000009,0.006753257876300051,-0.01946923719602004,-0.012913734719783082,-0.016191485957901562,-0.015470380685515497,-0.016839688769681244,-0.012313746308903823,-0.014078863868607017,-0.007208741881226388,-0.009254331871926178,-0.00845655177555326,-0.006546809271698317,0.0020857207287171965,0.016000000000000014,-0.040999999999999925,-0.714,3.75,3.139571752912405,0.0,0
2017-08-18,-0.0012621580899999651,0.002644650869999987,0.0011209953756000056,-0.019329090916493572,-0.012704339539327647,-0.016016715227910608,-0.015287992576422358,-0.016736822844693848,-0.012179451118257896,-0.013956826091567917,-0.006430123578174501,-0.007285348574170063,-0.006951810825731793,-0.06172075586973723,0.021118496522698222,-0.006000000000000227,0.016000000000000014,-0.7200000000000002,3.75,3.139571752912405,0.0,0
2017-08-25,0.008593801639999954,0.0011156569299999308,0.0040321333668999395,-0.019515377265301545,-0.012832983407795203,-0.016174180336548376,-0.015439117012222676,-0.01698643161172149,-0.01113750278492185,-0.01341858502737371,-0.006834432800806962,-0.006230971237209596,-0.006466321247012569,0.04233353628475785,0.012758756875328021,-0.06299999999999972,-0.006000000000000227,-0.7829999999999999,3.75,3.139571752912405,0.0,0
2017-09-01,-0.0028711477999999735,0.013376133740000018,0.007039693939400022,-0.015642507640686993,-0.0192322183665738,-0.0174373630036304,-0.017832231183477945,-0.017071950951724847,-0.011149445111527176,-0.013459222389204268,-0.009103624187509138,-0.006401947947145789,-0.007455601680887495,0.05702809499565642,0.00934484808156299,-0.06000000000000005,-0.06299999999999972,-0.843,3.75,2.9173376847804624,0.0,0
2017-09-08,0.02135867464000002,0.05992526057000003,0.044884292057300025,-0.0030838105250233314,0.012914228753003534,0.0049152091139901015,0.006674993434573056,-0.013401716672068123,-0.002085469408034874,-0.006498805841007841,-0.00700536404103999,-0.0008641700859397488,-0.003259235728428843,0.37513102916213037,0.0018434806915638086,-0.10099999999999998,-0.06000000000000005,-0.944,3.75,2.9173376847804624,0.0,0
2017-09-15,-0.007658159019999999,-0.029414903090000055,-0.020929772902700032,0.003902780247640609,0.013698618886489662,0.008800699567065137,0.009878241817338531,-0.013779308080665244,-4.692528533040586e-05,-0.005402554575510993,-0.007258767835225962,-0.0011609144818625868,-0.0035390772896743035,-0.034032486445967014,0.008699537334175982,0.04599999999999982,-0.10099999999999998,-0.6480000000000001,3.5,2.9173376847804624,0.0,0
2017-09-22,0.0006375002499999782,0.0006015075300001005,0.0006155446908000528,0.007193688746630069,0.011193853208309477,0.009193770977469772,0.009633789068254508,-0.013756844498136118,-3.21570141325925e-05,-0.005384785132893967,-0.007534329847269674,-0.0008214430173875032,-0.00343946888104155,-0.09319140933906267,-0.003714760101249084,0.07699999999999996,0.04599999999999982,-0.5710000000000002,3.5,2.9173376847804624,0.0,0
2017-09-29,0.011932639720000027,0.009510809529999942,0.010455323304099975,0.004715388446089215,0.012388970572589812,0.008552179509339513,0.009396273543254579,-0.011649779254618063,-0.0003667707060540481,-0.004767144039994014,-0.008699174389496482,-0.0029487737800286407,-0.005191430017721099,-0.1335443425866047,0.022289191182919613,0.04300000000000015,0.07699999999999996,-0.528,3.5,2.9173376847804624,0.0,0
2017-10-06,-0.005336109660000032,0.024038849480000013,0.012582615415399994,0.008204679613031637,0.014399800278079869,0.011302239945555754,0.011983703218711058,-0.012201509124488415,-0.0002264630650986483,-0.004896731028260657,-0.008880855834048358,-0.0021824564842154227,-0.004794832230650268,-0.08443558420044447,0.04846488727916936,0.06499999999999995,0.04300000000000015,-0.4630000000000001,3.5,2.034737944772128,0.0,0
2017-10-13,0.00730195157000002,-0.015209734939999997,-0.0064301772010999896,0.008217841864119673,0.008779909447188849,0.008498875655654261,0.008560703089791871,-0.012374898242023901,-0.0008591853515710924,-0.005350313378847688,-0.008798044466914103,-0.0024164893424659176,-0.00490529584100071,0.081087579724379,0.00406667618723227,-0.04400000000000004,0.06499999999999995,-0.5070000000000001,3.5,2.034737944772128,0.0,0
2017-10-20,-0.0025383320900000395,0.015815442700000015,0.008657470531899993,0.009502960601825913,0.013564044014300041,0.011533502308062977,0.011980221483435131,-0.010596317824342057,-0.002417493858563536,-0.00560723520521716,-0.008815264979503705,-0.0024160082615655174,-0.004911718381561411,-0.01644469855883085,0.009582452236246432,0.028999999999999915,-0.04400000000000004,-0.4780000000000002,3.5,2.034737944772128,0.0,0
2017-10-27,-0.001913017679999962,0.011385924329999964,0.006199336946099992,0.008911317453982645,0.013991941231015933,0.011451629342499289,0.012010497957972951,-0.008135292646576297,-0.0038167302434628544,-0.005500969580677097,-0.009051716697036085,-0.002372167569210452,-0.004977191729062449,0.04614041677980929,0.007164357537389872,0.03100000000000014,0.028999999999999915,-0.44700000000000006,3.5,2.034737944772128,0.0,0
2017-11-03,0.00550724147999998,0.02070238525000001,0.014776279179699998,0.012575376993750671,0.014253260047050107,0.01341431852040039,0.013598885656263326,-0.00818279141951021,-0.0019895944903375656,-0.0044049412927148965,-0.009086081655827381,-0.0031118079687840086,-0.005441774706730924,0.06624074579367978,0.004181136204122571,-0.06499999999999995,0.03100000000000014,-0.512,3.5,1.547436548165782,0.0,0
2017-11-10,0.009969582229999996,-0.03939687392000002,-0.02014395602150001,0.015901411313479476,0.0013642755075275112,0.008632843410503493,0.007033758471848778,-0.008629352931567334,-0.011580244496899919,-0.01042939678642021,-0.008727935466893946,-0.0029389360875359634,-0.005196645845485577,0.07431133244318805,-0.018919737715420413,0.05600000000000005,-0.06499999999999995,-0.20599999999999996,3.25,1.547436548165782,0.0,0
2017-11-17,-0.01327641596000001,-0.007879374790000004,-0.009984220846300008,0.018243076801467636,0.004344816642353762,0.011293946721910699,0.009765138104408173,-0.009151180392416396,-0.011802246214391809,-0.010768330543821397,-0.00992250561430622,-0.004288113443107472,-0.006485526389874984,0.10613685338181567,-0.010893612274727628,-0.04999999999999982,0.05600000000000005,-0.2559999999999998,3.25,1.547436548165782,0.0,0
2017-11-24,0.009634277560000015,0.014445520440000026,0.01256913571680002,0.029992472161254103,0.018214491078771274,0.02410348162001269,0.022807903700939575,-0.008955922850900378,-0.01237096175901278,-0.011039096584848944,-0.009976424824816425,-0.004891188032502356,-0.006874430381504842,0.09547758799567352,0.03137773909157819,-0.02100000000000035,-0.04999999999999982,-0.27700000000000014,3.25,1.547436548165782,0.0,0
2017-12-01,-0.00526632493000001,-0.02434674799000003,-0.01690538299660002,0.03057733476434571,0.0169105311179911,0.023743932941168402,0.0222405845400694,-0.008336706039551327,-0.00570580034618527,-0.006731853566598032,-0.009969027100592654,-0.004818535505071659,-0.006827227227324846,0.026381081012417762,-0.015766158638121707,0.02200000000000024,-0.02100000000000035,-0.2549999999999999,3.25,1.3700931601099937,0.0,0
2017-12-08,-0.028735197619999986,0.016288481310000047,-0.0012707534726999654,0.030692246213691536,0.025393613111590822,0.02804292966264118,0.0274600800214101,-0.007058897574037139,-0.006205373368308925,-0.006538247808542928,-0.009439483917038888,-0.00557688577511233,-0.007083299050463688,-0.04651905446973503,-0.025765232398568663,0.004999999999999893,0.02200000000000024,-0.25,3.25,1.3700931601099937,0.0,0
2017-12-15,-0.012204250199999989,-0.024772461590000017,-0.019870859147900006,0.029190213559885485,0.028242271871981996,0.02871624271593374,0.028611969130264356,-0.006371684323769971,-0.005077271998779998,-0.005582092805526087,-0.009253611919559578,-0.0042055868197200825,-0.0061743166086574855,-0.20058188210637984,-0.030840341109445054,0.08700000000000019,0.004999999999999893,-0.1629999999999998,3.25,1.3700931601099937,0.0,0
2017-12-22,0.025179506939999985,0.020185118540000047,0.022132930016000023,0.031063810638412195,0.021917362129696423,0.02649058638405431,0.025484477048095575,-0.007076883303196734,-0.006456566569202512,-0.006698490095460259,-0.009414858135060983,-0.005070597188907442,-0.006764858957907323,0.1280644850333108,0.062004275687043996,-0.007000000000000117,0.08700000000000019,-0.16999999999999993,3.25,1.3700931601099937,0.0,0
2017-12-29,-0.0002555513599999948,0.0,-9.966503039999796e-05,0.025178439287883034,0.03218551133695183,0.02868197531241743,0.029452753237815,-0.008872856092824604,-0.010010627871626375,-0.009566896877893683,-0.009421956216665632,-0.005181773563203183,-0.006835444798053538,0.235162698886616,0.009425198962206708,-0.0040000000000000036,-0.007000000000000117,-0.17399999999999993,3.25,1.3700931601099937,0.0,0
2018-01-05,0.027011045680000012,0.028085256899999966,0.027666314524199983,0.022264730052576696,0.030783501261906536,0.026524115657241616,0.027461180490267897,-0.007516918146959428,-0.01056751529666685,-0.009377782408280955,-0.009885215666042224,-0.006416493704270075,-0.007769295269361214,0.1542755558901291,0.03603146592858086,-0.07299999999999995,-0.0040000000000000036,-0.2469999999999999,3.25,1.2596672074912767,0.0,0
2018-01-12,0.00031925384999997863,0.01725832853999998,0.010652089410899977,0.020236888424577954,0.021965474304423832,0.02110118136450089,0.021291325811283943,-0.007851863288729333,-0.010612740522032676,-0.009535998401044372,-0.01052177419535671,-0.007777931139952045,-0.008848029931559864,-0.13042748643178503,0.0007725783991032473,0.05699999999999994,-0.07299999999999995,0.06000000000000005,3.0,1.2596672074912767,0.0,0
2018-01-19,-0.00991299889999997,-0.0063598457300000355,-0.00774557546630001,0.023418329618711646,0.016334692916008392,0.01987651126736002,0.019097311230062662,-0.007336758904342922,-0.006875924516272646,-0.007055649927620054,-0.010218257668213339,-0.0066615864269407455,-0.008048688211037058,-0.413033967811566,0.009407822794467625,0.1160000000000001,0.05699999999999994,0.17600000000000016,3.0,1.2596672074912767,0.0,0
2018-01-26,0.009319306259999993,0.007138582730000009,0.007989064906700004,0.02548873932771515,0.01720437289281427,0.02134655611026471,0.020435275802425615,-0.0069986035496885386,-0.006263950381680755,-0.00655046511720379,-0.010083411956544506,-0.0068706807700080665,-0.008123645932757276,0.08117624808632717,0.020755625945807207,-0.001000000000000334,0.1160000000000001,0.17499999999999982,3.0,1.2596672074912767,0.0,0
2018-02-02,-0.0016886900799999993,-0.0012970880999999546,-0.001449812872199972,0.026603495960914353,0.03250590326368055,0.029554699612297453,0.030203964415601733,-0.005773545333967516,-0.004565120563467326,-0.0050364062239624,-0.00830431107418234,-0.004733359495162523,-0.006126030610980252,-0.006247397654982223,-0.022625697350044188,0.242,-0.001000000000000334,0.4169999999999998,3.0,1.1867163562365208,0.0,0
2018-02-09,-0.014625171749999999,-0.015357267980000033,-0.01507175045030002,0.0257756156035586,0.03263658240737682,0.02920609900546771,0.02996080535388771,-0.005934771130511181,-0.004609437058357434,-0.005126317346497395,-0.008628480522348466,-0.005851428610206659,-0.006934478855941964,-0.10336411907151627,-0.023486930783260786,0.2530000000000001,0.242,0.6699999999999999,3.0,1.1867163562365208,0.0,0
2018-02-16,0.00539600736000001,0.005248482850000014,0.0053060174089000125,0.025534471482350583,0.03418389681834289,0.02985918415034674,0.03081062093730589,-0.005800133935707318,-0.0040690413715750405,-0.004744167471586629,-0.008637338662762957,-0.005624071623733448,-0.006799245768954957,0.11746032884475077,0.036577498928976666,-0.08800000000000008,0.2530000000000001,0.5819999999999999,3.0,1.1867163562365208,0.0,0
2018-02-23,-0.00974704042000002,-0.0002106502199999971,-0.0039298423980000064,0.026173202150937762,0.0334163949261129,0.02979479853852533,0.030591549743794594,-0.005641434811097408,-0.004010373041670344,-0.0046464871317468985,-0.008674060296729104,-0.004738433417435985,-0.0062733279003603015,-0.05726279627644726,-0.002242441027431619,0.0900000000000003,-0.08800000000000008,0.6720000000000002,3.0,1.1867163562365208,0.0,0
2018-03-02,0.011603864470000003,0.01837534496000004,0.015734467568900026,0.03149787884940057,0.0372019300819775,0.034349904465689036,0.034977350101272495,0.005915490177144182,0.0018136449703803235,0.0034133646010182286,-0.008754588864125112,-0.0047941606393788316,-0.006338727647029881,0.0012743361357898109,0.003700111257420634,0.06999999999999984,0.0900000000000003,0.742,3.0,0.36928252788337274,0.0,0
2018-03-09,0.003833384080000002,-0.012011991020000057,-0.005832294731000034,0.031937655282143554,0.03629608069242077,0.03411686798728216,0.034596294782412655,0.00575006040298574,0.002224911740288561,0.0035997197187404607,-0.008850501485973019,-0.00472723744730629,-0.006335310422386314,0.20326741520320463,0.0029267673082239913,-0.05900000000000016,0.06999999999999984,0.9329999999999998,2.75,0.36928252788337274,0.0,0
2018-03-16,-0.019857538630000005,-0.008545210789999924,-0.012957018647599955,0.03892763194527453,0.042024603996154014,0.04047611797071427,0.04081678489631101,0.010030148662655124,0.002075846393851624,0.005178024278684989,-0.009096403121234137,-0.0021734815043041597,-0.004873420934906851,0.14632917259888878,-0.019872092424089098,-0.040000000000000036,-0.05900000000000016,0.8929999999999998,2.75,0.36928252788337274,0.0,0
2018-03-23,0.00984009281999998,0.004979208379999989,0.006874953311599985,0.03623669156613026,0.04043476538952276,0.038335728477826514,0.03879751659839968,0.009771854412016941,-0.0008959070182317378,0.0032645199395652472,-0.009355835703922673,-0.0020635261077692883,-0.004907526850269108,-0.013559808193259859,0.012600881267948156,0.016000000000000014,-0.040000000000000036,0.9089999999999998,2.75,0.36928252788337274,0.0,0
2018-03-30,0.010599892040000003,0.01891038347999996,0.015669291818399975,0.034830872361109586,0.040381789036972246,0.037606330699040916,0.03821693153338581,0.012593930598484755,-0.0010293330630431223,0.0042837397649527495,-0.006621153941653915,-0.0019983020314270315,-0.003801214276415516,0.23458090928444897,-0.003625145851593686,-0.06699999999999973,0.016000000000000014,0.8420000000000001,2.75,0.36928252788337274,0.0,0
2018-04-06,0.013912604290000019,0.07689809450999996,0.05233375332419998,0.028373086900527193,0.01714608350480834,0.022759585202667767,0.021524614829138693,0.010153359242418836,-0.014098237432936096,-0.004640114729547672,-0.007817708532029743,-0.005780207168980363,-0.006574832700569621,0.01273316345517106,0.014433218339506447,-0.09200000000000008,-0.06699999999999973,0.75,2.75,0.49026292290720885,0.0,0
2018-04-13,-0.0074480143899999796,-0.06476362330999996,-0.04241053583119997,0.0280363822219558,0.04039829403613571,0.03421733812904575,0.03557714842860554,0.011616930559945348,0.0003255265568648698,0.004729174118066256,-0.007155204542448038,-0.00043595052712813373,-0.0030564595931028967,-0.19368504915017182,0.0022024626438032577,0.041999999999999815,-0.09200000000000008,0.7919999999999998,2.75,0.49026292290720885,0.0,0
2018-04-20,0.00935096634999999,0.013032018209999996,0.011596407984599993,0.027677087519023827,0.04133985569379438,0.0345084716064091,0.03601137610563386,0.012013654317903102,0.0024264229422385998,0.006165443178747756,-0.005127616303407255,-0.001536658155000991,-0.0029371318328794338,0.1263060977418472,0.025902004845205245,0.14400000000000013,0.041999999999999815,0.9359999999999999,2.75,0.49026292290720885,0.0,0
2018-04-27,0.013409567590000004,0.0008356069000000632,0.00573945156910004,0.028721627014379934,0.041430941483408826,0.03507628424889438,0.03647430884048756,0.012857536359728954,0.002478971637711505,0.00652661187929831,-0.0021134692297597284,-0.00349004141151695,-0.0029531782606316338,0.00436410172436863,-0.0034272822905202275,0.1080000000000001,0.14400000000000013,1.044,2.75,0.49026292290720885,0.0,0
2018-05-04,-0.004550989040000009,0.013453320769999944,0.006431639944099962,0.028090146139559187,0.04650051253647322,0.0372953293380162,0.03932046964167675,0.014332279859344665,0.0052175968685170765,0.008772323234939837,-0.002813881871864892,-0.001630549202514828,-0.002092048943561353,0.08262928080404652,-0.016057860125303726,0.08499999999999996,0.1080000000000001,1.129,2.75,0.9320560913319906,0.0,0
2018-05-11,0.007715088970000006,0.002984051620000039,0.004829156186500026,0.02771837053649679,0.04257459250244279,0.035146481519469794,0.03678066593572385,0.015249401885488227,0.004242517692781222,0.008535202527936953,-0.003644838033209079,-0.006710149441010664,-0.005514677991968046,0.35121472738054926,0.010121751858410674,-0.06300000000000017,0.08499999999999996,1.0659999999999998,2.75,0.9320560913319906,0.0,0
2018-05-18,-0.015049132700000023,-0.00862183899000002,-0.01112848353690002,0.028993633507483428,0.04363818538302969,0.03631590944525656,0.037926810151566646,0.01969501723488034,0.009672570773502044,0.01358132489343958,-0.003397462101300388,-0.0065202725937224485,-0.005302376501677844,-0.17855296506350138,-0.005613280529071479,0.23099999999999987,-0.06300000000000017,1.2969999999999997,2.75,0.9320560913319906,0.0,0
2018-05-25,0.007756911679999978,0.03326492829999994,0.023316801818199954,0.03495897904577716,0.039196887542165056,0.037077933293971105,0.03754410322857377,0.022298882506709874,0.010263395613555165,0.014957235501885503,-0.003519479217332592,-0.008114754061565328,-0.006322596872314561,0.16489671120133798,-0.006078717505960251,-0.1769999999999996,0.23099999999999987,1.12,2.75,0.9320560913319906,0.0,0
2018-06-01,0.00455148644000003,-0.0011149131700000092,0.001094982677900006,0.03090045528949361,0.036599646238921424,0.03375005076420752,0.034376961768644576,0.019928396649159373,0.0101783444084707,0.013980864782339283,-0.0026692196396162246,-0.0016379077160191646,-0.002040119366222018,-0.1840675863577823,-0.002941589407064083,-0.008999999999999897,-0.1769999999999996,1.1110000000000002,2.75,1.4253130750272838,0.0,0
2018-06-08,0.00142740740999997,0.0027924113400000783,0.002260059807300036,0.030425076186245632,0.03579476850186262,0.033109922344054125,0.033700588498772,0.018746150554546565,0.01531781605506605,0.01665486650986345,-0.002437960274376879,-0.0012548842114230006,-0.0017162838759750133,0.023768037488802962,0.016258530049302933,0.08199999999999985,-0.008999999999999897,1.193,2.75,1.4253130750272838,0.0,0
2018-06-15,0.0007837932300000516,-0.017826414120000078,-0.010568433253500029,0.029200912700948524,0.035394211441484885,0.0322975620712167,0.032978824932675704,0.01690110229425891,0.016956673009455907,0.016935000430529076,-0.00265130645292225,-0.0007436874729868448,-0.0014876588751616528,-0.06326547396159721,-0.03255619971092881,-0.04200000000000026,0.08199999999999985,1.1509999999999998,2.75,1.4253130750272838,0.0,0
2018-06-22,0.013309439659999978,0.03523805873000008,0.026685897292700038,0.030470575725794653,0.03465811502700942,0.032564345376402036,0.033024974699535664,0.01734922905805709,0.01756114656882904,0.01747849873962798,-0.0031816546130184597,-0.0013103110772075335,-0.002040135056173795,0.10154470716923703,-0.01530200284402701,-0.053999999999999826,-0.04200000000000026,1.097,2.75,1.4253130750272838,0.0,0
2018-06-29,-0.011839192499999984,0.016944361399999996,0.005718775379000005,0.03182910293023172,0.0361089639658433,0.03396903344803751,0.03443981816195479,0.015462833975611965,0.019536302542830494,0.01794764980161527,-0.004314559865147896,-0.004460533563589833,-0.004403603821197477,-0.06910044142165583,-0.027022633963668042,-0.009999999999999787,-0.053999999999999826,1.0870000000000002,2.75,1.4253130750272838,0.0,0
2018-07-06,-0.009562164759999991,-0.040351547470000027,-0.028343688213100012,0.03418076068010502,0.029271871476253562,0.03172631607817929,0.031186338265755634,0.01610634513139103,0.020977031634776027,0.01907746389845588,-0.002939230277420913,-0.004632338321909964,-0.003972026184559234,0.14931759658167998,0.001654815012600278,-0.12300000000000022,-0.009999999999999787,0.964,2.75,1.6098132372020106,0.0,0
2018-07-13,0.017729678439999952,0.003887279960000045,0.00928581536720001,0.020555432797350642,0.01962282874555695,0.020089130771453797,0.01998654432575649,0.0077615553576351835,0.02206325200076306,0.01648559030994319,-0.00627250432967016,-0.004662764909246108,-0.005290563283211489,-0.3076778837566547,-0.014332248560500027,-0.07500000000000018,-0.12300000000000022,0.8889999999999998,2.75,1.6098132372020106,0.0,0
2018-07-20,-0.008454285689999952,-0.0011140458300000766,-0.003976739375400028,0.015647390224816413,0.019506890905976154,0.017577140565396283,0.018001685640323853,0.006711398211926952,0.020637778718823566,0.015206490321133886,-0.008167130614740972,-0.003987690145483787,-0.005617671928494088,0.0006692956512817094,0.019234249825930996,0.09200000000000008,-0.07500000000000018,0.9809999999999999,2.75,1.6098132372020106,0.0,0
2018-07-27,-0.007588798840000022,0.0005566822300000496,-0.0026200553872999786,0.015432359628628135,0.019522680295520588,0.01747751996207436,0.01792745523543253,0.0069609426908933125,0.020046862226508876,0.014943353607618807,-0.008011176848167744,-0.003317616773098364,-0.005148105202375423,0.009487415198000893,0.013570031877513806,-0.020999999999999908,0.09200000000000008,0.96,2.75,1.6098132372020106,0.0,0
2018-08-03,0.001549699109999969,-0.016950399690000006,-0.009735361158000016,0.014231226555640786,0.01830337023626916,0.016267298395954973,0.016715234200824096,0.007011664550956855,0.024445240891447045,0.01764614611865587,-0.008069578576295587,-0.0029252046481414223,-0.004931510480121547,-0.034990792185997766,-0.005828699654120456,0.018000000000000238,-0.020999999999999908,0.9780000000000002,2.75,1.0693548669275086,0.0,0
2018-08-10,-0.00787076796999997,0.011124155820000037,0.0037161355419000337,0.014554262941976717,0.01422627103354379,0.014390266987760254,0.01435418787783263,0.008343304238057913,0.021946726784947412,0.01664139199166051,-0.007391145911481302,-0.003106897731282504,-0.004777754521560035,-0.23170268976664,-0.0080430681265229,0.08199999999999985,0.018000000000000238,1.06,2.75,1.0693548669275086,0.0,0
2018-08-17,-0.0003648387199999825,-0.04175382220000001,-0.0256121186428,0.013518480517020322,0.012149710986988657,0.01283409575200449,0.012683531103701006,0.008874289912105853,0.022611439129730924,0.017253950934857147,-0.0072124551586324435,-0.0033025620145388183,-0.004827420340735332,0.05260898880558007,-0.043622883850996316,-0.08000000000000007,0.08199999999999985,0.98,2.75,1.0693548669275086,0.0,0
2018-08-24,0.0048603422599999835,0.019697411909999962,0.013910954746499971,0.013836720561129619,0.008958525087661297,0.011397622824395458,0.010861021322313941,0.008981221445401555,0.021138279229847144,0.016397026693913366,-0.007173401806623203,-0.004089861872787887,-0.005292442446983661,-0.07346104998871472,0.012948935370397634,-0.03799999999999981,-0.08000000000000007,0.9420000000000002,2.75,1.0693548669275086,0.0,0
2018-08-31,0.010203832179999983,-0.007888808290000049,-0.0008326785067000369,0.014650075373238133,0.007220003029794638,0.010935039201516386,0.010117731243737601,0.011907971937964237,0.021287862149774035,0.017629704967168213,-0.0006915642999773815,0.0002674667717833916,-0.0001065553462033099,0.14234062287438654,-0.01175370761361388,-0.03000000000000025,-0.03799999999999981,0.9119999999999999,2.75,1.0693548669275086,0.0,0
2018-09-07,-0.008954015990000008,-0.00034970272999990115,-0.0037053849013999433,0.00790284681099292,-0.017413569240318724,-0.004755361214662902,-0.007540166980307182,0.012030977050080683,0.020694395637422675,0.0173156623883593,-0.0009596983653315473,0.00026523119382150257,-0.00021249133424818686,-0.14972324870593867,-0.03337375853059647,0.09399999999999986,-0.03000000000000025,1.0059999999999998,2.75,1.2768064534573038,0.0,0
2018-09-14,-0.010963722969999978,-0.012240505530000001,-0.011742560331599993,0.008353580736197476,-0.013449241374622119,-0.0025478303192123216,-0.004946140751402476,0.014562186824163976,0.022831224582315828,0.019606299856636606,-0.00022734761587255795,-0.0004803183120933134,-0.0003816597405672188,0.05600057324662466,0.010707436226376184,0.009000000000000341,0.09399999999999986,1.0150000000000001,2.75,1.2768064534573038,0.0,0
2018-09-21,0.00204553046,0.011650521839999928,0.007904575201799956,0.007028061046126269,-0.014755270850187517,-0.003863604902030624,-0.00625977141062514,0.014558973047648655,0.022125939582095626,0.019174822633661305,0.0013179299160726863,-0.0037827445777615576,-0.0017934815251662022,0.07131115443763136,0.0409313057725409,0.008000000000000007,0.009000000000000341,1.0230000000000001,2.75,1.2768064534573038,0.0,0
2018-09-28,-0.007808707299999995,-0.022411206100000025,-0.016716231568000013,0.008409361158333043,-0.01449586558486479,-0.0030432522132658735,-0.005562827155017634,0.01275354147008254,0.021146960626459464,0.017873527155472465,0.001331737542136325,-0.004966692415598354,-0.0025103047320818293,0.01588297442968667,-0.01140050441103006,-0.020000000000000018,0.008000000000000007,1.0030000000000001,2.75,1.2768064534573038,0.0,0
2018-10-05,-0.0029420413599999806,-0.020228827839999908,-0.013486981112799936,0.004711943259856882,-0.01275518431162506,-0.004021620525884089,-0.005943004558747102,0.011401560493369439,0.020460749053074795,0.016927665514789705,0.0012754584464321071,-0.00407653206589483,-0.0019892557660873248,-0.26183934008564536,-0.010446545599422402,0.16100000000000003,-0.020000000000000018,1.1640000000000001,2.75,1.8277352033188132,0.0,0
2018-10-12,-0.004638870100000025,-0.00976755439999999,-0.007767367523000003,0.004317402284953437,-0.012796308842208419,-0.004239453278627491,-0.006121961502615294,0.010740334912153851,0.02046730382585068,0.016673785949508916,0.001314342186273432,-0.005863112836250524,-0.003063905377466181,-0.18528643413061607,-0.004257106025968258,0.09099999999999975,0.16100000000000003,1.255,2.75,1.8277352033188132,0.0,0
2018-10-19,0.004684154569999988,0.0004937580499999594,0.0021280126927999705,0.005712599574343582,-0.010849814802180134,-0.002568607613918276,-0.004390473195335884,0.011889488798531923,0.021805116584086015,0.01793802174771992,0.0028499038351878325,-0.003501511278609485,-0.001024459384228531,0.034100627998730815,-0.01302072436853436,0.051000000000000156,0.09099999999999975,1.306,2.75,1.8277352033188132,0.0,0
2018-10-26,-0.0021104498999999777,-0.003933527020000049,-0.0032225269432000214,0.005947490401845575,-0.010335597077229879,-0.002194053337692152,-0.0039851929603904514,0.01191128350029511,0.02203018806847156,0.018083815286882746,0.00304588051909707,-0.0032866643846243644,-0.0008169718721730049,0.09994234650078071,-0.02085645076483008,-0.030999999999999694,0.051000000000000156,1.2750000000000004,2.75,1.8277352033188132,0.0,0
2018-11-02,-0.0031852958199999892,-0.011102060899999988,-0.008014522518799989,0.006309715048511745,-0.00750179763934988,-0.0005960412954190671,-0.002115307691083846,0.011498564522442328,0.023311714290765596,0.01870458588111952,0.003550419397157288,-0.0027349720103822532,-0.00028366936144183204,-0.06779912493981977,0.02988649650909641,0.02799999999999958,-0.030999999999999694,1.303,2.75,2.147410544017931,0.0,0
2018-11-09,-0.020820538609999995,-0.009342769600000023,-0.01381909951390001,-0.00198309796592925,0.0005492885410145424,-0.0007169047124573537,-0.0004383421966935366,0.008707972571459614,0.02270132449354073,0.017243917243929093,0.0018528613038470022,-0.0028972829187148214,-0.0010447266719157103,0.14240158847492412,-0.009529624198734335,-0.014000000000000234,0.02799999999999958,1.2889999999999997,2.75,2.147410544017931,0.0,0
2018-11-16,0.009324423069999976,-0.008124240109999903,-0.0013192614697999498,0.0010575429987691048,-0.0007311859693667011,0.00016317851470120184,-3.358167179373677e-05,0.010457135529020249,0.02128269377158553,0.01706072605698507,0.006570423964158703,0.0007068602311946389,0.0029936500870506237,0.20838244121514904,0.018057434233065266,-0.011999999999999567,-0.014000000000000234,1.2770000000000001,2.75,2.147410544017931,0.0,0
2018-11-23,-0.006668166019999977,0.015553384199999964,0.006886979614199986,0.0016262861033733455,0.004175207092613724,0.002900746597993535,0.0031811279068099767,0.013830130299099058,0.0232087355745394,0.019551079517117667,0.009025445338478552,0.0061273822132653115,0.007257626832098475,0.07418229000360821,-0.029670860944832702,0.02799999999999958,-0.011999999999999567,1.3049999999999997,2.75,2.147410544017931,0.0,0
2018-11-30,0.008218365099999958,0.011948262989999958,0.010493602812899959,0.0021200059466138337,0.008456722337423334,0.005288364142018584,0.0059854029450076285,0.014380441008151747,0.022545124131572062,0.01936089771343814,0.009540706125641143,0.006092315474118574,0.007437187828212377,0.23567423336532878,0.012671555327656027,-0.11999999999999966,0.02799999999999958,1.185,2.75,2.147410544017931,0.0,0
2018-12-07,0.005761904580000032,0.024242532930000005,0.017035087873500016,0.0023809882830443238,0.013266014799678507,0.007823501541361416,0.009020854458191174,0.01397596152553604,0.0240337886262854,0.02011123605699315,0.008752488869488085,0.011921900674222215,0.010685830070375903,0.26860729064685973,0.009582453311432409,-0.09299999999999997,-0.11999999999999966,1.092,2.75,2.172335956559463,0.0,0
2018-12-14,0.0020607783799999613,0.02424816191000001,0.01559508233329999,-0.0002065029068792874,0.004158772316464075,0.0019761347047923938,0.002456314979360164,0.012756059293720817,0.01651337259291874,0.01504802040623155,0.007538165996733146,0.0065862908653815545,0.0069575221666086755,-0.17087422122382567,-0.02275177335198808,-0.10599999999999987,-0.09299999999999997,0.9860000000000002,2.75,2.172335956559463,0.0,0
2018-12-21,-0.008909844389999977,-0.01903853771999997,-0.015088347321299975,-0.0004591869651794329,0.00199114567912562,0.0007659793569730936,0.0010355159478466493,0.013137207082263024,0.014005919242826442,0.01366712150020671,0.007318307107020604,0.006452412867560174,0.006790111620949742,0.0350627860364614,-0.004764281344762329,-0.03400000000000025,-0.10599999999999987,0.952,2.75,2.172335956559463,0.0,0
2018-12-28,0.006464848560000014,-0.00595859931999998,-0.001113454646799982,0.002939413404559466,0.007264824004630055,0.00510211870459476,0.005577913870602524,0.013569766711312416,0.016507769124341907,0.015361948183260405,0.005501843604994954,0.009442563699095737,0.007905682862396433,0.004691594356882822,0.009944722072521789,-0.015000000000000124,-0.03400000000000025,0.9369999999999998,2.75,2.172335956559463,0.0,0
2019-01-04,-0.009163613210000032,0.00639250752999998,0.00032562044139997515,-0.0009484149634347661,0.008271532831940485,0.0036615589342528596,0.004675753191744137,0.01360807560806983,0.012892045736591421,0.013171297386468002,0.005246125342815858,0.010530016272304923,0.008469298809804187,0.2146714077929739,0.004827941428332304,-0.13599999999999968,-0.015000000000000124,0.8010000000000002,2.75,2.110251138969421,0.0,0
2019-01-11,-0.0033603245999999642,0.005252114110000039,0.0018932630131000376,-0.0011129926132669172,0.007354455664532014,0.003120731525632548,0.004052150836190431,0.011126131802307211,0.009700552658546007,0.010256528524612877,0.00572705779817133,0.014127254171673233,0.01085117758600749,-0.07515401805625888,0.008871114764181003,-0.013000000000000345,-0.13599999999999968,0.7879999999999998,2.75,2.110251138969421,0.0,0
2019-01-18,0.0029041045500000084,-0.0037970132900000397,-0.001183577332400021,-0.007059322425091007,0.0031624694932919414,-0.001948426465899533,-0.0008240293548774089,0.0059852886101891285,0.006444776700097741,0.006265576345033382,0.0029597344098035924,0.010971726155934322,0.007847049374943337,-0.5872532685571564,-0.002697533144682282,0.007000000000000117,-0.013000000000000345,0.7949999999999999,2.75,2.110251138969421,0.0,0
2019-01-25,-0.0010782682300000124,-0.0008048815100000217,-0.000911502330800018,-0.007359988220347509,0.0034574193961532385,-0.0019512844120971352,-0.0007613695742820534,0.00564862380289697,0.006430815027962412,0.00612576045018689,0.0030026838465734155,0.010284651691260608,0.0074446842318326035,0.17199786778151338,0.002017525041334168,-0.08599999999999985,0.007000000000000117,0.7090000000000001,2.75,2.110251138969421,0.0,0
2019-02-01,0.010872063930000009,0.025916632569999987,0.020049250800399994,-0.007428580304259781,0.006556381346035239,-0.00043609947911227125,0.0011022463024201803,0.005267822772453503,0.009268051585358102,0.007707962348325308,0.003845892567879091,0.015092275606253133,0.010706186221287257,0.44369069884609735,0.022181041844716896,-0.12400000000000011,-0.08599999999999985,0.585,2.75,1.9867920720292203,0.0,0
2019-02-08,0.006188513519999994,0.04505892081000007,0.029899461966900038,-0.007712050026216707,0.002992641129281229,-0.0023597044484677393,-0.0011821884213629663,0.004487098056311261,0.0055993408134129286,0.005165566138143278,0.0032493348134900496,0.01119653350738737,0.008097126016767413,-0.24582863129034993,-0.0025947276155930204,0.02400000000000002,-0.12400000000000011,0.609,2.75,1.9867920720292203,0.0,0
2019-02-15,-0.016270432380000033,-0.045321487420000084,-0.03399157595440006,-0.012434455402222731,-0.015927090074057973,-0.014180772738140352,-0.014564962552042229,-0.0006929753294933213,-0.007277803917686663,-0.00470972076829126,-0.0001684411380616502,-0.000644402619374923,-0.0004587776416627466,0.5212497595358538,0.0066852331017078145,0.014000000000000234,0.02400000000000002,0.6230000000000002,2.75,1.9867920720292203,0.0,0
2019-02-22,0.001435508100000038,0.01699587714000006,0.01092733321440005,-0.01166141355646441,-0.01755384284006856,-0.014607628198266484,-0.015255795419462941,-0.0007069120305061162,-0.009843984137235392,-0.006280526015610974,-0.00036742389433371935,-0.0019191565085609113,-0.0013139807890123064,-0.16395008751187556,0.010604703268191263,-0.02300000000000013,0.014000000000000234,0.6000000000000001,2.75,1.9867920720292203,0.0,0
2019-03-01,0.011650365459999978,-0.010650398150000018,-0.0019531003421000195,-0.01136944708553174,-0.01764473876834602,-0.014507092926938879,-0.01519737501204845,-0.0008249591866410471,-0.010145397108880547,-0.006510426319207142,0.00040184190599416457,-0.001768797458744898,-0.0009222481064966637,-0.030291301991071995,-0.001678408226334708,0.0009999999999998899,-0.02300000000000013,0.601,2.75,2.227219974296794,0.0,0
2019-03-08,-0.0011804292700000052,-0.01847327930999998,-0.01172906779439999,-0.011353858675802946,-0.017144255342892916,-0.014249057009347931,-0.014886000642727827,-0.00445405373117151,-0.020522531229618543,-0.014255825005224201,0.00062459616802558,-0.0020718286946120297,-0.0010202229981833618,0.044915737122272814,-0.010411919910795448,-0.08300000000000018,0.0009999999999998899,0.5179999999999998,2.75,2.227219974296794,0.0,0
2019-03-15,0.006567823829999986,0.021810634750000002,0.015865938491199997,-0.0077580672774152995,-0.015156425867173936,-0.011457246572294619,-0.012271066017168066,-0.004144776543441083,-0.018790143060488443,-0.013078450118839973,0.0016206935245436371,-0.001265168226069791,-0.00013968214333055405,0.06599739533042137,0.02138518484651874,-0.07599999999999962,-0.08300000000000018,0.44200000000000017,2.75,2.227219974296794,0.0,0
2019-03-22,0.0037919236100000253,0.01186518243000001,0.008716611490200015,-0.00758864166287954,-0.014960363766347372,-0.011274502714613456,-0.012085392145994918,-0.004124666017276166,-0.018571356660523182,-0.012937147309656847,0.0017210762590255757,-0.0014723848159445769,-0.00022693499670621727,0.06361542132571363,-0.007036026776748033,-0.1120000000000001,-0.07599999999999962,0.33000000000000007,2.75,2.227219974296794,0.0,0
2019-03-29,-9.461598999999099e-05,-0.002433112100000079,-0.0015210986171000445,-0.008747415052049567,-0.017231825620241798,-0.012989620336145683,-0.013922905498646828,-0.0030837221907428153,-0.018132678499329,-0.012263585538980389,0.0007378922502823919,-0.002697729899688387,-0.0013578372611997833,0.30928108447853564,-0.006531779028814235,-0.17399999999999993,-0.1120000000000001,0.15600000000000014,2.75,2.227219974296794,0.0,0
2019-04-05,0.01153899546999998,0.027869239729999995,0.02150044446859999,-0.009617093988167996,-0.014326300551823278,-0.011971697269995637,-0.012489709991997718,-0.005384891926036985,-0.01942799679147245,-0.013951185893952618,-0.0006144526194898155,-0.00511420227537638,-0.0033592999095806196,-0.3275508042024864,0.012808935586266418,0.09499999999999975,-0.17399999999999993,0.2509999999999999,2.75,2.564373595602822,0.0,0
2019-04-12,0.0023393693200000065,-0.008002903949999918,-0.003969417374699947,-0.011509029523535018,-0.021602700530755203,-0.01655586502714511,-0.017666168837939332,-0.005768396124773895,-0.02001888476425466,-0.014461194194857162,-0.00159864669090584,-0.004881552411078462,-0.003601219180211139,-0.2768600754772723,-0.005444843745501421,0.08000000000000007,0.09499999999999975,0.33099999999999996,2.75,2.564373595602822,0.0,0
2019-04-19,-0.005053544249999986,-0.0008308540900000549,-0.0024777032524000283,-0.012784652008506496,-0.022818181309652977,-0.017801416659079736,-0.01890510488220585,-0.0058701454131020216,-0.019416540412844314,-0.01413344636294482,-0.0015967525373330345,-0.004727623281588385,-0.003506583691328798,-0.0009035382582320839,-0.00732591014852538,0.019000000000000128,0.08000000000000007,0.3500000000000001,2.75,2.564373595602822,0.0,0
2019-04-26,-0.0031362895300000027,-0.039897242819999956,-0.025560471036899974,-0.01351872170336389,-0.023164630763678314,-0.018341676233521103,-0.019402726230155688,-0.005862368070025257,-0.01942389508806775,-0.014134899551031178,-0.0016024926041622097,-0.0045565583703211015,-0.003404472721519134,-0.030631045057363915,-0.013910175415932443,-0.052999999999999936,0.019000000000000128,0.29700000000000015,2.75,2.564373595602822,0.0,0
2019-05-03,-0.0023167043200000292,0.016229024089999933,0.008996190010099948,-0.014076515736390698,-0.026434727546820063,-0.02025562164160538,-0.02161502494075261,-0.0057039533074750405,-0.01770246288848444,-0.013023044151890775,-0.0020121221443222606,-0.0036397563714008698,-0.003004979022840212,-0.02115614249190334,0.003804384091583959,0.0029999999999996696,-0.052999999999999936,0.2999999999999998,2.75,2.6935322378880997,0.0,0
2019-05-10,-0.008804319589999998,0.0006331883100000324,-0.0030474397709999794,-0.015971684116244174,-0.02616058625409349,-0.02106613518516883,-0.022186914420332257,-0.0075610931417925496,-0.012839568988156427,-0.010780963408074516,-0.0018002017680005078,-0.002591489984131962,-0.002282887579840695,-0.022222069030518155,-0.03876682764451157,0.02200000000000024,0.0029999999999996696,0.32200000000000006,2.75,2.6935322378880997,0.0,0
2019-05-17,-0.01817832926999996,-0.013537584499999977,-0.015347474960299971,-0.013964013063745843,-0.02549673280722546,-0.01973037293548565,-0.02099897210726841,-0.0069306307722684,-0.012428638969437238,-0.010284415772541392,-0.0010738785802369088,-0.001872816495504517,-0.0015612307085501498,-0.08061115609016967,-0.008826766498626357,-0.03600000000000003,0.02200000000000024,0.28600000000000003,2.75,2.6935322378880997,0.0,0
2019-05-24,-0.0013700025000000227,-0.021264124810000062,-0.013505417109100047,-0.011796947635987647,-0.020702674836319733,-0.01624981123615369,-0.01722944122819022,-0.006146116766885621,-0.01435055721865836,-0.011150825442466991,0.0009966398402297839,-0.004560514563333266,-0.0023932243459436767,0.30667548627303565,-0.016569560345601204,-0.06800000000000006,-0.03600000000000003,0.21799999999999997,2.75,2.6935322378880997,0.0,0
2019-05-31,-0.005500910440000006,0.009311579930000091,0.0035347086857000524,-0.011499388587694902,-0.022986009671486264,-0.01724269912959058,-0.018506227448807634,-0.006126262453681812,-0.013221651103110235,-0.01045444952983315,0.0012667931797555626,-0.005250623762456937,-0.002708831154994062,0.11433496419418354,-0.004737120741327962,-0.18199999999999994,-0.06800000000000006,0.03600000000000003,2.75,2.6935322378880997,0.0,0
2019-06-07,0.011344817140000019,0.029678533389999928,0.022528384052499965,-0.011086681150146827,-0.02303853025897768,-0.017062605704562254,-0.018377309106533648,-0.006724220015878671,-0.014547806205905837,-0.011496607591795242,9.157860757270063e-05,-0.008060351964613304,-0.004881099041460763,-0.47287212230024034,0.015227153685796295,-0.15399999999999991,-0.18199999999999994,-0.11799999999999988,2.75,2.273202152793542,0.0,0
2019-06-14,-0.0002546329199999975,-0.002301271729999943,-0.0015030825940999643,-0.010748942923633844,-0.024131005449323433,-0.01743997418647864,-0.018912001064304493,-0.00747517174169902,-0.01633809067314209,-0.012881552289879293,0.00028225366019433594,-0.00870931658127136,-0.005202604187099739,-0.10311404968313864,-0.006971482874992272,-0.0129999999999999,-0.15399999999999991,-0.13099999999999978,2.75,2.273202152793542,0.0,0
2019-06-21,0.015551002930000002,-0.008726391629999997,0.0007417922484000035,-0.01206541636233261,-0.025849352586721216,-0.01895738447452691,-0.02047361745920966,-0.007830177372101274,-0.01598718091124475,-0.012805949530978794,6.818018454185244e-05,-0.009220490242830334,-0.005597908776155181,-0.22710882586296632,0.01891055213165876,0.046499999999999986,-0.0129999999999999,-0.0844999999999998,2.75,2.273202152793542,0.0,0
2019-06-28,-0.004702476700000013,0.028604589419999993,0.01561483363319999,-0.012127208259712186,-0.025610053382508362,-0.018868630821110274,-0.020351743784617852,-0.007002540202307419,-0.014399844479776009,-0.011514895811563258,0.00025304345214475447,-0.008053240958404161,-0.004813790038290084,-0.09658448838947165,0.008577861008066155,0.01849999999999996,0.046499999999999986,-0.06599999999999984,2.75,2.273202152793542,0.0,0
2019-07-05,-1.1105500000163637e-06,-0.019342615580000055,-0.01179942861830004,-0.01224165691565607,-0.02536282992757458,-0.018802243421615326,-0.02024557245292636,-0.007616138073755784,-0.013556201528485422,-0.011239576781140865,0.0007898446382670298,-0.00875743203016976,-0.0050339941294794115,-0.14917019762777806,0.0047325993182892375,-0.03100000000000014,0.01849999999999996,-0.09699999999999998,2.75,2.093752870161147,0.0,0
2019-07-12,0.001590753569999992,0.02732988623999999,0.017291624498699993,-0.008878458408371889,-0.023788980992875325,-0.016333719700623608,-0.017973877184918986,-0.007432141247935512,-0.011678423973316227,-0.010022373710417748,-0.00035078853127958564,-0.00837834769505826,-0.005247599621184576,-0.006691350299663612,-0.0031836593438503724,0.03600000000000003,-0.03100000000000014,-0.06099999999999994,2.75,2.093752870161147,0.0,0
2019-07-19,-0.001409019630000008,-0.015749725229999956,-0.010156850045999975,-0.007566211854031543,-0.02305964786916758,-0.015312929861599562,-0.017017207823264525,-0.010036780120429389,-0.014681264737315347,-0.012869915736729824,-0.0013155794977515898,-0.008893206492029187,-0.005937931964260924,-0.062001094025540104,0.005260106730645844,0.01949999999999985,0.03600000000000003,-0.04150000000000009,2.75,2.093752870161147,0.0,0
2019-07-26,-0.003249826269999978,-0.012660943069999986,-0.008990607517999983,-0.008004254631996112,-0.022566988139023195,-0.015285621385509655,-0.016887522071282635,-0.010031497772497887,-0.014768280106574303,-0.012920934996284501,-0.0012805159146617336,-0.008729086920715072,-0.00582414422835427,-0.03819540132982058,-0.015598717544659767,-0.025500000000000078,0.01949999999999985,-0.06700000000000017,2.75,2.093752870161147,0.0,0
2019-08-02,-0.027238972059999977,-0.029118304409999962,-0.02838536479349997,-0.009916721401338242,-0.02288932417513029,-0.016403022788234266,-0.017830009093351393,-0.013199781711230756,-0.01722251845144172,-0.015653651122759443,-0.0029314100465857246,-0.009942937054458551,-0.007208441521388148,0.2048358494742447,-0.06578326755465258,-0.10949999999999971,-0.025500000000000078,-0.17649999999999988,2.75,2.022962884417377,0.0,0
2019-08-09,-0.0019038524900000242,0.004709128419999931,0.002130065865099948,-0.010560182856250955,-0.021562311405615982,-0.01606124713093347,-0.01727148127136362,-0.013114503407763732,-0.017419505284914556,-0.015740554552825733,-0.0029318729184410353,-0.009822226924529692,-0.0071349888621551165,0.06425198265922305,-0.025450760036204986,-0.16700000000000026,-0.10949999999999971,-0.09350000000000014,2.5,2.022962884417377,0.0,0
2019-08-16,-0.002762211229999978,-0.014633665870000034,-0.010003798560400012,-0.009269116369255226,-0.02532318526508613,-0.017296150817170678,-0.019062098395712077,-0.013226637262734858,-0.018760736953776905,-0.016602438074270507,-0.0031647595009316326,-0.011263146742465226,-0.008104775718267124,0.28691219294754855,-0.031829751766431935,-0.17300000000000004,-0.16700000000000026,-0.2665000000000002,2.5,2.022962884417377,0.0,0
2019-08-23,-0.00029287191999999296,-0.006342981529999903,-0.0039834387820999375,-0.009661032471965769,-0.025008706832472874,-0.017334869652219323,-0.019023113831875105,-0.01228681073507092,-0.017961182609523327,-0.01574817757848689,-0.002978016815825708,-0.011859443824128455,-0.008395687290890384,-0.0025460804272754434,-0.00013273203928522046,0.000500000000000167,-0.17300000000000004,-0.266,2.5,2.022962884417377,0.0,0
2019-08-30,0.001819722349999997,-0.01230583947000008,-0.0067968703602000495,-0.01074598470471224,-0.02480468831939247,-0.017775336512052355,-0.01932179390966718,-0.012821919188974993,-0.01838720100131634,-0.016216741094503218,-0.003130759114319796,-0.011973440663369967,-0.0085247948592404,-0.020311522737513688,0.008142239266025078,-0.04599999999999982,0.000500000000000167,-0.31199999999999983,2.5,2.022962884417377,0.0,0
2019-09-06,0.011784691869999975,0.014312655890000081,0.013326749922200041,-0.010690093079596395,-0.0245055592932376,-0.017597826186416997,-0.01911752746991753,-0.013041986853187956,-0.018373468849334412,-0.016294190870837295,-0.006199447281505726,-0.020138334032798515,-0.014702168199794327,-0.11967956339278196,0.027061875272551796,0.06199999999999983,-0.04599999999999982,-0.25,2.5,1.8376642722075107,1.0,0
2019-09-13,0.01245856515999999,0.004512280119999934,0.007611331285599956,-0.010546336768144196,-0.023789534976699042,-0.01716793587242162,-0.018624687675362652,-0.012002715984517713,-0.018339430619288135,-0.01586811191172767,-0.005990892041717857,-0.018832204995008026,-0.01382409294322486,-0.48908232716367916,0.02694156020987612,0.41900000000000004,0.06199999999999983,0.16900000000000004,2.5,1.8376642722075107,1.0,0
2019-09-20,-0.019049000930000004,0.004478753410000036,-0.004697070782599981,-0.010027823133001459,-0.026865416934632597,-0.01844662003381703,-0.02029875535199645,-0.011423954516119363,-0.019057633738801854,-0.01608049884195568,-0.006229628015993678,-0.018515058498654036,-0.013723740610416497,0.40594065642614763,-0.023219921720380537,-0.2490000000000001,0.41900000000000004,-0.08000000000000007,2.5,1.8376642722075107,1.0,0
2019-09-27,-0.005719941549999996,0.00151064698000003,-0.0013092825466999806,-0.011122223428107604,-0.027621314768186203,-0.019371769098146904,-0.02118666914555555,-0.012568656017605758,-0.020422719954493004,-0.017359635019106978,-0.006122125217750994,-0.018405232347311774,-0.013614820566783068,-0.13519471634372415,0.013996305903540117,0.1280000000000001,-0.2490000000000001,0.04800000000000004,2.5,1.8376642722075107,1.0,0
2019-10-04,0.0029084288400000324,0.013603727079999905,0.009432560766399955,-0.011928224677222187,-0.029768971816990994,-0.02084859824710659,-0.02281108043248116,-0.012518481683960726,-0.01799842716933864,-0.015861248430041254,-0.0066732024568813,-0.017914869894702062,-0.013530619593951965,0.21608729627072987,-0.031032949625003657,-0.19300000000000006,0.1280000000000001,-0.14500000000000002,2.5,1.8667061727788214,1.0,0
2019-10-11,0.007924200140000004,0.018760177890000063,0.014534146567500041,-0.012319635152992192,-0.030224407933308127,-0.02127202154315016,-0.02324154654898491,-0.013286882405815338,-0.021969744506120503,-0.018583428287001488,-0.006429140665955025,-0.01720959164950439,-0.013005215765920139,-0.14917019762777883,0.015189402892420455,0.16400000000000015,-0.19300000000000006,0.019000000000000128,2.5,1.8667061727788214,1.0,0
2019-10-18,0.001601372919999955,0.022020736510000027,0.0140571847099,-0.012138420680526814,-0.02934646423730336,-0.020742442458915086,-0.022635327250160507,-0.01394978993750719,-0.023243009072104907,-0.0196186536096118,-0.006403436984972601,-0.016468153082232297,-0.012542913804301016,0.10049348497210964,0.011162746337168994,0.020999999999999908,0.16400000000000015,0.040000000000000036,2.5,1.8667061727788214,1.0,0
2019-10-25,0.01214540630000005,0.008170282549999963,0.009720580812499997,-0.012153628591182008,-0.02945067221142728,-0.020802150401304644,-0.022704825199531625,-0.014784019912403214,-0.02355715144543282,-0.020135630147551275,-0.006291669822431137,-0.01681003046827041,-0.012707869816393092,-0.011191929018257385,0.0034158834771104694,0.01200000000000001,0.020999999999999908,0.052000000000000046,2.5,1.8667061727788214,1.0,0
2019-11-01,0.013302996149999968,-0.006876874040000036,0.0009932753340999656,-0.012857237490806523,-0.03085057589479724,-0.02185390669280188,-0.02383317391724086,-0.015077848815305743,-0.025479213065236962,-0.02142268100776379,-0.006101974021069494,-0.01645713667897185,-0.012418623242389931,-0.01202098299273524,0.021647744042485026,0.028000000000000025,0.01200000000000001,0.08000000000000007,2.5,1.8531784020947584,1.0,0
2019-11-08,-0.008810665240000015,0.012581516600000064,0.004238565682400033,-0.010498311755076215,-0.030377809217677743,-0.020438060486376978,-0.022624805207263145,-0.014853436261085913,-0.02646157079811698,-0.021934398328674866,-0.0073504997028182705,-0.014327590153826598,-0.01160652487793335,-0.2186922952018453,-0.006350071168126165,0.08299999999999974,0.028000000000000025,0.4129999999999998,2.25,1.8531784020947584,1.0,0
2019-11-15,-0.0022983045299999616,-0.03708336440000004,-0.02351719105070001,-0.011186741499688669,-0.02770832997385348,-0.019447535736771077,-0.021264910468929202,-0.01389760731507126,-0.025459223081657482,-0.020950192932688856,-0.007211780146524648,-0.014938831452780117,-0.011925281443340483,0.11695612817959755,-0.01575223937174797,-0.06899999999999995,0.08299999999999974,0.34399999999999986,2.25,1.8531784020947584,1.0,0
2019-11-22,-0.011676920500000021,-0.003676149599999956,-0.006796450250999982,-0.011083740920576391,-0.028830029904947332,-0.01995688541276186,-0.021908977201042665,-0.01283520854272459,-0.022783793186286205,-0.018903845175297175,-0.007415183673321073,-0.015056964692078059,-0.012076670094762834,0.037130074065590546,0.003645343288395671,-0.054999999999999716,-0.06899999999999995,0.28900000000000015,2.25,1.8531784020947584,1.0,0
2019-11-29,-0.0014710539400000222,-0.003126847009999989,-0.0024810877127000018,-0.011428775568070397,-0.028930460830830805,-0.0201796181994506,-0.022104803578354246,-0.012729122912361678,-0.02313073443369892,-0.019074105940377395,-0.007382287443658888,-0.014125004195908257,-0.011495344662531003,-0.0408009995353209,0.0034559004468219623,-0.017000000000000348,-0.054999999999999716,0.2719999999999998,2.25,1.8531784020947584,1.0,0
2019-12-06,0.007297404790000017,-0.0034789935800000338,0.0007238017842999861,-0.013163910117294963,-0.032192113604945796,-0.02267801186112038,-0.02477111424476197,-0.013305314854584187,-0.022966518283784546,-0.019198648946396408,-0.008245429021062973,-0.013630757334971185,-0.011530479292546983,-0.17108090981040702,-0.006369368675184291,0.02100000000000035,-0.017000000000000348,0.29300000000000015,2.25,1.8859222926663965,1.0,0
2019-12-13,-0.0048346998600000135,0.00439962819999995,0.0007982402565999639,-0.011839018256835613,-0.027355429606903223,-0.01959722393186942,-0.021304029180376854,-0.012729059110907253,-0.02364179584099716,-0.019385828516262096,-0.008835613481723379,-0.014876686843434059,-0.012520668232366894,0.06354136496681317,0.005915069833756005,-0.05600000000000005,0.02100000000000035,0.2370000000000001,2.25,1.8859222926663965,1.0,0
2019-12-20,0.007001914679999999,0.01845040697,0.0139854949769,-0.011741205431043794,-0.026892906005724648,-0.01931705571838422,-0.020983742781599115,-0.013388080309644557,-0.025302321543116547,-0.02065576746206247,-0.008998013137835992,-0.014740359272800794,-0.01250084428016452,-0.05465804453730827,0.028464492070219408,0.020999999999999908,-0.05600000000000005,0.258,2.25,1.8859222926663965,1.0,0
2019-12-27,0.017435993149999995,0.03459096756000002,0.027900527540100008,-0.013517510836792423,-0.030010478022629024,-0.021763994429710724,-0.02357822082015275,-0.015002338007104172,-0.027289229213386584,-0.02249734164293644,-0.009499235441561636,-0.016084521404899625,-0.01351625987919781,-0.22475231162014697,0.0064012814612247285,-0.0040000000000000036,0.020999999999999908,0.254,2.25,1.8859222926663965,1.0,0
2020-01-03,-0.004728371769999962,-0.005218502790000024,-0.0050273516922,-0.013253801555744994,-0.03042907406582696,-0.02184143781078598,-0.023730717786894992,-0.015121886266968365,-0.02742025565179665,-0.022623891591713616,-0.0104583680697158,-0.0167446649655077,-0.014293009176148858,0.12493577268394651,-0.0020842667934945665,-0.04899999999999993,-0.0040000000000000036,0.20500000000000007,2.25,1.874398069500109,1.0,0
2020-01-10,-0.0017097066000000272,-0.01221778371999993,-0.008119633643199968,-0.012917695691400128,-0.030899117031012516,-0.02190840636120632,-0.023886362708563685,-0.011632744706011533,-0.02908529484644359,-0.022278800291675088,-0.010340822544987329,-0.017209675897032276,-0.014530823089734746,0.24072204294092747,-0.006716066874879663,0.009999999999999787,-0.04899999999999993,0.21499999999999986,2.25,1.874398069500109,1.0,0
2020-01-17,-0.0022614152100000062,0.010852054339999917,0.005737801215499947,-0.014984965613645033,-0.04295557110287487,-0.028970268358259953,-0.032047034962075234,-0.01044952087756566,-0.028937249686915644,-0.02172703545126915,-0.012792689284700532,-0.019693868618087453,-0.01700240867806655,-0.029623575415130943,0.012449789353761632,-0.03699999999999992,0.009999999999999787,0.17799999999999994,2.25,1.874398069500109,1.0,0
2020-01-24,0.0011310481800000383,-0.0002797070799999135,0.00027048747140006766,-0.014425658745363511,-0.042226738089563204,-0.02832619841746336,-0.03138431714532532,-0.01034337113412524,-0.028582961320643863,-0.0214695211479016,-0.01249666449707074,-0.019306829668086653,-0.016650865251390447,0.161310515814161,-0.024118612485445723,-0.051000000000000156,-0.03699999999999992,0.12699999999999978,2.25,1.874398069500109,1.0,0
2020-01-31,-0.011784605770000012,-0.03485540097000006,-0.02585779084200004,-0.0173073964902534,-0.050171538001112057,-0.033739467245682726,-0.03735452281187718,-0.010411899726809393,-0.029311645354761565,-0.02194074455986022,-0.01356448875029985,-0.022111665987872828,-0.018778266865219367,0.23086222245874455,-0.043843823057504144,-0.14399999999999968,-0.051000000000000156,-0.016999999999999904,2.25,1.874398069500109,1.0,0
2020-02-07,0.0034522355500000157,0.015345895649999997,0.010707368211000004,-0.016628769882319882,-0.041048222546560265,-0.028838496214440075,-0.03152463600750652,-0.011151210001253386,-0.02824829227811973,-0.021580430190141858,-0.013253374210459615,-0.022660774488857838,-0.018991888380282533,-0.22095738909640128,0.005156928669163647,0.05799999999999983,-0.14399999999999968,0.040999999999999925,2.25,1.8898086500796618,0.0,0
2020-02-14,-0.008043536300000043,-0.015510800119999946,-0.012598567230199984,-0.009843773813993414,-0.025153669071280985,-0.0174987214426372,-0.01918280992093883,-0.010547683234451388,-0.030228926406668695,-0.022553241569503946,-0.01350439565256845,-0.023266535961980354,-0.019459301241309714,0.07776852335026208,-0.002147869309026361,-0.042999999999999705,0.05799999999999983,-0.0019999999999997797,2.25,1.8898086500796618,0.0,0
2020-02-21,0.003585509060000047,-0.011298127440000028,-0.0054935092049999985,-0.011670860921953978,-0.023538675060295694,-0.017604767991124835,-0.018910227546342424,-0.01069245688801022,-0.029203314672866174,-0.02198408013677235,-0.013021586667767973,-0.023251413971866745,-0.019261781323268223,0.07483722536907422,-0.021577804739009943,-0.09800000000000031,-0.042999999999999705,-0.10000000000000009,2.25,1.8898086500796618,0.0,0
2020-02-28,-0.02032228285000004,-0.02284252345000004,-0.02185962961600004,-0.011178779618153563,-0.026332410898988745,-0.018755595258571154,-0.02042249469946302,-0.01120661586607678,-0.029175479600919395,-0.022167622744330776,-0.013131443312193939,-0.023361977809495754,-0.019372069355548048,-0.08798305340426493,-0.08530283471034131,0.020000000000000018,-0.09800000000000031,-0.08000000000000007,2.25,1.8898086500796618,0.0,0
2020-03-06,-0.005154905069999993,0.008622608410000066,0.0032493781528000424,-0.009471041569311115,-0.02778533686882076,-0.018628189219065935,-0.020642761702011996,-0.010042637736077838,-0.02667131130327411,-0.020186128612067564,-0.011403088515227542,-0.02121992014897288,-0.017391355811812198,0.05125360070223173,-0.012143161799380044,-0.482,0.020000000000000018,-0.562,2.25,1.808256378940565,1.0,0
2020-03-13,-0.033404404870000015,-0.03570766809000003,-0.03480939543420003,-0.0066163543641347316,-0.02884860949573693,-0.01773248192993583,-0.020178029994412074,-0.009467153160117278,-0.02694748580758881,-0.02013015607507491,-0.010165319110869164,-0.021257440353584373,-0.01693151306892544,-1.1834890534651346,-0.1256468513719596,0.837,-0.482,0.2749999999999999,2.25,1.808256378940565,1.0,0
2020-03-20,-0.06815999915999998,-0.03195154599999994,-0.04607284273239996,-0.012392817961574607,-0.02538261225565683,-0.01888771510861572,-0.020316592480964762,-0.01289551195465123,-0.02266299258799121,-0.018853675140988617,-0.012161994449165808,-0.017958655521303886,-0.015697957703170035,0.10215159292106402,-0.013778570265231369,1.3240000000000003,0.837,2.599,1.25,1.808256378940565,1.0,0
2020-03-27,-0.006076356529999993,0.01681322385999995,0.00788628750789997,-0.017872235118855336,-0.028958689612471923,-0.02341546236566363,-0.024634972359961455,-0.01550265619232451,-0.023754317132517806,-0.020536169365842422,-0.013336690141170364,-0.02005180563962128,-0.01743291059522542,0.7695548469109589,-0.04825642313446772,-1.33,1.3240000000000003,1.2690000000000001,1.25,1.808256378940565,1.0,0
2020-04-03,-0.012705344880000025,-0.02501632777999996,-0.020215044448999984,-0.01753213665291039,-0.026200027115081743,-0.021866081883996066,-0.022819549834834914,-0.01586476097260912,-0.026890328495875714,-0.02259035716180174,-0.013598462216205767,-0.020996527604121976,-0.018111282102834657,0.17983098942258469,-0.031250859127793004,0.08199999999999985,-1.33,1.351,1.25,1.712758526345368,1.0,0
2020-04-10,0.026855646260000032,0.01488295073000001,0.01955230198670002,-0.018317492805959953,-0.027031561186679237,-0.022674526996319597,-0.023633074518198714,-0.01739021206561049,-0.028170145097270095,-0.02396597121492285,-0.01572420230790342,-0.023841858501517484,-0.020675972586008,0.07923417234085695,0.0599300762606027,-0.028000000000000025,0.08199999999999985,1.323,1.25,1.712758526345368,1.0,0
2020-04-17,-0.000658983950000025,-0.014875708020000045,-0.009331185632700035,-0.018274693491838512,-0.024252921208007736,-0.021263807349923124,-0.02192141239870174,-0.01727127657276518,-0.02633986571896141,-0.022803115951944883,-0.01620844810155001,-0.02245729068234329,-0.02002024207583391,-0.07492545330623901,0.016750914855534146,-0.008999999999999897,-0.028000000000000025,2.314,0.25,1.712758526345368,1.0,0
2020-04-24,-0.00956110994999998,0.024048819230000018,0.010940946849800019,-0.018142323784744837,-0.029884580354217625,-0.02401345206948123,-0.025305100292123236,-0.017221377711391865,-0.02868892927316783,-0.024216584164075204,-0.016415481355092937,-0.024496134471660574,-0.021344679756199195,-0.20963191962362349,-0.007924191105279239,0.12299999999999978,-0.008999999999999897,2.437,0.25,1.712758526345368,1.0,0
2020-05-01,0.004529550399999971,-0.0012527890300000344,0.0010023233476999676,-0.017870301135453626,-0.027933692276538184,-0.022901996705995905,-0.024008969731515208,-0.01765485197079202,-0.028740486116400177,-0.024417088799612997,-0.016417602353660653,-0.023650969374781106,-0.020829956236544128,-0.1510537556584194,0.02366922358219461,-0.20899999999999963,0.12299999999999978,2.228,0.25,1.7692982745277699,1.0,0
2020-05-08,0.01200060203000003,-0.008140321269999973,-0.0002853611829999724,-0.01797565411562486,-0.02545065902095047,-0.021713156568287664,-0.02253540710787348,-0.017743427792897743,-0.026847165935735016,-0.02329670806002848,-0.017441543440724162,-0.022282153369355462,-0.020394315497189255,-0.4305271390920928,0.025271285800969025,-0.027000000000000135,-0.20899999999999963,2.201,0.25,1.7692982745277699,1.0,0
2020-05-15,0.0016014967399999858,-0.007903124339999956,-0.004196322118799979,-0.018743333445816412,-0.02608195446964924,-0.022412643957732827,-0.02321989227035444,-0.018187594860754587,-0.026333124336453163,-0.023156367840930718,-0.017793385940438493,-0.02240942763377128,-0.020609171373371492,-0.1482088815791005,-0.03298481666429193,0.052000000000000046,-0.027000000000000135,2.253,0.25,1.7692982745277699,1.0,0
2020-05-22,0.00914976431000003,-0.0004625639300001039,0.0032862440835999484,-0.02069129386380201,-0.02423805163604821,-0.02246467274992511,-0.02285481610487219,-0.018087762529878974,-0.026223003530974585,-0.023050259540547298,-0.017864681237856322,-0.02270375044950823,-0.020816513456963986,0.1199477804923031,0.001957415779409574,-0.33000000000000007,0.052000000000000046,1.923,0.25,1.7692982745277699,1.0,0
2020-05-29,0.0068623801000000095,-0.04554102924999992,-0.025103699603499948,-0.01980767190464334,-0.021053064302058944,-0.02043036810335114,-0.020567361267066857,-0.01792920671491876,-0.02201372432906286,-0.02042076245954666,-0.01756720435019354,-0.018496309751460337,-0.018133958644966287,-0.5896547437852317,0.007437080287319361,0.03100000000000014,-0.33000000000000007,1.9540000000000002,0.25,1.7692982745277699,1.0,0
2020-06-05,0.007352819769999963,0.0006591097599999429,0.0032696566638999508,-0.022809391062914387,-0.01762063385768465,-0.020215012460299518,-0.019644249167724247,-0.018627759397498465,-0.023578527842839918,-0.02164772814915675,-0.0176209747068794,-0.018588106158564013,-0.018210924892407013,-0.05928015321470459,0.09998002409601262,0.028000000000000025,0.03100000000000014,1.9820000000000002,0.25,1.5894732899654342,1.0,0
2020-06-12,-0.0032766043499999897,0.01627826954,0.008651868722900004,-0.022710369790155935,-0.017378075484561353,-0.020044222637358645,-0.01945767026374324,-0.018408941548223978,-0.02199790544456616,-0.02059820952499271,-0.017452340290480768,-0.019224246273750273,-0.018533202940275165,-0.15384306471177578,-0.049031242043360145,0.017999999999999794,0.028000000000000025,2.0,0.25,1.5894732899654342,1.0,0
2020-06-19,0.0012655054599999827,0.006595280179999996,0.00451666803919999,-0.02129665544045421,-0.016223736447121107,-0.01876019594378766,-0.018202174854521018,-0.018209472693281333,-0.021514633719829868,-0.02022562091947594,-0.017672466083224567,-0.019695915207253115,-0.01890677004888198,0.13106387153785282,-0.007809187604825741,-0.11699999999999999,0.017999999999999794,1.883,0.25,1.5894732899654342,1.0,0
2020-06-26,-0.002256221849999962,0.015789624459999985,0.008751744399100005,-0.020986254878679014,-0.01324237190445213,-0.01711431339156557,-0.016262486264400616,-0.017899440179981237,-0.02079224478020615,-0.019664050986118432,-0.01770597038796519,-0.018397730526341968,-0.018127944072375023,0.058124041252672454,-0.023156369421273578,-0.08400000000000007,-0.11699999999999999,1.799,0.25,1.5894732899654342,1.0,0
2020-07-03,-0.0014007462000000248,-0.044878496259999956,-0.02792217373659998,-0.021086228627126703,-0.01859644304683112,-0.01984133583697891,-0.019567459423146395,-0.017572207346634564,-0.022797075003402327,-0.0207593766172629,-0.0173727475816575,-0.018854049665968015,-0.018276341853086915,0.11583634955764799,-0.0003529330909374527,-0.053999999999999826,-0.08400000000000007,1.745,0.25,1.8488249840166904,1.0,0
2020-07-10,-0.030095818539999986,-0.011805294610000017,-0.018938598942700006,-0.022997309777645185,-0.01694048621859297,-0.01996889799811908,-0.019302647406623335,-0.018526682944477235,-0.022925108708917213,-0.02120972266078562,-0.016259145520046293,-0.01872678825939221,-0.017764407591047304,-0.031718338430534176,0.002679909330278544,-0.025000000000000133,-0.053999999999999826,1.72,0.25,1.8488249840166904,1.0,0
2020-07-17,-0.006368009750000014,-0.00543054837000001,-0.0057961583082000116,-0.02280682596669834,-0.015542099447437688,-0.01917446270706801,-0.018375342789949345,-0.020405571643924907,-0.027953281333793177,-0.02500967455474455,-0.01615657805161827,-0.018647617578482042,-0.017676112163005173,0.10639528592992098,-0.0011937937679936525,-0.09200000000000008,-0.025000000000000133,1.628,0.25,1.8488249840166904,1.0,0
2020-07-24,0.016476297149999986,0.0012548422600000553,0.0071912096671000285,-0.021409750768649503,-0.014191143301553454,-0.017800447035101478,-0.017006400213720914,-0.01954349182687851,-0.027292277457990552,-0.024270251061856856,-0.01599628631602175,-0.018627833775571388,-0.01760153026634703,0.06467187570416055,0.01965764981409984,-0.10699999999999998,-0.09200000000000008,1.521,0.25,1.8488249840166904,1.0,0
2020-07-31,-0.001250925799999969,-0.012125963100000026,-0.007884698553000004,-0.021069922233752682,-0.01336972435030817,-0.017219823292030426,-0.01637280152485153,-0.020605698938874213,-0.029767673163836238,-0.026194503216101048,-0.01606701452485705,-0.01901882817996961,-0.017867620854475713,0.19532401429431612,0.0027409890512657235,-0.24499999999999988,-0.10699999999999998,1.276,0.25,1.8488249840166904,1.0,0
2020-08-07,-0.013858538760000039,0.0036724929400000494,-0.003164609422999985,-0.0223535459526779,-0.012360671065505691,-0.017357108509091796,-0.016257892271502854,-0.02118197187134755,-0.02529562109276817,-0.023691297896414127,-0.017052602787906115,-0.017875998077035382,-0.017554873914274967,0.031932703446720674,0.007499588967353471,-0.038000000000000034,-0.24499999999999988,1.238,0.25,1.6776087451606854,1.0,0
2020-08-14,-0.006992481619999991,-0.018363210220000092,-0.013928626066000052,-0.022247422306934644,-0.010863298150813562,-0.016555360228874102,-0.015303106571700784,-0.019161775168655807,-0.017117301246935147,-0.017914646076406204,-0.01649917973484899,-0.01729413380890206,-0.016984101720021363,-0.5331182226712556,0.018621675412023662,0.2570000000000001,-0.038000000000000034,1.495,0.25,1.6776087451606854,1.0,0
2020-08-21,0.007143835759999995,-0.0014412942699999487,0.0019069064417000293,-0.021381891133444304,-0.011039273836372657,-0.016210582484908483,-0.0150728945822306,-0.01941966048096633,-0.01644366859579341,-0.01760430543101085,-0.01643175848424082,-0.01664672820148528,-0.01656289001175994,0.05205304560619206,-0.006363699952311254,-0.02400000000000002,0.2570000000000001,1.471,0.25,1.6776087451606854,1.0,0
2020-08-28,-0.004317668529999985,-0.008133124860000063,-0.0066450968913000326,-0.02149582576402226,-0.01128220135726559,-0.016389013560643925,-0.015265514875900691,-0.01921449374391148,-0.016804736746491786,-0.017744541975485466,-0.016841604856439246,-0.016565896309028928,-0.01667342264251895,-0.07550283018132065,0.021807249616915016,0.05599999999999983,-0.02400000000000002,1.527,0.25,1.6776087451606854,1.0,0
2020-09-04,-0.004565937849999979,0.032477649770000006,0.018030650598200013,-0.02090904700366151,-0.008399063121080462,-0.014654055062370986,-0.01327795683528707,-0.018889852594580602,-0.015196097473342492,-0.016636661970625355,-0.016680184066829862,-0.015287983692843723,-0.015830941838698317,0.08562973157254228,-0.023514415525604203,-0.04399999999999982,0.05599999999999983,1.483,0.25,1.8075797179351198,1.0,0
2020-09-11,0.01498420990999999,0.028515108320000038,0.023238057940100018,-0.01696828370022069,-0.005244765477287393,-0.011106524588754042,-0.00981693758423138,-0.017388985890984112,-0.013002214056391084,-0.014713055071882366,-0.015838781246168245,-0.013904176670916589,-0.014658672455264735,0.09886838006171572,-0.0013146605726931503,0.08799999999999986,-0.04399999999999982,1.571,0.25,1.8075797179351198,1.0,0
2020-09-18,-0.005491062669999991,-0.0035880456100000346,-0.004330222263400018,-0.015622631494654149,-0.004802110193130659,-0.010212370843892404,-0.009022113500724821,-0.01747012513478507,-0.013129534101721671,-0.014822364604616396,-0.01582148038282385,-0.013935066144034319,-0.014670767697162237,0.06360058310784744,0.0029203988868573227,-0.038999999999999924,0.08799999999999986,1.532,0.25,1.8075797179351198,1.0,0
2020-09-25,-0.005476429030000007,-0.028165011959999986,-0.019316464617299994,-0.015453254100931029,-0.0055698677454506535,-0.010511560923190841,-0.009424388424088,-0.017536859520208864,-0.013780333968642214,-0.015245378933753207,-0.015779714259711856,-0.014683336662638283,-0.015110923925496976,0.02860266175667664,-0.024240273454872497,0.08000000000000007,-0.038999999999999924,1.612,0.25,1.8075797179351198,1.0,0
2020-10-02,0.0027343763100000085,-0.0024120424499999293,-0.0004049391335999536,-0.01618193395871006,-0.0066278724895409424,-0.0114049032241255,-0.010353956462516897,-0.017052988885575923,-0.011673019020490035,-0.013771207267873531,-0.015818137245233774,-0.01621155064217258,-0.016058119417366446,-0.06200109402554049,0.004940410572504071,0.0,0.08000000000000007,1.612,0.25,1.7136298386392084,1.0,0
2020-10-09,-0.007204658360000005,-0.0015991195500000277,-0.0037852796859000185,-0.016358427222295233,-0.006251334098535457,-0.011304880660415344,-0.01019310041680177,-0.016695762430499504,-0.012209845115366316,-0.013959352868268259,-0.01614464893169357,-0.01750308096000033,-0.016973292468960694,0.08456380503392935,0.01438995859938119,-0.16500000000000004,0.0,1.447,0.25,1.7136298386392084,1.0,0
2020-10-16,0.004463513239999994,-0.010684003279999965,-0.00477647183719998,-0.016426500281669823,-0.007085185313772599,-0.011755842797721211,-0.010728298151252516,-0.01683185830175168,-0.012212988909919412,-0.014014347972733997,-0.015995893868912016,-0.017531178243266072,-0.01693241733726799,-0.09824259633842747,-0.03446608227461467,-0.06000000000000005,-0.16500000000000004,1.387,0.25,1.7136298386392084,1.0,0
2020-10-23,-0.004491557219999998,-0.008642431640000003,-0.007023590616200001,-0.016309206557086092,-0.0069475472514592546,-0.011628376904272673,-0.010598594380653721,-0.016759480581469338,-0.012990398602787789,-0.014460340574473592,-0.015941295500898574,-0.017583654394776438,-0.01694313442616407,-0.17676585134968215,0.027189365976452988,0.19399999999999995,-0.06000000000000005,1.581,0.25,1.7136298386392084,1.0,0
2020-10-30,-0.008478871200000015,-0.05091781657000005,-0.03436662787570004,-0.015940569991027064,-0.009244591631252193,-0.012592580811139628,-0.011856023191564393,-0.01664510730923823,-0.01377549084224302,-0.014894641264371152,-0.01614249248702027,-0.018973481811276862,-0.017869395974816793,0.08296491522600746,-0.03719960916952972,0.0020000000000000018,0.19399999999999995,1.583,0.25,1.7136298386392084,1.0,0
2020-11-06,0.006430875370000033,-0.01509977930999995,-0.006702823984799955,-0.01655310939123257,-0.007584928689463743,-0.012069019040348157,-0.011082519163153587,-0.016516991624160503,-0.013960883751294572,-0.014957765821712285,-0.015859164494645916,-0.01905535368480077,-0.017808839900640375,0.07266095868606903,0.0347168490901987,-0.06400000000000006,0.0020000000000000018,1.519,0.25,2.1251991875039513,1.0,0
2020-11-13,0.003217652719999964,0.0027780884999999422,0.0029495185457999507,-0.017031768742931275,-0.0076799631506424635,-0.012355865946786868,-0.0113271673316351,-0.017400092817936974,-0.014841359161957012,-0.015839265287789197,-0.016342105515125816,-0.018619658939191715,-0.017731413103806014,-0.18742511673582574,-0.014561388556854753,0.027000000000000135,-0.06400000000000006,1.546,0.25,2.1251991875039513,1.0,0
2020-11-20,0.004608804550000012,0.01563093633000001,0.011332304935800012,-0.017090331384966767,-0.006846664377937109,-0.011968497881451937,-0.010841694510678675,-0.018884998707772938,-0.01256669195788324,-0.015030831590340223,-0.01653788535788531,-0.01816148453139816,-0.01752828085372815,0.20181572428150452,0.051997709464974215,-0.14000000000000012,0.027000000000000135,1.406,0.25,2.1251991875039513,1.0,0
2020-11-27,0.013194225589999997,-0.006966784299999973,0.000896009557100016,-0.017216731534645164,-0.006960393099389321,-0.012088562317017243,-0.0109603650891391,-0.018357292096564823,-0.013287865384001143,-0.015264941801900979,-0.016656742059151273,-0.01836305038802573,-0.017697590139764692,-0.07887826422026722,0.03503311781992561,0.14600000000000013,-0.14000000000000012,1.552,0.25,2.1251991875039513,1.0,0
2020-12-04,0.006468036010000011,0.012942192150000031,0.010417271255400025,-0.016325944292485572,-0.007882886039134526,-0.01210441516581005,-0.011175678757941433,-0.0195240017625813,-0.008935158870686237,-0.01306480759852531,-0.01714549240507944,-0.020053385788556533,-0.018919307369000465,-0.11618569307176818,0.049078445782857874,0.04899999999999993,0.14600000000000013,1.601,0.25,1.9594107658802673,1.0,0
2020-12-11,-0.0031122577500000137,0.029077935689999945,0.01652376024839996,-0.005231349717817829,0.007123181531434509,0.0009459159068083401,0.002304914344226097,-0.0067434894988148576,0.005909569993838596,0.000974876791703749,-0.0075509287343855785,-0.0005474243224465928,-0.0032787910431027975,2.831989458312346,0.008596506578207288,-0.050999999999999934,0.04899999999999993,1.55,0.25,1.9594107658802673,1.0,0
2020-12-18,-0.009658094979999976,0.002498766730000046,-0.0022424093368999627,-0.0013887919325273313,0.0025012326716208335,0.0005562203695467511,0.0009841230760030493,-0.002467479038586056,0.0014616431068108977,-7.071452989391427e-05,-0.0036700046268243335,-0.0017292791535102885,-0.002486162088102766,-2.9014517384709944,-0.01753364194198289,-0.131,-0.050999999999999934,1.419,0.25,1.9594107658802673,1.0,0
2020-12-25,-0.006224660659999992,-0.022930381390000032,-0.016415150305300014,-0.0009801736622219413,0.00325542900160295,0.0011376276696905044,0.0016035439627112421,-0.002535053204235336,0.0017371482192472109,7.098966408901754e-05,-0.0036805596629671837,-0.0018344852820193986,-0.002554454290589035,0.03730772848869457,-0.00787837519640195,-0.04100000000000015,-0.131,1.378,0.25,1.9594107658802673,1.0,0
2021-01-01,-0.0008814273400000183,-0.001477190929999983,-0.0012448431298999968,-0.0009792928230652163,0.0032393352501253036,0.0011300212135300436,0.001594070301581001,-0.002562898699066905,0.0013801950389799927,-0.00015761151885829736,-0.003570673798214616,-0.001818413431480215,-0.0025017949745066315,-0.03393169517536376,-0.004888117418809773,-0.007999999999999785,-0.04100000000000015,1.37,0.25,2.6485044033142477,0.0,0
2021-01-08,0.01398928613,-0.005917145740000018,0.0018463626892999897,-0.0011036868187479267,0.003339823360080732,0.0011180682706664028,0.0016068543903375553,-0.0026010288859647547,0.001437358717072362,-0.00013761244811211378,-0.0035928778682560295,-0.0018132979374438953,-0.0025073341104606276,-0.1126326046097198,0.047946548564228066,0.1509999999999998,-0.007999999999999785,1.521,0.25,2.6485044033142477,0.0,0
2021-01-15,0.006674390390000007,0.029853806879999945,0.02081383444889997,-0.0011150515741068807,0.003472671982007422,0.0011788102039502707,0.001683459795122844,-0.0026524333828424392,0.001184066806190104,-0.0003121682675325879,-0.003406398366224576,-0.0019488916299694123,-0.002517319257108926,-0.05365133613972872,-0.008223017215610817,0.10200000000000009,0.1509999999999998,1.623,0.25,2.6485044033142477,0.0,0
2021-01-22,-0.00826086852000002,0.01734959458000007,0.007361513971000036,-0.0012405821245993563,0.003421571110024654,0.001090494492712649,0.00160333134852129,-0.0026532040885978675,0.001108292257818088,-0.0003586913172841348,-0.0034236757152505573,-0.001814947034894638,-0.0024423512202334467,0.05525082522203473,-0.009600443863732008,-0.026999999999999913,0.10200000000000009,1.596,0.25,2.6485044033142477,0.0,0
2021-01-29,0.023275676999999995,-0.027515305560000036,-0.007706822361600023,-0.001108830168264289,0.0038329503971171472,0.001362060114426429,0.001905655976618387,-0.00241675361023143,0.0013842932058754337,-9.811505240624315e-05,-0.003453489193510108,-0.0024369851021556776,-0.0028334216977839053,0.02522722771773178,-0.015145827819049244,-0.02200000000000002,-0.026999999999999913,1.574,0.25,2.6485044033142477,0.0,0
2021-02-05,-0.0026506654899999815,0.0,-0.001033759541099993,-0.0009280121664480621,0.0041752827464452075,0.0016236352899985727,0.002184997730416832,-0.002353095429283637,0.0013805881421211853,-7.554845072669548e-05,-0.003304864067226716,-0.0016543086367105566,-0.002298025254611859,-0.12364717884206866,0.03838208425522694,0.11599999999999988,-0.02200000000000002,1.69,0.25,2.3810668060855313,0.0,0
2021-02-12,0.008731475529999977,-0.009823619670000006,-0.002587132542000012,-0.000959860379327332,0.004269720661649332,0.001654930141161,0.002230184055668433,-0.002321057226398229,0.0017290695199875844,0.0001495200888971173,-0.002869407725121082,1.1885443001099453e-05,-0.0011118188925665516,-0.10499346441631785,0.021467920988580837,0.008000000000000007,0.11599999999999988,1.698,0.25,2.3810668060855313,0.0,0
2021-02-19,0.0005952359499999949,0.021110351919999992,0.013109456691699994,-0.0010330640050752122,0.004131466652886251,0.0015492013239055192,0.0021172996962812796,-0.0022917684639002815,0.0016448972937107356,0.00010959764824243891,-0.002859684113331277,0.0001549955524661993,-0.0010207295171948164,-0.1710809098104059,0.019193215519596084,0.18199999999999994,0.008000000000000007,1.88,0.25,2.3810668060855313,0.0,0
2021-02-26,-0.004385113669999996,-0.024225397669999982,-0.016487686909999986,-0.001049746675493437,0.004232453701210853,0.001591353512858708,0.00217239555429618,-0.0022954637408668776,0.0015855293599620524,7.194205063876962e-05,-0.0028156412744914927,7.588346828002728e-05,-0.0010518111814008654,-0.03801774690671844,0.003592651062074159,0.26900000000000013,0.18199999999999994,2.149,0.25,2.3810668060855313,0.0,0
2021-03-05,-0.013402453059999986,0.009725065539999966,0.0007053332859999839,-0.0009801988994037575,0.004042441925862379,0.0015311215132293107,0.002083612004008586,-0.0021701189286645493,0.0014608183051616564,4.475278396943614e-05,-0.002781961680620553,-7.216819585587498e-05,-0.0011289876549140992,-0.2961496236744865,0.003707989642795291,0.31400000000000006,0.26900000000000013,2.463,0.25,2.5745355855296417,0.0,0
2021-03-12,-0.00084801243999999,-0.028758692189999935,-0.017873527087499955,-0.00018018496013193523,0.0043996918394382635,0.0021097534396531644,0.0026135398876058857,-0.0016563465043879008,0.0018276804060544175,0.00046890991098191327,-0.0028142794872284627,8.611215734042319e-05,-0.0010450405840414423,-0.11121136922490171,0.005967384544833331,-0.016999999999999904,0.31400000000000006,2.446,0.25,2.5745355855296417,0.0,0
2021-03-19,0.001586214510000017,-0.03285388889000007,-0.019422248564000037,8.757569642458695e-05,0.0045334330042462075,0.002310504350335397,0.0027995486541957755,-0.0014251899472804827,0.00182911255827135,0.0005599345811061353,-0.0028430694174066172,5.940364027998287e-05,-0.0010725608522177913,-0.0850961690288512,-0.030966579491505,-0.015000000000000124,-0.016999999999999904,2.431,0.25,2.5745355855296417,0.0,0
2021-03-26,0.0018512942399999677,0.038490841810000065,0.024201418257700027,1.5146721815030443e-05,0.004776567701456041,0.0023958572116355354,0.0029196135193960467,-0.001436476911259442,0.0020314807022692445,0.0006789772329930568,-0.0028027435385498058,0.00017851878650037732,-0.0009841735202691941,-0.028957371328495407,-0.043073857321436766,-0.04800000000000004,-0.015000000000000124,2.383,0.25,2.5745355855296417,0.0,0
2021-04-02,-0.005535540630000002,0.0032725626999999813,-0.0001625975987000123,0.0007557843573443061,0.004991584643502125,0.0028736845004232155,0.0033396225319005757,-0.0014958249534475529,0.0018560612950087,0.0005488256581107613,-0.0026803809297825066,0.0005770385801969213,-0.0006933550286950555,-0.11583038422556435,-8.928183094225866e-05,0.04700000000000015,-0.04800000000000004,2.43,0.25,2.365261097955619,1.0,0
2021-04-09,0.013367394550000022,0.018431323990000026,0.016456391508400024,0.0007950868574143554,0.005138589125873225,0.00296683799164379,0.003444623241174266,-0.0014569643890526493,0.0019862373164006575,0.0006433886512738678,-0.002552056776473802,0.0005307925666605464,-0.0006715186771618495,0.12524666792437555,0.05217826807958781,-0.05900000000000016,0.04700000000000015,2.371,0.25,2.365261097955619,1.0,0
2021-04-16,-0.00014502970000002113,-0.028103388940000085,-0.017199628836400062,0.0007467422469865507,0.004142517845002598,0.0024446300459945746,0.00281816536177634,-0.001353090863562596,0.001292567763022234,0.0002607608986541503,-0.0023226574179660165,0.00010424856371536294,-0.000842244769140375,0.4912147795152939,-0.03215803467574289,-0.028999999999999915,-0.05900000000000016,2.342,0.25,2.365261097955619,1.0,0
2021-04-23,-0.05806407835999999,-0.18408606229999996,-0.1349374885634,-0.002117664894195317,-0.006088615719264423,-0.00410314030672987,-0.004539944897487471,-0.003232363409689679,-0.008605290587823384,-0.006509848988351239,-0.003614137642315529,-0.00879509157896817,-0.00677451954367364,1.4151954340708086,-0.11817142512840392,0.20399999999999974,-0.028999999999999915,2.546,0.25,2.365261097955619,1.0,0
2021-04-30,0.0019665360200000204,-0.02462639771999997,-0.014255153561399973,-0.002111898611557465,-0.006060901439069307,-0.0040864000253133855,-0.004520790336339688,-0.0032093745250687694,-0.008320083655691882,-0.006326907094748868,-0.003598336616235216,-0.008576862907794473,-0.006635237654086362,-0.04565688710012092,0.04187066272996748,-0.03299999999999992,0.20399999999999974,2.513,0.25,2.365261097955619,1.0,0
2021-05-07,-0.002563447629999993,0.026348784319999985,0.015073013859499993,-0.0019843784689040703,-0.005829081189401379,-0.003906729829152725,-0.004329647128407429,-0.0032454525708649675,-0.00812166596638797,-0.006219942742133998,-0.0035980095323580393,-0.00842283424954132,-0.006541152609839841,0.10819184330654683,0.01984322823937372,-0.06000000000000005,-0.03299999999999992,2.453,0.25,2.4276650493402006,1.0,0
2021-05-14,0.028706727759999995,0.02088491069999998,0.02393541935339999,-0.0015801332280200651,-0.005506238311726843,-0.003543185769873454,-0.0039750573290811995,-0.0031977059088583006,-0.00800003207063874,-0.006127124867544369,-0.0037197631216199485,-0.008549701215373155,-0.006666025358809405,0.34553815257133447,0.11079557666741294,-0.042999999999999705,-0.06000000000000005,2.41,0.25,2.4276650493402006,1.0,0
2021-05-21,-0.022182160380000038,-0.061561579899999996,-0.04620360628720001,-0.0015685796123232545,-0.0055353131917809705,-0.0035519464020521124,-0.003988287095792461,-0.0031797653013126157,-0.0077975585226107424,-0.005996619166304473,-0.00377131766823283,-0.008152094600312985,-0.006443591596801725,-0.18724746231272232,-0.08902836365274228,0.1629999999999998,-0.042999999999999705,2.573,0.25,2.4276650493402006,1.0,0
2021-05-28,0.0020985709499999894,0.02658613635000001,0.017035985844000002,-0.0012563156486842802,-0.007758209708134614,-0.004507262678409447,-0.005222471024948984,-0.003136397268126027,-0.00917369665970192,-0.006819149896987322,-0.003705716306736601,-0.009443140145173527,-0.007205544848183126,-1.0104980589691857,0.0018755523759491207,-0.07699999999999996,0.1629999999999998,2.496,0.25,2.4276650493402006,1.0,0
2021-06-04,-0.005965154509999959,-0.013864277509999967,-0.010783619539999964,-0.0013762278948183063,-0.007936898783520987,-0.004656563339169647,-0.005378237136926942,-0.0030933148067859035,-0.009264134891214408,-0.0068575150582872915,-0.003828446217741357,-0.00896676957201039,-0.006962823463845467,0.14088025715738628,0.03930630532738626,-0.06700000000000017,-0.07699999999999996,2.429,0.25,3.213433538476795,1.0,0
2021-06-11,-0.01822467363000002,-0.0506808748,-0.03802295634370001,-0.0011776212315105848,-0.007198896334039042,-0.004188258782774813,-0.004850599044052943,-0.003040858016964145,-0.009190796720860303,-0.006792320626340801,-0.0037917961798302926,-0.008918006560974816,-0.006918784512328452,0.269502059483514,-0.13506805231901078,-0.08199999999999985,-0.06700000000000017,2.347,0.25,3.213433538476795,1.0,0
2021-06-18,-0.012521753179999984,-0.03780307181000003,-0.027943357544300013,-0.0011881972567878236,-0.007241458022875048,-0.004214827639831436,-0.004880686324101031,-0.003024472536502291,-0.009164398554289742,-0.006769827407352635,-0.0036570036946002625,-0.009112926545192199,-0.006985116633461344,0.013502035792973266,-0.057606798306321094,-0.0019999999999997797,-0.08199999999999985,2.345,0.25,3.213433538476795,1.0,0
2021-06-25,-0.0006556338700000053,-0.0020837071700000043,-0.0015267585830000046,-0.0009828676549526012,-0.007015565417213374,-0.003999216536082988,-0.0046628132899316724,-0.0025720320922468327,-0.008780989893292228,-0.006359496350884524,-0.003481039688999832,-0.009001158415495853,-0.006848312112162405,-0.7265614036503776,0.016976324273383043,0.06399999999999961,-0.0019999999999997797,2.409,0.25,3.213433538476795,1.0,0
2021-07-02,0.0036007192999999993,0.004202696589999999,0.003967925446899999,-0.0010898442418002684,-0.006988596103045559,-0.004039220172422913,-0.004688082877159896,-0.0025868893808735013,-0.008683341557889275,-0.006305725208853123,-0.0035201880592071674,-0.009168837488963185,-0.006965864211358338,0.18600448062539177,0.008890490076382963,-0.1259999999999999,0.06399999999999961,2.283,0.25,3.7582842062400696,1.0,0
2021-07-09,0.0002852550199999859,0.018589259999999996,0.011450698057799993,-0.0011840320636064422,-0.005308444045111849,-0.0032462380543591455,-0.0036999233723247404,-0.002640197179757807,-0.006528589993832234,-0.005012116796343208,-0.003438699286857582,-0.007098729375849617,-0.0056713176411427235,1.3169525380951885,-0.01239527058309331,-0.04699999999999971,-0.1259999999999999,2.236,0.25,3.7582842062400696,1.0,0
2021-07-16,-0.005854697489999977,0.021282376410000026,0.010698917589000025,-0.0010866979883354115,-0.00546218569181675,-0.003274441840076081,-0.003755745487459028,-0.0025826168438918716,-0.006729027407811234,-0.005111927287882683,-0.003389016803399078,-0.007415921737560235,-0.005845428813237383,0.009060675215415537,-0.014322501294048717,-0.04900000000000038,-0.04699999999999971,2.187,0.25,3.7582842062400696,1.0,0
2021-07-23,0.012016818139999996,0.038910041090000014,0.028421684139500008,-0.0011934782050859012,-0.005653682602023896,-0.0034235804035548986,-0.003914202887218078,-0.0027179499514173124,-0.0070182285183074304,-0.005341119877220284,-0.0034288198931013156,-0.007685918792980376,-0.006025650222027542,-0.04281441633048366,0.01398597205753124,0.07500000000000018,-0.04900000000000038,2.262,0.25,3.7582842062400696,1.0,0
2021-07-30,-0.019802415099999998,-0.056591457820000024,-0.04224373115920001,-0.0010711616872380856,-0.005148448663234865,-0.0031098051752364757,-0.003558306742596121,-0.002655617586929522,-0.006373658082028276,-0.004923622288939762,-0.0033104633434583998,-0.007292311811481621,-0.005739390908952565,-0.15580262942360096,-0.06880591763879296,0.20800000000000018,0.07500000000000018,2.47,0.25,3.7582842062400696,1.0,0
2021-08-06,-0.02262987789000001,-0.05575140172999998,-0.0428340074324,-0.001007662775946409,-0.005018076026496683,-0.003012869401221546,-0.0034540148587820763,-0.0024514348987681625,-0.005917396399697742,-0.004565671414335206,-0.0031202071303479844,-0.006850885581681034,-0.005395920985661145,0.07443750291709339,-0.02996306219889506,-0.15600000000000014,0.20800000000000018,2.314,0.25,4.853458483804383,0.0,0
2021-08-13,-0.006790263709999994,0.0042087417099999636,-8.087040380002014e-05,-0.0011916075329754074,-0.0052884945892445944,-0.003240051061110001,-0.0036907086372996115,-0.0024219624110476644,-0.005816456058250291,-0.004492603535841267,-0.003087373136597825,-0.006811260185277427,-0.005358944236292382,-0.013323782095485903,-0.020480886393029127,0.09099999999999975,-0.15600000000000014,2.155,0.5,4.853458483804383,0.0,0
2021-08-20,-0.011631260710000008,-0.01518056311999999,-0.013796335180099997,-0.001255974698835454,-0.005336050954424963,-0.0032960128266302084,-0.003744821214745054,-0.0025467084228085633,-0.005729542181514981,-0.004488237015619478,-0.003101844857170988,-0.006852029899013295,-0.005389457732694796,0.05347428099101076,-0.08757742810110333,-0.10499999999999998,0.09099999999999975,2.05,0.5,4.853458483804383,0.0,0
2021-08-27,0.018072410439999992,0.04168845969000001,0.032478200482500004,-0.0013025054813289435,-0.0054663585521316825,-0.003384432016730313,-0.003842455854518614,-0.0025456881092613647,-0.005690882843675088,-0.0044642568972537355,-0.003075891488949511,-0.006836004438080637,-0.0053695603879194975,-0.017232179403738,0.1341708668828549,-0.03200000000000003,-0.10499999999999998,2.018,0.5,4.853458483804383,0.0,0
2021-09-03,0.007608586750000007,0.03262263943999999,0.022867158890899998,-0.0013147161913984124,-0.005769008757859472,-0.0035418624746289423,-0.004031834656939659,-0.0025165897942636306,-0.005657700089450658,-0.004432667074327717,-0.003097104053509734,-0.006958636623774452,-0.005452638921371212,-0.027891444789882758,-0.008031542928678118,0.019000000000000128,-0.03200000000000003,2.037,0.5,5.117527029322179,0.0,0
2021-09-10,-0.0007797332399999968,-0.00821715370999998,-0.005316559726699987,-0.0013933070694284778,-0.00603784592613969,-0.003715576497784084,-0.004226475772022317,-0.0019066960387954359,-0.005073955726790786,-0.0038387244484725993,-0.0027840534062785133,-0.006903455836089228,-0.005296888888463049,-0.12204828903414766,-0.0019605452072267654,0.002000000000000224,0.019000000000000128,1.5390000000000001,1.0,5.117527029322179,0.0,0
2021-09-17,-0.00014652620999999755,-0.001448668480000026,-0.0009408329947000149,-0.0013610988183221998,-0.006067321810229613,-0.0037142103142759064,-0.004231894843385722,-0.0015823693144575714,-0.00516390490173526,-0.003767106022696961,-0.0025751974478036227,-0.006871248349013245,-0.005195788497541492,-0.11245495018661777,0.010193809065574674,0.004999999999999893,0.002000000000000224,1.544,1.0,5.117527029322179,0.0,0
2021-09-24,0.003193102619999999,0.007079077380000021,0.005563547223600012,-0.0013757227555555875,-0.00610563863851464,-0.0037406806970351134,-0.00426097144416061,-0.0014362405691941947,-0.005127376794579916,-0.003687833666679485,-0.002596401436342561,-0.006839928192470752,-0.005184952757580757,-0.29010937328900555,0.021102326100025236,0.17899999999999983,0.004999999999999893,1.7229999999999999,1.0,5.117527029322179,0.0,0
2021-10-01,0.0007141511200000061,0.006775317820000015,0.004411462807000012,-0.001330273946755761,-0.005983468018794154,-0.0036568709827749573,-0.00416872233069918,-0.0013222173894427364,-0.005214410863956655,-0.003696455408896227,-0.0026365934588053167,-0.00697277772821505,-0.0052816658631452545,0.09966443099763152,0.005635197753059635,0.13400000000000034,0.17899999999999983,1.8570000000000002,1.0,5.684416546929388,0.0,0
2021-10-08,0.021363962799999997,-0.005023881660000007,0.005267377679399995,-0.0010705124684557423,-0.006619533153378381,-0.0038450228109170614,-0.004455415086258551,-0.0013987743877869993,-0.005784991390598954,-0.004074366759502291,-0.0025646717614931022,-0.00723903259318655,-0.005416031868826106,0.35157840295681697,0.05676576904407062,-0.13100000000000023,0.13400000000000034,1.726,1.0,5.684416546929388,0.0,0
2021-10-15,0.02948235945999997,0.05219776556,0.043338757180999984,-0.0010599254639344288,-0.006670791627269182,-0.003865358545601805,-0.0044825538235686285,-0.0013991652253477116,-0.0057864202357211176,-0.004075390781675489,-0.002630134058554748,-0.007477862531961585,-0.005587248427332919,-0.2240219278949176,0.08774248926049284,0.002000000000000224,-0.13100000000000023,1.2280000000000002,1.5,5.684416546929388,0.0,0
2021-10-22,0.0032522731200000377,0.02721389794000001,0.01786886426020002,-0.0011230945205576589,-0.006532351892096035,-0.003827723206326847,-0.004422741517196068,-0.0014535027820572592,-0.005369119651352977,-0.003842029072327647,-0.002646450513483582,-0.007465856230456854,-0.005586288000837277,0.05347428099101145,0.0004964787605294795,-0.016000000000000014,0.002000000000000224,1.2120000000000002,1.5,5.684416546929388,0.0,0
2021-10-29,-0.007243776079999986,-0.0037905272600000095,-0.0051372942998,-0.0011118809607997566,-0.006356821428840817,-0.003734351194820287,-0.004311294646304803,-0.0014653073411779933,-0.005420847088400276,-0.003878186586983586,-0.0026515367880611297,-0.007418814024501281,-0.005559575902289622,-0.11529742095625625,-0.015068819662099695,0.11999999999999966,-0.016000000000000014,1.3319999999999999,1.5,5.684416546929388,0.0,0
2021-11-05,0.0010329856999999887,-0.003972453729999992,-0.0020203323522999996,-0.0011813176045193988,-0.006051736196138457,-0.003616526900328928,-0.004152272945407025,-0.0013482547948034673,-0.005165294915154916,-0.003676649268217851,-0.0027540515374659177,-0.006865900202428631,-0.005262279223093172,-1.079605629556014,-0.03368658148040166,-0.07200000000000006,0.11999999999999966,1.2599999999999998,1.5,5.522120545964882,0.0,0
2021-11-12,-0.0019471064100000102,-0.01217577202000003,-0.008186592432100022,-0.001251737071695556,-0.006200753445389801,-0.0037262452585426786,-0.004270637059649045,-0.0013859368207004958,-0.005271178838904273,-0.0037559344518048,-0.0027651649227021383,-0.006676094143708509,-0.005150831747516025,-0.14336681980643384,0.01969996234335597,0.051000000000000156,-0.07200000000000006,0.8109999999999999,2.0,5.522120545964882,0.0,0
2021-11-19,-0.0009723408000000267,0.006870822840000013,0.003811989020399997,-0.0010488239985177476,-0.005690957641954493,-0.0033698908202361203,-0.0038805255210141625,-0.00136393318497854,-0.005062328844461058,-0.0036199545372628756,-0.0027203968988750893,-0.006635197232759047,-0.0051084251025443035,-0.007994149402414497,-0.03544562610323261,-0.020000000000000018,0.051000000000000156,0.7909999999999999,2.0,5.522120545964882,0.0,0
2021-11-26,-0.011544036309999978,-0.020983027430000023,-0.017301820893200006,-0.0009835411796248292,-0.0057298132246550275,-0.0033566772021399282,-0.00387876712709325,-0.0011179721636280174,-0.0062576795705352045,-0.004253193681841402,-0.002672461388338484,-0.006503938686539682,-0.005009662540241214,-0.3124938305999059,-0.004865167675656288,0.20999999999999996,-0.020000000000000018,1.001,2.0,5.522120545964882,0.0,0
2021-12-03,-0.015037896820000007,-0.0038614991200000004,-0.008220294223000003,-0.001345307090869676,-0.005927743916174882,-0.003636525503522279,-0.004140593554305851,-0.0013714460238500538,-0.006421493068838869,-0.004451974721293231,-0.0026759173009830383,-0.006586545970980403,-0.00506140078968143,0.1483417429276852,-0.011821692871340885,-0.20699999999999985,0.20999999999999996,0.794,2.0,6.256223074756967,0.0,0
2021-12-10,-0.0009370260199999814,0.019360488469999992,0.011444457818900003,-0.0008668411733287264,-0.015455715321827431,-0.008161278247578079,-0.009766054403912936,-0.001302506351261864,-0.005930698529543761,-0.004125703580013821,-0.002700965444249216,-0.006560024379179711,-0.005054991394556819,-0.004441060940366892,0.015264124893972011,-0.008999999999999897,-0.20699999999999985,0.28500000000000014,2.5,6.256223074756967,0.0,0
2021-12-17,0.0031879310299999797,0.008327315790000012,0.006322955733599998,-0.006648640431433257,-0.030453497878819052,-0.018551069155126155,-0.02116960347433859,-0.001278970514148769,-0.005981156506477592,-0.004147303969469351,-0.0026958850945224266,-0.00658795077998863,-0.00507004516265681,0.06839725253161144,0.00926110583174851,-0.0040000000000000036,-0.008999999999999897,0.28100000000000014,2.5,6.256223074756967,0.0,0
2021-12-24,-0.0004297908199999978,-0.01967864520000001,-0.012171591991800006,-0.006941063260086549,-0.031536679079982734,-0.01923887117003464,-0.02194438891022322,-0.0012890285551533846,-0.006081733885599772,-0.004212578806725681,-0.002492445854841834,-0.006291016585782916,-0.004809574000715894,-0.08687271325987389,0.02997052894297003,0.06299999999999972,-0.0040000000000000036,0.34399999999999986,2.5,6.256223074756967,0.0,0
2021-12-31,0.002489525980000018,0.03468076950000004,0.022126184527200034,-0.007039598645721323,-0.03066623334393696,-0.01885291599482914,-0.021451845811632862,-0.0012791195677026024,-0.005749310272236074,-0.00400593589746802,-0.002489597260277533,-0.006213553721836764,-0.004761210701828664,0.00941598406161881,0.016928332852984066,-0.009999999999999787,0.06299999999999972,0.3340000000000001,2.5,6.256223074756967,0.0,0
2022-01-07,0.005576322770000003,0.01705473748999997,0.012578155749199984,-0.006878215935536582,-0.030243095465504313,-0.01856065570052045,-0.0211307924488169,-0.0013559084387895744,-0.005715116566175899,-0.004015025396495232,-0.002559188712771868,-0.006178629686241876,-0.004767047706588573,0.017588087524329277,0.07581158601737213,0.2650000000000001,-0.009999999999999787,0.0990000000000002,3.0,5.550589370590722,1.0,0
2022-01-14,0.01773440643999999,0.026552821720000064,0.023113639760800032,-0.006096907356178149,-0.029005151851279276,-0.017551029603728712,-0.020070936498189838,-0.0012199548663676001,-0.005590407329822639,-0.003885930869075174,-0.0025084053545366865,-0.006169276867676689,-0.004741536977552088,0.1089024609989564,0.05901290198860819,0.006999999999999673,0.2650000000000001,0.10599999999999987,3.0,5.550589370590722,1.0,0
2022-01-21,0.019009790019999973,0.02445278166999998,0.022330014926499976,-0.005589810003312547,-0.028840819745750854,-0.0172153148745317,-0.019772925946199914,-0.0010815657988594157,-0.005360932276696838,-0.003691979350340243,-0.0024151786194721624,-0.006068712999614502,-0.004643834591358989,0.1813854656247299,-0.018641893414105427,-0.04400000000000004,0.006999999999999673,0.06199999999999983,3.0,5.550589370590722,1.0,0
2022-01-28,-0.005450183759999949,-0.002769573120000035,-0.0038150112696000013,-0.005488842278856318,-0.028953516409490274,-0.017221179344173297,-0.01980229349854303,-0.0010377773376041856,-0.005197861147794108,-0.0035754284618200382,-0.0023770841549697755,-0.005791569566696766,-0.00445992025612324,-0.025759591712654184,-0.011977787114925607,0.09800000000000031,-0.04400000000000004,0.16000000000000014,3.0,5.550589370590722,1.0,0
2022-02-04,-0.012751754230000023,-0.026105924260000024,-0.02089779794830002,-0.0056037992345748504,-0.029210276565120593,-0.01740703789984772,-0.020003750406207756,-0.0009808054905482522,-0.00513605009873882,-0.0035155047015444983,-0.0023357517408423975,-0.005639628285339194,-0.004351116432985443,-0.1646853505787198,-0.012972607676281049,0.18100000000000005,0.09800000000000031,0.3410000000000002,3.0,5.9873108600645315,1.0,0
2022-02-11,0.016549984239999982,0.030480062009999975,0.025047331679699976,-0.005396120445941911,-0.028267454461208066,-0.016831787453574987,-0.019347634195254267,-0.001101628659063567,-0.005359450045929324,-0.0036988997050516783,-0.00228291088540129,-0.0055801645223856385,-0.004294235603961742,0.15011828715870967,0.10787529547675856,0.17399999999999993,0.18100000000000005,0.015000000000000124,3.5,5.9873108600645315,1.0,0
2022-02-18,0.016790707540000005,0.005316383710000094,0.00979137000370006,-0.0053793666147708506,-0.028226646179642354,-0.016803006397206603,-0.019316207149342467,-0.0011513830985025167,-0.005393517991223402,-0.003739085383062257,-0.002351074966715101,-0.005526363917040197,-0.004288001226413409,0.003020424829934143,-0.004566328914525294,-0.013000000000000345,0.17399999999999993,0.0019999999999997797,3.5,5.9873108600645315,1.0,0
2022-02-25,-0.0032170619099999853,-0.014341898850000034,-0.010003212443400016,-0.005224959903604275,-0.02785335602967222,-0.016539157966638247,-0.01902828154050572,-0.0011308486321154603,-0.005313720546607904,-0.0036824004999558508,-0.002341520424356544,-0.005404154480855032,-0.004209727198820622,-0.2783841813642478,-0.009341094942403136,0.06000000000000005,-0.013000000000000345,0.06199999999999983,3.5,5.9873108600645315,1.0,0
2022-03-04,0.013050243660000016,0.017925513999999976,0.01602415856739999,-0.005265028647841814,-0.02690346538553842,-0.016084247016690117,-0.018464475057836743,-0.0011157176336495393,-0.005602680965688845,-0.003852765266193516,-0.0022959360211450104,-0.005429121375100609,-0.004207179087057925,0.5210607225964944,0.04355213454665716,-0.11699999999999999,0.06000000000000005,-0.05500000000000016,3.5,6.630501981896522,1.0,0
2022-03-11,0.0005516011899999729,-0.00868421499999994,-0.005082246685899974,-0.005221120878366015,-0.0266898507917929,-0.015955485835079455,-0.018317046125556416,-0.0012089376793137329,-0.0058255439652364766,-0.004025067513726607,-0.002010713948943491,-0.0044319158627789575,-0.0034876471163831253,0.07727997368673001,0.011843956073783288,0.07400000000000029,-0.11699999999999999,-0.48099999999999987,4.0,6.630501981896522,1.0,0
2022-03-18,-0.00038127844999996663,-0.0019175523300000163,-0.001318405516799997,-0.005010196189807678,-0.027181552379148474,-0.016095874284478076,-0.018534723465305564,-0.0011859002632480134,-0.005826270355552422,-0.004016526019553703,-0.001491268956092132,-0.004939863629728195,-0.0035949117070101302,0.09362418061215161,-0.010693579706375739,-0.03000000000000025,0.07400000000000029,-0.5110000000000001,4.0,6.630501981896522,1.0,0
2022-03-25,0.0029426483699999673,0.013658818249999927,0.009479511996799942,-0.004681805017424536,-0.02618005793991942,-0.015430931478671977,-0.017795739300146416,-0.001155576445816171,-0.005932006027184693,-0.004069198490450969,-0.0013300798341750032,-0.005000724669298985,-0.0035691731836006322,-0.4109143809986294,0.038997426636554366,0.23500000000000032,-0.03000000000000025,-0.2759999999999998,4.0,6.630501981896522,1.0,0
2022-04-01,0.012810974779999984,0.040475868220000044,0.02968655977840002,-0.0046291351354646945,-0.02500083379822601,-0.014814984466845352,-0.017055871319749095,-0.0011085875581434775,-0.0057745875509489205,-0.003954847553754797,-0.0012755608435667367,-0.005067794958215773,-0.003588823653502649,0.14585458100425341,-0.0167826604554687,-0.2020000000000004,0.23500000000000032,-0.4780000000000002,4.0,7.697086961959881,1.0,0
2022-04-08,-0.011484795150000005,-0.012141992440000027,-0.011885685496900018,-0.0046928221199093595,-0.02527633900470048,-0.01498458056230492,-0.017248767419631942,-0.0010972687529172004,-0.005869235160874296,-0.004008168261771029,-0.0013574026888572635,-0.005115525697587867,-0.0036498577241829318,-0.32528494906327754,-0.013604278400062578,0.6259999999999999,-0.2020000000000004,-0.3520000000000003,4.5,7.697086961959881,1.0,0
2022-04-15,-0.015536190269999972,-0.011745180269999933,-0.01322367416999995,-0.0056127478676232375,-0.024474294727043197,-0.015043521297333218,-0.01711829145186941,-0.0011829225315055907,-0.005871227206678647,-0.004042788383361155,-0.0014498924739754103,-0.00522396290753504,-0.0037520754384467838,0.3167581360287476,-0.020629269016843425,-0.024999999999999467,0.6259999999999999,-0.3769999999999998,4.5,7.697086961959881,1.0,0
2022-04-22,-0.019813933780000015,-0.027065742730000064,-0.024237537239500045,5.4486890168305895e-05,-0.0024860074996392043,-0.0012157603047354493,-0.0014952146876142753,-0.0010919351999436678,-0.005767747675308417,-0.003944180809916165,-0.0013878679914069983,-0.004786831650581041,-0.003461235823503164,-0.29686024136689537,-0.0039584117302193,0.3389999999999995,-0.024999999999999467,-0.038000000000000256,4.5,7.697086961959881,1.0,0
2022-04-29,-0.016677780029999978,-0.024212005779999934,-0.02127365773749995,5.775854538520367e-05,-0.0025294719552175974,-0.0012358567049161968,-0.001520452059982505,-0.001047711805364285,-0.005659526408913712,-0.0038609187135294353,-0.0013329765523902612,-0.00476449987247157,-0.0034262057776398595,-0.2975708590593058,-0.03460857820059268,0.1200000000000001,0.3389999999999995,0.08199999999999985,4.5,7.697086961959881,1.0,0
2022-05-06,-0.02432244729000002,-0.0011778188200000095,-0.010204223923300015,8.900720303718353e-05,-0.00116548460184604,-0.0005382386994044283,-0.000676232797941583,-0.0010912152791426404,-0.005151010059557159,-0.003567690095195497,-0.001296503473604192,-0.0044753837637412945,-0.0032356204505878247,0.3483806233409723,-0.06532533979057509,0.12400000000000055,0.1200000000000001,0.2060000000000004,4.5,7.814554405715243,1.0,0
2022-05-13,-0.012734451049999984,-0.02376626753000005,-0.019463859102800025,-0.000384132205929027,-0.000490193701749068,-0.0004371629538390475,-0.000448829718379252,-0.0010897246404071607,-0.005150475859514068,-0.0035667828840623746,-0.0012411191091485853,-0.0044096495526897385,-0.0031739226797086887,0.28406972217791093,-0.03658680034588034,-0.1070000000000002,0.12400000000000055,-0.4009999999999998,5.0,7.814554405715243,1.0,0
2022-05-20,0.0025926290899999926,0.009267739070000003,0.006664446177799999,-0.0003536381907298349,-0.00010698031115869864,-0.00023030925094426677,-0.00020317688419144178,-0.0010238092150087145,-0.005122796024292147,-0.0035241911686716087,-0.0012511369851146135,-0.0044483991895162495,-0.0032014669297996115,0.30432232641158175,0.041553917593967094,-0.02400000000000002,-0.1070000000000002,-0.4249999999999998,5.0,7.814554405715243,1.0,0
2022-05-27,0.022040231240000013,-0.009207643170000002,0.002979027849900006,-0.0007553795820424096,0.010169890304553307,0.004707255361255449,0.0059090350487809775,-0.0010664172637615645,-0.004971282718375925,-0.0034483851910763245,-0.0011189825381113972,-0.005345986029840672,-0.003697454668066255,0.15651384639039684,0.021479548206081767,-0.3390000000000004,-0.02400000000000002,-0.7640000000000002,5.0,7.814554405715243,1.0,0
2022-06-03,-0.00555792166000002,-0.027098030439999976,-0.018697388015799992,-0.0008870196984659962,0.011242089419861045,0.005177534860697525,0.006511736863713499,-0.0010700782148704716,-0.004734886908217301,-0.003305611517812037,-0.0011394683870860282,-0.005165071011414415,-0.0035950859879263436,-0.3586839806065269,-0.008741884919445513,0.19399999999999995,-0.3390000000000004,-0.5700000000000003,5.0,8.485509877929793,1.0,0
2022-06-10,0.009209613310000003,0.010437717339999986,0.009958756768299992,-0.0017157579304324906,0.010823271021674248,0.004553756545620879,0.00593304973035262,-0.0004919682929169699,-0.012508611524476538,-0.007822120664168307,-0.0012423950319811054,-0.005017187531940573,-0.0035450184569563808,-0.3007686386751486,-0.034130197876497015,0.28500000000000014,0.19399999999999995,-0.7850000000000001,5.5,8.485509877929793,1.0,0
2022-06-17,0.005543047319999994,-0.0017629209599999696,0.0010864066692000162,0.001232945865329218,0.012685395182136846,0.0069591705237330315,0.00821893994858187,-0.0038772754822375905,-0.018901026646257056,-0.013041763692289463,-0.000793785071247559,-0.004421279086266991,-0.0030065564204094126,0.6244555968420823,-0.040753910915109104,0.24600000000000044,0.28500000000000014,-0.5389999999999997,5.5,8.485509877929793,1.0,0
2022-06-24,-0.020771010759999986,0.01280998927999999,-0.0002866007356000025,0.0015019396089386576,0.013519532725423727,0.007510736167181192,0.008832671409994549,-0.003952729738292445,-0.018900116778029965,-0.013070635832532332,-0.0007884925125425246,-0.004382481480147657,-0.002980825782781655,0.22153536524586892,-0.002281240119070085,-0.125,0.24600000000000044,-0.6639999999999997,5.5,8.485509877929793,1.0,0
2022-07-01,0.011632778389999987,-0.01199396383000001,-0.0027795343642000106,0.0011751604321363,0.013496059989171728,0.007335610210654014,0.00869090916192791,-0.004269721736364655,-0.018895082498428018,-0.013191191801223306,-0.0008528633034154185,-0.0042700864153113905,-0.0029373694016719613,0.09930912215142824,-0.04556268983191276,-0.12900000000000045,-0.125,-0.7930000000000001,5.5,8.418861897861412,1.0,0
2022-07-08,-0.010473338139999983,-0.03692554521000002,-0.026609184452700007,0.003531621222044736,0.01669878216595552,0.010115201694000127,0.011563589397830313,-0.003343352258138349,-0.015987550698028846,-0.011056313306471551,-0.0006765893668239113,-0.003538716027911267,-0.0024224866300871983,-0.5356277860165048,0.000670429037384596,0.07500000000000018,-0.12900000000000045,-1.218,6.0,8.418861897861412,1.0,0
2022-07-15,-0.0070765156,-0.001759376619999975,-0.0038330608221999844,0.003617484517549647,0.015740296196278376,0.009678890356914011,0.011012399641574171,-0.003367181770060168,-0.016220104107310444,-0.011207464395782837,-0.0006614602333689985,-0.003602416890853331,-0.0024554437944344413,-0.067686035564816,-0.0358062855255144,0.11299999999999955,0.07500000000000018,-1.1050000000000004,6.0,8.418861897861412,1.0,0
2022-07-22,0.015776522210000005,0.00032567326999999313,0.006351504356599998,0.0032591542246843317,0.013547411494669403,0.008403282859676868,0.009534991159375224,-0.003450042556433647,-0.017256434530655465,-0.011871941660708957,-0.0007042140291685853,-0.00395544573501884,-0.0026874653697372404,0.5427345622149854,0.06394316514518648,-0.2759999999999998,0.11299999999999955,-1.3810000000000002,6.0,8.418861897861412,1.0,0
2022-07-29,-0.005000375860000017,0.007755651360000004,0.002780800744199996,0.00324892605836498,0.014302408885547718,0.008775667471956348,0.00999155058294645,-0.0033375088268640433,-0.01741466080608813,-0.011924571534190735,-0.0006533695916602332,-0.003907550601549574,-0.002638420007692731,-0.01758748824994469,-0.01305989558439514,-0.0649999999999995,-0.2759999999999998,-1.4459999999999997,6.0,8.418861897861412,1.0,0
2022-08-05,0.004012075909999996,0.03607545245999999,0.023570735605499993,0.0025471632250278747,0.018561867806526598,0.010554515515777237,0.012316133019742095,-0.0034783800631135384,-0.015295760158753415,-0.010686981921453863,-0.0006041738009166938,-0.0032367089257395515,-0.002210020227058637,0.7086637933926161,0.011158589604146996,-0.11300000000000043,-0.0649999999999995,-1.5590000000000002,6.0,8.100468693160789,1.0,0
2022-08-12,0.005443456770000021,0.03532034264000006,0.02366835715070004,0.0033267393540980985,0.014920667314844524,0.009123703334471312,0.010399035410153417,-0.003080743467421516,-0.015695974234920293,-0.010776034235595769,-0.0006133564225956972,-0.003579362131061526,-0.0024226199047598525,-0.2389448994355194,0.046518455204191414,-0.05999999999999961,-0.11300000000000043,-2.1189999999999998,6.5,8.100468693160789,1.0,0
2022-08-19,-0.0025568775800000054,-0.04669171227000002,-0.029479126740900013,0.003402684596069242,0.015343302806837697,0.00937299370145347,0.010686461704638,-0.0031415024862214936,-0.015228013750148527,-0.010514274357216984,-0.0006381696274741806,-0.0034687301626381856,-0.0023648115539242234,-0.1955972201985356,-0.022459919140394673,0.30100000000000016,-0.05999999999999961,-1.8179999999999996,6.5,8.100468693160789,1.0,0
2022-08-26,-0.010118060340000012,0.0016870068899999535,-0.002916969329700033,0.004120065687534548,0.014912966857922413,0.009516516272728481,0.010703735401471145,-0.0028700617118816176,-0.01514885601216874,-0.010360126235056761,-0.000549328443214006,-0.0035004298141066217,-0.0023495002794585015,-0.1973737644295584,-0.006115963438724626,0.0019999999999997797,0.30100000000000016,-1.8159999999999998,6.5,8.100468693160789,1.0,0
2022-09-02,-0.0033793424399999883,0.031245404500000018,0.017741753193400014,0.003233429912031194,0.009731219697377346,0.00648232480470427,0.007197081681092347,-0.003183758899930724,-0.01665836260490619,-0.011403267159965758,-0.0006476324276398993,-0.004383661802213969,-0.002926610346130082,-0.47486997331548847,-0.03240510821648329,0.2629999999999999,0.0019999999999997797,-1.553,6.5,8.222604028972746,1.0,0
2022-09-09,-0.0005959321600000067,-0.02139917281999998,-0.013285908962599988,0.0037273595778461732,0.012077306553898605,0.007902333065872388,0.008820827233238156,-0.0030680247773042166,-0.016620535516792753,-0.011335056328392223,-0.0007141679584004585,-0.004440641766146716,-0.0029873169811256753,-0.037840092483616306,0.040064286885932526,-0.06299999999999972,0.2629999999999999,-1.8659999999999997,6.75,8.222604028972746,1.0,0
2022-09-16,-0.006168837809999994,-0.016345143310000032,-0.012376384165000018,0.0036044883401582244,0.01196314395788606,0.007783816149022142,0.008703268266972203,-0.0029122020017900247,-0.016832701807034563,-0.011403706882989192,-0.0007070266232654237,-0.0044333125489259655,-0.002980061037918354,-0.4041635129207367,0.0035772034624950554,0.3899999999999997,-0.06299999999999972,-1.476,6.75,8.222604028972746,1.0,0
2022-09-23,0.007666879809999999,-0.00363038081,0.0007755508317999998,0.004762130130663944,0.012833388857193703,0.008797759493928824,0.009685597953847097,-0.002053805238354841,-0.014834826106386572,-0.009850227967854197,-0.000505356314198664,-0.004215224083946331,-0.0027683756537447406,0.36436952142018875,-0.017149642768421118,0.1719999999999997,0.3899999999999997,-1.3040000000000003,6.75,8.222604028972746,1.0,0
2022-09-30,-0.007405410509999988,-0.01569349987999996,-0.012461145025699972,0.004543389833636868,0.012657160178929152,0.00860027500628301,0.009492789744265161,-0.002175945756176332,-0.014455255547844853,-0.00966632472909413,-0.0005278711271503685,-0.004244633480722549,-0.0027950961628293984,0.14905236062009564,0.034187438184490895,0.3460000000000001,0.1719999999999997,-0.9580000000000002,6.75,8.222604028972746,1.0,0
2022-10-07,0.006415285479999977,-0.006127172680000015,-0.0012356139976000178,0.0033280883244247265,0.012141565827010588,0.0077348270757176575,0.008704309601002103,-0.002365183024101412,-0.01430572785174084,-0.009648915368961463,-0.0006023721231627814,-0.004200344232745983,-0.0027971351100085345,-0.28406912290352493,0.03849590099311619,0.13900000000000023,0.3460000000000001,-1.069,7.0,7.986591307815038,1.0,0
2022-10-14,0.00839136732000001,-0.004860439400000027,0.000307765220799987,0.004140399551187227,0.01367830380546187,0.008909351678324549,0.009958521146294759,-0.003284377244585064,-0.015364553189121243,-0.010653284570752132,-0.0008180459078543141,-0.004486214982282476,-0.0030556290432554927,-0.365434848684417,-0.012615972092906725,0.31099999999999994,0.13900000000000023,-0.758,7.0,7.986591307815038,1.0,0
2022-10-21,-0.008797566620000002,-0.0012451749799999856,-0.004190607719599992,0.004175433636456567,0.013010295570323465,0.008592864603390017,0.009564699416115374,0.002000914184728029,0.004697611527601141,0.0036458995638806273,-0.0007946004161043596,-0.004494974462332396,-0.003051828584303462,-0.0033751344017523,0.05018502587418405,0.1689999999999996,0.31099999999999994,-0.5890000000000004,7.0,7.986591307815038,1.0,0
2022-10-28,0.009641398649999994,0.009895090780000004,0.0097961508493,0.004113743859557442,0.01319502734237008,0.008654385600963762,0.00965332678407315,0.001990246203995946,0.004577170354650952,0.0035682699358954998,-0.000776162040284263,-0.004379040939551822,-0.002973918168837474,0.5143098545186031,-0.00383213653687425,-0.49899999999999967,0.1689999999999996,-1.088,7.0,7.986591307815038,1.0,0
2022-11-04,0.010190784009999981,0.012635677000000012,0.0116821687339,0.008022490753795169,0.020046074356243705,0.014034282555019437,0.015356876751288776,0.002149771436135978,0.004620764388698446,0.0036570771371990836,-0.0007363626525629238,-0.0040643562651382584,-0.0027664387562338776,0.6006499041463634,0.053673072285209414,0.08199999999999985,-0.49899999999999967,-1.0060000000000002,7.0,8.146047383893302,1.0,0
2022-11-11,-0.006094307689999967,0.03911359933999997,0.021482515598299997,0.005119947000891812,0.021010009593255132,0.013064978297073471,0.014812885182233438,0.0009230010780548685,0.006024446506658019,0.0040348827895027905,-0.000979898353223646,-0.0035942112184462194,-0.002574629201009416,0.9403251611181287,0.017301683577550124,-0.4900000000000002,0.08199999999999985,-1.7460000000000004,7.25,8.146047383893302,1.0,0
2022-11-18,0.00802946484,0.0056652679199999945,0.006587304718799997,0.004670811720852993,0.020133227583386107,0.01240201965211955,0.014102885396998192,0.0005283855160936502,0.005753738565688394,0.003715850876346444,-0.0010788629407930783,-0.0037773260347693585,-0.002724925428118609,-0.28584566713454784,-0.026198497966859094,-0.10099999999999998,-0.4900000000000002,-1.8470000000000004,7.25,8.146047383893302,1.0,0
2022-11-25,0.005325368190000013,-0.02045079795999999,-0.010398093161499988,0.004160909284546702,0.018964487299901505,0.011562698292224104,0.013191091873913131,0.0009663985639328259,0.011144774088898779,0.007175207634162057,-0.0011003397271284287,-0.003739152706200982,-0.002710015644362686,0.20270399639701508,0.007338356911935804,-0.21399999999999952,-0.10099999999999998,-2.061,7.25,8.146047383893302,1.0,0
2022-12-02,-0.011824429070000031,-0.015947422049999993,-0.014339454787800007,0.001401530300092251,0.015455550070657652,0.008428540185374951,0.009974482360137146,0.0004142661609990271,0.010357824991362414,0.006479837047520693,-0.0012638256941580805,-0.003943112443396203,-0.0028981906111933352,0.5050718245172804,-0.008464703757672144,-0.2860000000000005,-0.21399999999999952,-2.3470000000000004,7.25,8.15713628596417,1.0,0
2022-12-09,0.006301470990000002,0.013267548149999975,0.010550778057599986,0.0013130796202827034,0.015654752398337364,0.008483916009310033,0.010061500014896047,0.0002866409425699634,0.01076293564120666,0.006677180708738348,-0.0009849016306238024,-0.010250243691622975,-0.006636760287833297,-0.1383924959595666,-0.01255669805241451,0.03200000000000003,-0.2860000000000005,-2.3150000000000004,7.25,8.15713628596417,1.0,0
2022-12-16,-0.0022276684599999985,-0.0012240892699999506,-0.0016154851540999692,0.0013853992917082542,0.013604728064626752,0.007495063678167503,0.008839189843188537,0.0007580438521985378,0.01102179139149508,0.0070189298511694285,-0.003547751638558719,-0.012566824386757163,-0.009049386014959769,0.8220073153319367,-0.032148639497403486,0.27800000000000047,0.03200000000000003,-2.287,7.5,8.15713628596417,1.0,0
2022-12-23,0.01153759968000001,0.009533038709999997,0.010314817488300002,0.0009593140035475656,0.01286443967236867,0.006911876837958118,0.008221440661528438,0.0002532701302441075,0.01084606431961445,0.006714874585760016,-0.003627061062586775,-0.012593786804011261,-0.00909676376485571,-0.09255765479915024,0.02794771375338222,0.09999999999999964,0.27800000000000047,-2.1870000000000003,7.5,8.15713628596417,1.0,0
2022-12-30,0.006406513309999973,0.017282446699999954,0.01304083267789996,0.0005986179511662525,0.01161993075643269,0.006109274353799471,0.007321618762378779,2.6809215357332858e-05,0.00979352595728126,0.005984506427930928,-0.0037490273168828935,-0.013022938000209504,-0.009406112833712125,-0.33487828791080854,0.010398735940733796,0.13200000000000056,0.09999999999999964,-2.0549999999999997,7.5,8.15713628596417,1.0,0
2023-01-06,0.002151542310000032,0.016326075519999983,0.010798007568100001,0.0005497890921852004,0.011602434807594762,0.006076111949889981,0.007291902978585033,-0.0002339234186948238,0.009176826380184076,0.005506633958621305,-0.003908141625579051,-0.012891524620994254,-0.009388005252782324,0.4286804225832539,0.04206901850366111,-0.08800000000000008,0.13200000000000056,-2.143,7.5,8.346314807835686,1.0,0
2023-01-13,0.004618916819999985,0.003549330060000022,0.003966468896400008,0.0005851032320430917,0.011699275823641305,0.006142189527842198,0.007364748512918001,-0.00013140788813876164,0.009136568167434566,0.005522057505760968,-0.003893485993136864,-0.012904453135561877,-0.009390175950016122,0.2208247475534595,0.023271845890760645,-0.25,-0.08800000000000008,-2.643,7.75,8.346314807835686,1.0,0
2023-01-20,-0.00043093722999998363,0.0027311440999999714,0.001497932381299989,0.00011837185325087266,0.010886282158244418,0.005502327005747645,0.0066867971392969355,-0.00027372944883171697,0.008434116611079458,0.005038056647714099,-0.003879055686520331,-0.013196366776846567,-0.009562615451619334,-0.20945426520052202,-0.026593721299728135,0.08300000000000018,-0.25,-2.5599999999999996,7.75,8.346314807835686,1.0,0
2023-01-27,-0.0027264019000000084,-0.026578702139999966,-0.01727630504639998,0.00045520836797257106,0.012370050939655554,0.006412629653814062,0.00772326233669919,7.524932324513693e-05,0.010351651002114916,0.006343854347355702,-0.003817706349260197,-0.012466718844832119,-0.00909360397155907,-0.20376932366124478,-0.008826172209391012,-0.020000000000000462,0.08300000000000018,-2.58,7.75,8.346314807835686,1.0,0
2023-02-03,-0.0020005192900000024,0.01834763604000006,0.010411855461300034,4.926012706152981e-05,0.013173454592048708,0.006611357359555119,0.008055018750703708,-8.175087103858312e-05,0.011204465612630726,0.006802841183999695,-0.003812227349808398,-0.011661143936988307,-0.008600066467988143,0.5555256806783566,-0.025334092231072063,-0.11599999999999966,-0.020000000000000462,-2.6959999999999997,7.75,8.329381391761784,1.0,0
2023-02-10,-0.0016080771800000004,-0.0032077383200000975,-0.0025838704754000594,-0.00018713000934412712,0.01104896093132123,0.005430915460988552,0.00666688546446174,-0.00012808371813620222,0.009782615069460389,0.005917442542297717,-0.003781317557802556,-0.01173711509690627,-0.008634354056655823,-0.9310865318424175,-0.012890290769329862,0.33199999999999985,-0.11599999999999966,-2.364,7.75,8.329381391761784,1.0,0
2023-02-17,0.0025482093799999994,-0.0057154584399999875,-0.002492627990199992,-0.00015821704737849636,0.011329078823218328,0.005585430887919916,0.006849033433685566,-0.00016928074591532287,0.009999902723460366,0.006033921170403847,-0.0037369494890040923,-0.011207880807137815,-0.008294217593065662,-0.5175070348600604,0.018912992622061316,0.09649999999999981,0.33199999999999985,-2.2675,7.75,8.329381391761784,1.0,0
2023-02-24,-0.0011096599700000098,-0.0057124661799999865,-0.003917371758099995,-0.00024672143787193704,0.010801959455719068,0.005277619008923566,0.006492973907218575,-0.00021826519581482333,0.010265052361159854,0.00617655851393973,-0.0037461761216436885,-0.011105485737423398,-0.008235354987269312,-0.2250878544335324,-0.008033423850873661,0.08750000000000036,0.09649999999999981,-2.1799999999999997,7.75,8.329381391761784,1.0,0
2023-03-03,0.0037328595800000253,-0.015272750579999994,-0.007860562617599987,-0.0008331912025088496,0.010156375574917288,0.00466159218620422,0.005870444531721095,-0.0002522760978559171,0.010136025229188977,0.006084587711641469,-0.00379550153565786,-0.011045819034521037,-0.008218195209964398,0.10001973984383716,0.03860645093411794,-0.001000000000000334,0.08750000000000036,-2.181,7.75,8.100208274039675,1.0,0
2023-03-10,-0.0032637577799999873,0.009472655980000022,0.004505454613600019,-0.000869455941304166,0.010537986177687326,0.00483426511819158,0.006089083751280644,-0.00027799573364997363,0.010094797376790194,0.006049408063718528,-0.0038005742597310077,-0.011387620995304404,-0.008428672768430779,0.14245251333929332,-0.04139618843374479,-0.13400000000000034,-0.001000000000000334,-2.3150000000000004,7.75,8.100208274039675,1.0,0
2023-03-17,0.0008088334399999897,-0.0019345945700000033,-0.000864657646100006,-0.0009415082258137102,0.010726216907049035,0.004892354340617662,0.006175804105232564,-0.0003201157473065214,0.009991942301176922,0.0059702396622683795,-0.003680636271587468,-0.011575986769669307,-0.00849680007541739,0.2398412833061926,-0.019421238648738466,-0.25899999999999945,-0.13400000000000034,-2.574,7.75,8.100208274039675,1.0,1
2023-03-24,0.0036151845599999843,0.00993157023000002,0.0074681798187000055,-0.0007145080198335241,0.011038914143600084,0.0051622030618832795,0.006455079499860976,-0.00039085709350380717,0.009955626530695118,0.005920497917257537,-0.0035320581811607585,-0.010473463193936458,-0.007766315238953935,0.6282649139772534,0.00688382490610529,-0.0990000000000002,-0.25899999999999945,-2.673,7.75,8.100208274039675,1.0,1
2023-03-31,0.005850276300000012,0.04444519190999996,0.02939317482209998,-0.0002941209874432253,0.009409468375643383,0.004557673694100079,0.0056250685240396055,-0.0005221329319890791,0.00731879420599142,0.004260832622179025,-0.0035480985188308185,-0.011234030867357823,-0.008236517251432292,-0.6636380508233062,0.03225920378564008,0.2450000000000001,-0.0990000000000002,-2.428,7.75,8.100208274039675,1.0,1
2023-04-07,0.008193865089999974,0.028084229080000078,0.020326987123900037,7.981585756982495e-05,0.009916109102555574,0.0049979624800626996,0.006079954737011131,-0.0006214239590727208,0.008334599701377045,0.0048417504738016365,-0.003405184209734296,-0.010686791714231255,-0.00784696478747744,0.49609002318907747,-0.013545390439310448,-0.17900000000000027,0.2450000000000001,-2.607,7.75,7.694566976767203,1.0,1
2023-04-14,-0.001980507829999978,-0.002678797870000027,-0.002406464754400008,0.00039058046907109123,0.01024577191329426,0.005318176191182676,0.006402247250047224,0.00046794499354412894,0.009987701375183875,0.006274996386344374,-0.0033992414970004103,-0.010394649837872388,-0.007666440584932317,-0.5071600349547238,0.024429625506695973,0.09100000000000019,-0.17900000000000027,-2.516,7.75,7.694566976767203,1.0,1
2023-04-21,0.00564482836000002,-0.003461436400000073,9.000685639996365e-05,0.0004912335744502118,0.010114359448839287,0.005302796511644749,0.006361340357827548,0.00046574772148681503,0.00973043442878887,0.006117206612941069,0.00048545599285283833,0.005172862274984107,0.003344773824952912,0.019407675120750145,-0.004585484780308709,0.0810000000000004,0.09100000000000019,-2.4349999999999996,7.75,7.694566976767203,1.0,1
2023-04-28,0.0022599842199999554,-0.004954282539999966,-0.0021407185035999966,-0.00019366106993245428,0.008741261729056085,0.004273800329561815,0.0052566418374505545,0.00036360985892693704,0.009062506381080478,0.005669936737440597,0.0004601255977541251,0.0047902114925082555,0.0031014779935541444,0.5954343765879333,-0.01718289010548373,-0.27500000000000036,0.0810000000000004,-2.71,7.75,7.694566976767203,1.0,1
2023-05-05,-0.0015928432399999748,0.00665728514999997,0.0034397350778999913,0.00024825067417540755,0.0084318828458933,0.004340066760034353,0.005240266298923321,0.00108559512283637,0.010582397084170306,0.0068786443192500706,0.0004289158580044042,0.004561533264691719,0.002949812476083666,0.07142489020513043,0.021134545767305262,0.07599999999999962,-0.27500000000000036,-2.6340000000000003,7.75,7.628403474880587,1.0,1
2023-05-12,0.0012488884299999836,-0.003619472259999923,-0.0017208115908999592,0.00018536722073788552,0.008490386364054777,0.004337876792396331,0.005251428898161189,0.0010282624579877149,0.010400718170195528,0.0067454604424344805,3.9078812913244105e-05,0.0047688992349926955,0.0029242692703817094,-0.21808075768251833,-0.017732798179571598,-0.016000000000000014,0.07599999999999962,-2.6500000000000004,7.75,7.628403474880587,1.0,1
2023-05-19,-0.003106210070000004,0.013232521599999991,0.006860416248699992,0.000517008383966682,0.007915350847994631,0.004216179615980657,0.005029997287023731,0.0011799962760316671,0.010173960862140981,0.006666314673558348,0.0001431656641860742,0.004852426059966817,0.0030158145056123275,-0.4167694644802298,0.003668049208728808,0.2190000000000003,-0.016000000000000014,-2.431,7.75,7.628403474880587,1.0,1
2023-05-26,0.0013458746600000238,-0.003757565420000053,-0.0017672237888000228,0.0015072917977651066,0.007327935621409974,0.0044176137095875406,0.005057884530188475,0.0008978833076464431,0.009757892736638196,0.006302489059331412,0.0003480524001923513,0.008295623135552398,0.005196070548761979,-0.28033086753759606,-0.009564325481190426,0.11300000000000043,0.2190000000000003,-2.3179999999999996,7.75,7.628403474880587,1.0,1
2023-06-02,0.007949034570000013,0.01749993093000002,0.013775081349600015,0.00134365542312236,0.006433827094843577,0.0038887412589829686,0.004448660142872303,0.0003854170057450819,0.009521274641288227,0.0059582901634264,0.0003766373060076869,0.00839318779518557,0.0052667331044061955,0.27309819131096147,0.019397227089029308,-0.1670000000000007,0.11300000000000043,-2.4850000000000003,7.75,6.285006622361876,1.0,1
2023-06-09,0.012297991919999973,-0.0020985342299999488,0.003516110968500021,0.0017390397644609728,0.006758511379904423,0.004248775572182698,0.004800917449881478,0.00039315367563961493,0.00946074423524951,0.00592438391700165,0.00042260487127359476,0.00866153623572966,0.005448353003591795,0.0535173243564091,0.018860950134226395,0.07100000000000062,-0.1670000000000007,-2.4139999999999997,7.75,6.285006622361876,1.0,1
2023-06-16,0.003688426460000005,-0.004777067870000096,-0.0014755250813000564,0.0003248065063825106,0.006323072081702502,0.0033239392940425066,0.0039837485073277055,0.0003842595137423035,0.009440514644350114,0.005908575143413068,0.00042029940300316443,0.00866837497373429,0.005451625501149151,0.1481716009853613,0.01908021831166105,-0.09799999999999986,0.07100000000000062,-2.5119999999999996,7.75,6.285006622361876,1.0,1
2023-06-23,0.0022373044299999756,0.019974637090000025,0.013057077352600007,0.00010048735508097186,0.0066313538155905105,0.0033659205853357414,0.00408431589599179,0.00022678510171298134,0.009233640583830971,0.005720966945804954,0.00016629723889700798,0.00877227849723384,0.0054159458064824756,0.2568961079240244,-0.01878179677772084,-0.0810000000000004,-0.09799999999999986,-2.593,7.75,6.285006622361876,1.0,1
2023-06-30,-0.0019760769599999617,-0.010176942630000019,-0.006978605018699996,0.0006543783673959057,0.0065018897938660435,0.0035781340806309747,0.0042213603375426895,0.00020203268122461762,0.009691310801925071,0.005990492334851894,0.00019396432285843611,0.008812549012269508,0.00545130098339919,-0.0023372262669796307,0.007602750115261076,0.017999999999999794,-0.0810000000000004,-2.575,7.75,6.285006622361876,1.0,1
2023-07-07,-0.010638324680000033,0.013008059190000032,0.003785969480700007,-0.0014680609399101902,0.0031005382894935835,0.0008162386747916966,0.0013187845900261117,-0.0006441542448441315,0.00978112381879256,0.0057152653739742515,-0.0006261578843611877,0.008198890080819967,0.004757121374399317,0.3592250556309977,0.01939316968013278,0.21799999999999997,0.017999999999999794,-2.357,7.75,5.735181814305787,0.0,1
2023-07-14,0.006783919370000002,0.011223604919999963,0.009492127555499979,-0.001615487931611126,0.003065433432918509,0.0007249727506536915,0.0012398741007519512,-0.0006083548310193526,0.009841543046451212,0.005766082874237691,-0.0006398135217108598,0.008257254522282426,0.004787397985125045,0.3430229722440592,0.021720044489766555,-0.22299999999999986,0.21799999999999997,-2.58,7.75,5.735181814305787,0.0,1
2023-07-21,-0.00392184391,-0.00598153692999992,-0.005178256652199951,-0.001993079468489788,0.0030671176471314334,0.0005370190893208228,0.0010936407720391569,-0.0008218100007141291,0.009472452495956789,0.005457690122255131,-0.0008217575147174176,0.00790007607891503,0.004498560977398375,0.21255356391766878,0.009117426873488358,0.11399999999999988,-0.22299999999999986,-2.466,7.75,5.735181814305787,0.0,1
2023-07-28,-0.0029411205500000093,0.0025073004300000257,0.00038241624780001185,-0.0020842661673339626,0.0029582607528073524,0.00043699729273669486,0.0009916752539522395,-0.000767625016918505,0.009450269852966644,0.005465290853711436,-0.0007354035851525143,0.008077373090572791,0.004640390187039922,-0.11831003366821902,0.005461438820255113,0.09499999999999975,0.11399999999999988,-2.3710000000000004,7.75,5.735181814305787,0.0,1
2023-08-04,-0.0021198950299999852,-0.022347049630000004,-0.014458459335999997,-0.002581100896344486,0.0008997480986811134,-0.0008406763988316863,-0.0004577830093788703,-0.0009163654567196136,0.009377927996601745,0.005363153549806415,-0.0009285055956032621,0.007643393653005669,0.0043003529460481854,-0.037725987348977696,-0.001115617913458134,0.09300000000000086,0.09499999999999975,-2.2779999999999996,7.75,5.444772310119675,0.0,1
2023-08-11,-0.001206958069999986,0.024237658859999955,0.014314258257299978,-0.0019986107666457344,0.0026363850272627795,0.00031888713030852256,0.0008287366676384589,-0.0011044654367396616,0.008117291279010092,0.004520806159867688,-0.0008554647179383643,0.007205264592494263,0.004061580161425538,-0.05605992381314184,-0.006054441677133822,-0.004000000000000448,0.09300000000000086,-2.282,7.75,5.444772310119675,0.0,1
2023-08-18,-0.006630056440000032,-0.03720543491000006,-0.025281037306700047,-0.001900358521815518,0.004064638089188429,0.0010821397836864553,0.0017382894108968895,-0.0006967313975398189,0.008823016396003726,0.005110314756521743,-0.0008475444749824308,0.007484173307480876,0.0042348033723201865,-0.34258097739267135,-0.025143769127102283,0.31599999999999984,-0.004000000000000448,-1.9660000000000002,7.75,5.444772310119675,0.0,1
2023-08-25,0.005647526060000019,0.03520674838000004,0.023678651675200033,-0.0026738035049534282,0.0019506669255330868,-0.0003615682897101707,0.00014712345764334605,-0.0008894337171304204,0.006752182218905452,0.0037719520038514615,-0.0009533568787751338,0.006615487614775106,0.003663638262290512,-0.12896929905436294,0.012472020939504542,-0.09699999999999953,0.31599999999999984,-2.0629999999999997,7.75,5.444772310119675,0.0,1
2023-09-01,0.00016331105000000345,-0.0019378985700000406,-0.0011184268182000234,-0.0027215542826837663,0.006820429854261855,0.0020494377857890444,0.0030990560408530625,-0.0012743836164416545,0.006600090451781374,0.0035290455651743927,-0.0008976123604017226,0.006678621413054406,0.0037238902414065155,0.010027521580945109,0.002392723141026152,-0.19099999999999984,-0.09699999999999953,-2.2539999999999996,7.75,4.938617090763934,0.0,1
2023-09-08,-0.011604916209999983,-0.023614528949999936,-0.018930779981399956,-0.003514244017713762,0.004183089448962641,0.0003344227156244393,0.0011811293969588433,-0.0014377123271786863,0.006463698696897658,0.0033821483975078836,-0.0010562067794239098,0.006234232631012543,0.003390961260942326,0.03347790543046392,-0.021010891014935577,0.19699999999999918,-0.19099999999999984,-2.0570000000000004,7.75,4.938617090763934,0.0,1
2023-09-15,-0.0003118449400000278,-0.008022834829999992,-0.005015548772900006,-0.004263451709872718,0.004029583578888826,-0.0001169340654919456,0.0007952998162718242,-0.001480917896530258,0.006583146916504954,0.003438161639421221,-0.0010708174178283769,0.006271385833943126,0.0034079265657522397,-0.16862176629081582,0.015097151780792368,0.0860000000000003,0.19699999999999918,-1.721,7.5,4.938617090763934,0.0,1
2023-09-22,-0.005993961939999959,-0.006566449050000034,-0.006343179077100004,-0.004436830620861769,0.0038133034501973105,-0.00031176358533222936,0.0005957511624842694,-0.001250415787928987,0.007097730654579051,0.003841953542000916,-0.0010327732122131863,0.0063082389644299915,0.003445244215539152,-0.20230504491102752,-0.019315629574145163,0.10500000000000043,0.0860000000000003,-1.6159999999999997,7.5,4.938617090763934,0.0,1
2023-09-29,-0.0015480495000000372,-0.01519244140999998,-0.009871128565100001,-0.003918769737987531,0.0046393514724831705,0.00036029086724781965,0.0013016842003995967,-0.0008245227369572412,0.008361186906702655,0.0047787601456752956,-0.0011170384149240594,0.006192344474278337,0.0033416851474894023,-0.33362719446831157,-0.0032974098918485788,0.25099999999999945,0.10500000000000043,-1.3650000000000002,7.5,4.938617090763934,0.0,1
2023-10-06,-0.013684618489999967,-0.007011015540000054,-0.009613720690500021,-0.0034848206021159127,0.0037702008857273036,0.00014269014180569545,0.0009407425054684493,-0.0006391463952768433,0.0077627137281196,0.004485988279994987,-0.0012361909495591577,0.006452724577161168,0.003454047521740241,-0.42273865309646996,-0.009490281107510523,0.24900000000000055,0.25099999999999945,-0.8659999999999997,7.25,4.268517299291267,0.0,1
2023-10-13,0.00382171111999996,-0.0011149497899999306,0.0008103479649000268,-0.0030486203972616603,0.003796634470020498,0.0003740070363794188,0.0011269850717804562,-0.0003412512114473855,0.007863976459925356,0.004663937668089987,-0.00048449103055326655,0.007561382137420694,0.004423491601910849,0.5664411747376233,-0.015927249603931402,-0.2550000000000008,0.24900000000000055,-1.1210000000000004,7.25,4.268517299291267,0.0,1
2023-10-20,-0.010580877279999956,0.013770076429999945,0.004273204483099984,-0.0025875747119957658,0.0040531372273230944,0.0007327812576636643,0.0014632595709887387,-0.0003484432000965841,0.007595213367836504,0.0044971873063425994,-0.00048372796987244303,0.00724677100227059,0.0042318764031348075,-0.33064260016019165,0.01116116630867722,0.3250000000000002,-0.2550000000000008,-0.7960000000000003,7.25,4.268517299291267,0.0,1
2023-10-27,0.0007457130299999837,-0.009250218529999965,-0.005351805221599984,-0.00234334773047519,0.003905020235275336,0.0007808362524000731,0.0014681567286326308,-0.0008737763601469557,0.007101616345809428,0.003991213190486438,-0.00045032069291351713,0.007213758870928212,0.0042247678410299375,0.22108097622658152,-0.011828694164377384,-0.10599999999999987,0.3250000000000002,-0.9020000000000001,7.25,4.268517299291267,0.0,1
2023-11-03,0.005569767850000018,0.004636034260000033,0.005000190360100027,-0.004321322538264989,0.004484275034557742,8.147624814637674e-05,0.001050091981156877,-4.084799325877113e-05,0.006594880760901412,0.004006946546778941,0.0003833306201450425,0.008331526203187568,0.005231729925800983,0.6645064162901397,-0.011175232502410504,-0.41000000000000014,-0.10599999999999987,-1.3120000000000003,7.25,3.58781680047142,0.0,1
2023-11-10,-0.004009496140000013,-0.008361196050000075,-0.00666403308510005,-0.0029627768923512613,0.001565457336247871,-0.0006986597780516951,-0.00020055401290579073,2.059506520647259e-06,0.006634578555185589,0.004047896126206262,0.0003144486106596876,0.007963717690905328,0.0049805027496095285,-0.37583788539743934,0.00852979804938565,0.2110000000000003,-0.41000000000000014,-0.851,7.0,3.58781680047142,0.0,1
2023-11-17,-0.00114579274000004,0.007767935449999985,0.004291581455899975,-0.0017683983695114226,0.0027456425658409556,0.0004886220981647665,0.0009851666010535281,3.884858775557616e-05,0.006363518963150047,0.0038968975167462034,0.0003600501056703918,0.008075919602912863,0.005066730498988299,0.3046496168539454,0.02055445020682449,-0.20999999999999996,0.2110000000000003,-1.061,7.0,3.58781680047142,0.0,1
2023-11-24,0.002036488010000004,0.013282149550000066,0.008896341549400043,-0.00202126716018114,0.000593169230720014,-0.0007140489647305629,-0.00042646096173143606,0.0008682708392615836,0.005550669915033539,0.003724534275482476,0.00016176670753025296,0.007594675346711937,0.00469584097743108,0.07611496697503317,-0.005253527915164413,-0.0940000000000003,-0.20999999999999996,-1.1550000000000002,7.0,3.58781680047142,0.0,1
2023-12-01,0.004554691430000035,-0.007600488010000017,-0.002859968028399997,-0.002366199181930086,0.0009832368290068796,-0.0006914811764616031,-0.000323043215258537,0.000798834184849497,0.004618264799425962,0.0031286868597411406,-0.00025505822671410274,0.0071054710250327245,0.004234864616851462,0.5839223699708973,-0.008736127497844628,-0.391,-0.0940000000000003,-1.5460000000000003,7.0,3.1996705911621133,0.0,1
2023-12-08,-0.001435890559999986,-0.005980480610000005,-0.004208090490499998,-0.002058405226833672,0.0019789961487758105,-3.9704539028930863e-05,0.00040440961228811224,0.001085007353974365,0.005035880878069202,0.003495040203672216,-0.00031821011638933825,0.007246936834364807,0.004296529523570691,0.14007055929189294,-0.024770940328604444,-0.0909999999999993,-0.391,-1.6369999999999996,7.0,3.1996705911621133,0.0,1
2023-12-15,0.018588397099999987,0.06672192275,0.04794984774649999,-0.003566244640137141,0.0016013237048764315,-0.0009824604676303547,-0.0004140279496788618,-0.0004530664868600589,0.004052036166578344,0.002295046131737367,-0.00030813893111782044,0.0074176819083263965,0.004404611780943152,0.37414802717159956,0.1072043262017253,-0.25200000000000067,-0.0909999999999993,-1.6390000000000002,6.75,3.1996705911621133,0.0,1
2023-12-22,0.019383868729999976,0.0011744380900000628,0.008276116039600028,-0.0042873920237000976,0.0024676683970200923,-0.0009098618133400026,-0.00016680516706078178,-0.0005893009972657581,0.004138449457496061,0.002294626780138951,-0.0004529534063185644,0.006939762123082259,0.004056603066615938,0.018128563274412368,0.03802430611380507,-0.021999999999999353,-0.25200000000000067,-1.6609999999999996,6.75,3.1996705911621133,0.0,1
2023-12-29,0.003907330149999999,0.009129081629999924,0.007092598552799954,-0.004333133949516876,0.0026249564576418883,-0.0008540887459374939,-8.86988011500299e-05,-0.00029446604225383385,0.00409199050062206,0.002381272448900461,-0.0004910635174925163,0.007406027882527785,0.004326162236519868,0.08421600866850465,-0.004163183327153612,-0.021000000000000796,-0.021999999999999353,-1.6820000000000004,6.75,3.1996705911621133,0.0,1
2024-01-05,-0.004528743750000008,-0.014349717719999933,-0.010519537871699961,-0.0034692567241891748,0.003177823697117811,-0.0001457165135356818,0.0005854623328080866,-0.001305055571820139,0.0006659541516430125,-0.00010273964050761664,-0.00037516906449823494,0.00749094535952201,0.004423160734154114,-0.4410725895606369,0.001542853029495736,0.3260000000000005,-0.021000000000000796,-1.3559999999999999,6.75,2.992435396569955,0.0,1
2024-01-12,0.003844411410000026,0.015209374309999912,0.010777038778999956,-0.0038451306398286783,0.002397006881071665,-0.0007240618793785067,-3.7426752079468923e-05,-0.0013507041859071982,0.0006083654289533358,-0.00015567172084227245,-0.00037424549966259184,0.007432392967763498,0.004387803965467323,0.129411293905751,0.015710262304879524,-0.12100000000000044,0.3260000000000005,-1.2270000000000003,6.5,2.992435396569955,0.0,1
2024-01-19,-0.003803582630000024,-0.012303933469999917,-0.008988796642399958,-0.0037636921439232014,0.0028014085712557597,-0.00048114178633372083,0.00024101929233596477,-0.0013859104213439217,0.001193917772701762,0.00018778477702394527,-0.0004895762300104111,0.007369920766206182,0.00430471693768171,-0.4536505227162855,0.003566686477765351,0.27000000000000046,-0.12100000000000044,-0.9569999999999999,6.5,2.992435396569955,0.0,1
2024-01-26,-0.0014139383899999802,0.0021038881399999543,0.0007319357932999798,-0.004297333377988069,-0.00031035587515869514,-0.0023038446265733824,-0.0018652771012621513,-0.0016147664371683594,0.0012436077386276127,0.00012884181006718356,-0.00045240307790147844,0.0073576173797072816,0.0043117094012398655,-0.05243577358185281,0.007440226033815282,-0.036000000000000476,0.27000000000000046,-0.9930000000000003,6.5,2.992435396569955,0.0,1
2024-02-02,-0.0016209297099999964,0.001566309230000007,0.0003232860434000056,-0.003337616790067815,-0.004839958845757621,-0.004088787817912718,-0.004254045444038597,-0.0016015358801803024,-0.0010191136378080018,-0.001246258312333199,-0.00048822755543474717,0.007180402588619657,0.004189636832438439,0.08847971482295902,-0.016123703447076063,-0.1999999999999993,-0.036000000000000476,-1.1929999999999996,6.5,3.255423686974906,0.0,1
2024-02-09,0.00623444826999997,-0.0019935536599999804,0.0012153670927000006,-0.0013070312059152607,-0.003689958208074011,-0.002498494706994636,-0.0027606166772320986,-0.001574004995254319,0.0004448392108947363,-0.0003425100295033953,-0.0005484662754744892,0.006867480952709041,0.003975261533717464,-0.08974320243335399,0.013129388171916176,0.23599999999999977,-0.1999999999999993,-0.7069999999999999,6.25,3.255423686974906,0.0,1
2024-02-16,0.013982720110000013,0.04275096823000002,0.03153135146320002,-0.0013694152896368528,-0.007123310602900494,-0.004246362946268674,-0.004879291430727674,-0.0018431071370465957,0.000454298360668095,-0.00044168978344063435,-0.0005583791102013973,0.006178308994972226,0.003551000633954513,-0.18098651413874123,0.044939861640773786,0.04300000000000015,0.23599999999999977,-0.6639999999999997,6.25,3.255423686974906,0.0,1
2024-02-23,0.0027183618400000165,0.02990272245999992,0.01930082181819996,-0.0016350082131317807,-0.005712345074201701,-0.003673676643666741,-0.0041221836983844325,-0.0024654283828699696,0.0005377588190543657,-0.0006334841896961251,-0.0005975839395329492,0.005919725502493739,0.0033779748201033305,0.16821101991131204,0.01039613678720669,-0.036000000000000476,0.04300000000000015,-0.7000000000000002,6.25,3.255423686974906,0.0,1
2024-03-01,0.0022346342399999775,-0.012963691639999997,-0.007036344546800007,-0.001422591761185608,-0.002190657012836563,-0.0018066243870110855,-0.0018911115646926906,-0.0026388705797374566,0.002850036692719728,0.0007093628564614259,-0.0009414301955841008,0.005926721254709197,0.0032481421890948104,0.02495049312154629,-0.007247283184601416,-0.0259999999999998,-0.036000000000000476,-0.726,6.25,3.0113220773404055,0.0,1
2024-03-08,0.005162950210000017,0.030735647330000004,0.02076229545320001,-0.001857715812667306,-0.0009454472614620064,-0.0014015815370646563,-0.0013012319964320733,-0.0031544570493729227,0.0013176970651220966,-0.00042644303953096095,-0.0009331730132204371,0.006492871282588373,0.003596714007222937,0.28759479223611484,0.03225458441770331,-0.09600000000000009,-0.0259999999999998,-0.8220000000000001,6.25,3.0113220773404055,0.0,1
2024-03-15,0.0023069636499999935,0.0007764219000000461,0.0013733331825000255,-0.0022209613709853544,-0.0011570573947409825,-0.0016890093828631685,-0.0015719799454762876,-0.0032170305257669535,0.0013581227352078896,-0.0004261870365722993,-0.0009531618698591347,0.006552075062877659,0.003625032659110309,-0.3285107470829627,0.02990932791857867,0.17100000000000026,-0.09600000000000009,-0.6509999999999998,6.25,3.0113220773404055,0.0,1
2024-03-22,0.005284365720000017,-0.0011640016199999659,0.0013508616426000275,-0.0018055076866832502,-0.00030543410207438653,-0.0010554708943788184,-0.0008904628000718434,-0.004031174310475153,0.0012259310775854745,-0.0008243400237581701,-0.000892999011485926,0.006752572886071046,0.003770799846023827,0.2163908994566781,-0.00784607564469236,-0.1379999999999999,0.17100000000000026,-0.7889999999999997,6.25,3.0113220773404055,0.0,1
2024-03-29,-0.011848710089999992,0.011161126969999935,0.002187290516599963,-0.0012356798577149988,0.0061637703346714545,0.002464045238478228,0.0032779847596407373,-0.003110719977826247,0.0035920346598634066,0.0009779603511644414,-0.00044724479872171167,0.007804503126382604,0.00458632143559192,0.004911074195596665,-0.05040688093578038,0.019000000000000128,-0.1379999999999999,-0.7699999999999996,6.25,3.0113220773404055,0.0,1
2024-04-05,-0.03577231861000002,-0.008829326019999972,-0.019337093130099993,0.00043682699760380205,0.0026219044028144177,0.0015293657002091099,0.0017697242147822773,-0.002254239615313958,0.0032667193325645887,0.0011135453428919554,0.00025677782156507674,0.007728383273145158,0.004814457147028926,-0.3624072110108978,-0.00851535315502407,0.18299999999999983,0.019000000000000128,-0.5869999999999997,6.25,2.403398597548071,0.0,1
2024-04-12,-0.016267390029999995,0.06404120257000001,0.03272085145600001,-0.002124879566885278,-0.003093521292660065,-0.0026092004297726713,-0.002715751019607898,-0.0020411113178277016,0.002368440607183842,0.00064871535642934,0.0006844524855891168,0.006726679161674804,0.004370210758001386,-0.2916296888469083,0.0072850780526465524,0.15200000000000014,0.18299999999999983,-0.1849999999999996,6.0,2.403398597548071,0.0,1
2024-04-19,0.0024844341399999914,-0.06051454990000005,-0.03594494612440003,-0.0034330630175353244,0.005343338215402833,0.0009551375989337544,0.0019205417345569517,-0.0018568074674344159,0.005430438127318276,0.002588412345364726,0.0004630146596392832,0.008745767279310115,0.00551549375763849,-0.4419253307915265,0.00681898092451288,0.1719999999999997,0.15200000000000014,-0.0129999999999999,6.0,2.403398597548071,0.0,1
2024-04-26,0.01942371838000001,-0.021322355739999965,-0.005431386833199975,-0.00150549761604546,0.005211751399905668,0.001853126891930104,0.0025920242836847277,-0.0015486134537953296,0.005147915962381093,0.002536269490072288,1.1373276261872388e-05,0.008299865545325318,0.0050673535603905735,-0.053075329505021474,0.03537862435126703,0.054999999999999716,0.1719999999999997,0.041999999999999815,6.0,2.403398597548071,0.0,1
2024-05-03,-0.0007947274200000298,0.03483898203000002,0.0209418353445,-0.0009970580088706337,0.009220994569103632,0.004111968280116499,0.005235954063693668,-0.002304342518419739,0.006205234700654599,0.002886499585215607,0.0007856438690013606,0.007989760746564406,0.0051801551643148175,0.4457782905664809,-0.016402986188535435,-0.2709999999999999,0.054999999999999716,-0.2290000000000001,6.0,1.9948306849126696,0.0,1
2024-05-10,0.007406470750000005,-0.009398496880000051,-0.0028445595043000297,-0.001563309872565095,0.003861198528966779,0.001148944328200842,0.0017456402523693482,-0.0009122856691894433,0.00316572343125005,0.0015752998820786476,0.0009462946821863505,0.007797506116771014,0.005125533657282995,0.16309457252596204,0.04739485517119568,0.008000000000000007,-0.2709999999999999,0.028999999999999915,5.75,1.9948306849126696,0.0,1
2024-05-17,-0.00920003054999996,0.05231803335000007,0.028325988429000054,-0.002897989131855476,0.008046557521157214,0.002574284194650869,0.0037781843264822652,0.0001414548795098951,0.0047843331240434075,0.0029736106086753374,0.001096843565662425,0.007749072288873142,0.005154703086820962,0.1366595943683282,-0.010266759656328608,-0.09600000000000009,0.008000000000000007,-0.06700000000000017,5.75,1.9948306849126696,0.0,1
2024-05-24,0.009656264199999987,-0.0020830874200000737,0.0024952597117999503,-0.004837278593483776,0.007689668718281469,0.0014261950623988464,0.002804159266693023,-0.00029696066673860506,0.0041120734205580415,0.0023925501265123494,0.001470868935805438,0.0067429537501512635,0.004686840672556391,-0.35622483708693653,0.005369774535846915,0.13400000000000034,-0.09600000000000009,0.06700000000000017,5.75,1.9948306849126696,0.0,1
2024-05-31,-0.0024952867199999895,0.00878957457000007,0.004388478666900046,-0.005031396408288299,0.007557742012967181,0.0012631728023394413,0.0026479780286775443,-0.00011953204711014184,0.0044617207876944875,0.0026750321821206817,0.001317504114189736,0.006004354182442873,0.00417648265582415,0.07696770820592502,-0.004307691247258525,-0.0259999999999998,0.13400000000000034,0.04100000000000037,5.75,1.9948306849126696,0.0,1
2024-06-07,0.005271465320000002,0.007285622219999954,0.006500101028999974,-0.004201460983543258,0.006666881231461851,0.0012327101239592965,0.0024282277676098583,0.00024641214915348047,0.004748400634490784,0.002992625125209236,0.0015789767711025774,0.006207305623003858,0.004402257370762359,0.379264474556948,-0.02294734023229472,-0.17400000000000038,-0.0259999999999998,-0.133,5.75,2.269342359027651,0.0,1
2024-06-14,0.001246486499999977,0.017789598679999963,0.011337784929799968,-0.004877307507613895,0.0032030439075128236,-0.0008371318000505359,5.170685561340293e-05,-0.0021251038474496284,0.004439302713284752,0.0018791841545983433,-0.00011721497300645517,0.005627764842439461,0.0033872227144155533,-0.05264895888957577,-0.01807125684375364,0.019999999999999574,-0.17400000000000038,-0.11300000000000043,5.75,2.269342359027651,0.0,1
2024-06-21,-0.004154093500000011,-0.01641861937,-0.011635454280700001,-0.0021904183617092966,0.012543369682848447,0.0051764756605695746,0.006797192345470927,-0.0017412183385254426,0.0078036081257690775,0.004081125804694215,0.00018878844832964734,0.006660287404582076,0.004136402811643629,-0.29781206277087113,0.0028691395118817255,-0.04899999999999949,0.019999999999999574,-0.16199999999999992,5.75,2.269342359027651,0.0,1
2024-06-28,-0.008523624189999968,-0.013472881160000005,-0.011542670941699992,-0.0027430209361108873,0.01079187676255328,0.004024427913221196,0.005513266660074254,-0.0015827331371036893,0.008243440840307453,0.004411232989117108,0.00045942015217678494,0.006626187342495473,0.004221148138271185,-0.12811655782346998,-0.0018299160196344638,0.0519999999999996,-0.04899999999999949,-0.11000000000000032,5.75,2.269342359027651,0.0,1
2024-07-05,0.0068406792399999805,0.018074729980000037,0.013693450191400015,0.0038005497278073854,0.006228940736923336,0.005014745232365361,0.005281868243368116,-8.738836577846924e-05,0.00891065897293936,0.005401420510839406,-0.0003448141840201348,0.0036078149688220755,0.0020662895992136134,0.1741802085275519,0.01176904061641441,-0.07200000000000006,0.0519999999999996,-0.18200000000000038,5.75,2.1145448207362043,0.0,1
2024-07-12,0.0070804552900000095,0.039676949890000035,0.026964316996000024,0.003808646974988856,0.006533826279179958,0.005171236627084407,0.005471006350545428,-0.0004872772859502879,0.008232303123295016,0.004831666763689348,-0.0003232223916498694,0.0037249656603287034,0.00214617232005706,0.23216661222816937,0.007799508432084823,-0.15299999999999958,-0.07200000000000006,-0.33499999999999996,5.75,2.1145448207362043,0.0,1
2024-07-19,-0.0028592635799999933,0.022993194469999922,0.012910735830499955,0.007173036065350656,0.011823610701029615,0.009498323383190135,0.01000988659311482,-0.00030213034912492174,0.00910140556692074,0.005434026559662931,-0.0003868542157246526,0.004233058670529043,0.002431292644890102,-0.16094709521279094,-0.013656775577872112,0.1429999999999998,-0.15299999999999958,-0.19200000000000017,5.75,2.1145448207362043,0.0,1
2024-07-26,-0.0019627505200000006,-0.017688974759999976,-0.011555747306399985,0.007185669070269024,0.008263938234476768,0.007724803652372896,0.007843413260435748,-0.0007402279469900159,0.005162236525159181,0.002860275381020994,-0.0006109552970557711,0.0038752777972985855,0.0021256468905003862,0.09871260959365702,-0.0048714904979564565,-0.030999999999999694,0.1429999999999998,-0.22299999999999986,5.75,2.1145448207362043,0.0,1
2024-08-02,-0.002105462930000024,-0.005528518240000002,-0.004193526669100011,0.006045668505211961,0.003074467883938483,0.004560068194575223,0.00423323612623514,-0.0003112755608007142,0.0005174927858787701,0.0001942731306737712,-0.0005844631331898978,0.0012699400441173524,0.0005467228049675248,0.8575985993206339,-0.03663816788613214,-0.22500000000000053,-0.030999999999999694,-0.4480000000000004,5.75,2.0225827453982244,0.0,1
2024-08-09,-0.0014718863300000051,0.002248411820000018,0.0007974955415000088,0.0063361967208773445,0.005025907469061806,0.005681052094969575,0.005536920277269866,0.0007104533624520638,0.002163783978453564,0.001596985038212979,-0.0007548135526297441,0.0024920250878942975,0.001225758018089921,-0.034287004021569256,0.010300135355294317,0.001000000000000334,-0.22500000000000053,-0.19700000000000006,5.5,2.0225827453982244,0.0,1
2024-08-16,-0.007653808930000006,-0.039148817589999996,-0.0268657642126,0.007146549137562585,0.01352511844878725,0.010335833793174917,0.01103747641740963,0.0010301793746994295,0.0027458453869114853,0.0020767356421487835,-0.0007107903060842393,0.004074473164248834,0.002208220410818935,0.12347012369335131,-0.011922883230923862,-0.16999999999999993,0.001000000000000334,-0.367,5.5,2.0225827453982244,0.0,1
2024-08-23,0.0006996366300000001,-0.004264046880000039,-0.0023282103111000236,0.0076753450441150745,0.020926878320527573,0.014301111682321323,0.015758780342726698,0.0010390583382025942,0.0024564532001906704,0.0019036692040153207,-0.0011602168399829278,0.0038863262511573413,0.0019181744456126363,0.19542016504981952,-0.017666318250143115,-0.10200000000000031,-0.16999999999999993,-0.4690000000000003,5.5,2.0225827453982244,0.0,1
2024-08-30,-0.0029810604499999616,0.02886431739000006,0.01644462003240005,0.00679800407038865,0.019284671979080233,0.013041338024734441,0.014414871494690515,0.0015489015616531037,0.004295540959981823,0.003224351594633622,-0.0010783598088675306,0.005287428227767495,0.002804770893479835,-0.1627311519245942,0.008948643314539111,0.05900000000000016,-0.10200000000000031,-0.41000000000000014,5.5,2.0225827453982244,0.0,1
2024-09-06,-0.002377737220000009,-0.025151991610000035,-0.016270032397900026,0.00842319439087678,0.027077228656560436,0.01775021152371861,0.01980215529294381,0.0013164007218833648,0.005729732638288654,0.004008533190890591,-0.0014373817924300384,0.004397288325643731,0.0021217669795949605,-0.11742927403348702,-0.032259178403202644,-0.008999999999999453,0.05900000000000016,-0.4189999999999996,5.5,1.7686196372957466,0.0,1
2024-09-13,0.013627098269999971,0.006374657469999989,0.009203109381999981,0.008319604558904545,0.02620265311831958,0.017261128838612062,0.019228264180147718,0.0010061969700511356,0.004326533868523139,0.003031602478119058,-0.001475201353567675,0.004384782934148538,0.002099389061939215,0.13306346254088242,0.03848976060110079,-0.09200000000000053,-0.008999999999999453,-0.2610000000000001,5.25,1.7686196372957466,0.0,1
2024-09-20,-0.0006535504399999836,0.00921348566000002,0.005365341581000018,0.008646247445815037,0.02419966848769669,0.016422957966755865,0.018133834281362844,0.0020695785849057027,0.005541405329460012,0.0041873928990838315,-0.0023706715358749395,0.0042691012852651864,0.0016795898850205373,-0.34686996147021754,0.009215995036816454,0.01499999999999968,-0.09200000000000053,-0.24600000000000044,5.25,1.7686196372957466,0.0,1
2024-09-27,0.00309273228000001,0.009563848480000026,0.00704011316200002,0.008926063361575757,0.024666167402594592,0.016796115382085176,0.018527526826597245,0.00244201880951469,0.011132416270498102,0.007743161260714572,-0.0014350370628371384,0.006414028376417599,0.0033528928551082512,-0.11236612297506765,0.030083786813826605,-0.022999999999999687,0.01499999999999968,-0.26900000000000013,5.25,1.7686196372957466,0.0,1
2024-10-04,0.014547143260000006,0.021948467159999985,0.019061950838999992,0.012141739660873601,0.02728325524088538,0.01971249745087949,0.021378064164680785,0.00405176072431651,0.010916271199087592,0.00823911211392687,-0.0007799592172537185,0.0067788270025392495,0.003830900376819992,0.042459706758662286,0.010209495326123755,0.19200000000000017,-0.022999999999999687,-0.07699999999999996,5.25,1.9979635576506463,0.0,1
2024-10-11,0.007909105530000016,0.010522581399999953,0.009503325810699978,0.010836564511049349,0.02758565034084825,0.0192111074259488,0.021053506867226675,0.002094310118049003,0.009193405561642713,0.006424758338641166,-0.0010048976873136125,0.0065856980689966175,0.0036253657240356276,-0.5288769179386135,0.0012295275248530345,0.24300000000000033,0.19200000000000017,0.16600000000000037,5.25,1.9979635576506463,0.0,1
2024-10-18,-0.002263220970000035,0.007463608080000017,0.0036701447504999965,0.010816968122869926,0.02433603395503832,0.017576501038954122,0.019063598280492644,0.0011540107931357004,0.008619220753830755,0.0057077888691596836,-0.0005968838984267732,0.006959747501775368,0.004012661255696533,0.2689690962142075,0.007826806890250443,-0.09200000000000053,0.24300000000000033,0.07399999999999984,5.25,1.9979635576506463,0.0,1
2024-10-25,0.0008690768499999835,0.041311836780000055,0.02553916040730003,0.010803878690673993,0.02481895346684224,0.017811416078758115,0.019353074304136623,0.001408966032391051,0.009831132992902787,0.00654648787830321,-0.00038988987694401505,0.006709031214556264,0.003940451988871155,-0.2991697488672278,0.014869036019244653,0.18700000000000028,-0.09200000000000053,0.2610000000000001,5.25,1.9979635576506463,0.0,1
2024-11-01,-0.003990760939999949,0.036573794209999955,0.020753617701499992,0.01077488294272898,0.02476051369607181,0.017767698319400393,0.019306117702268106,0.0018902551804759063,0.011119135288632658,0.007519872046451525,-0.0007882261533131395,0.00799754558026208,0.004571094604167744,-0.06519887364138288,-0.021359774576953813,0.040000000000000036,0.18700000000000028,0.30100000000000016,5.25,2.2551774376969553,0.0,1
2024-11-08,0.003990760939999949,-0.01210472514999994,-0.005827485574899983,0.010595267856911197,0.0283794488975637,0.019487358377237446,0.021443618291709224,0.001964265759093442,0.01125811818497916,0.007633515738883729,0.00024735340607923,0.0068923590609281365,0.004300806855537063,-0.04494626940771185,-0.0021457099690738294,-0.05900000000000016,0.040000000000000036,0.492,5.0,2.2551774376969553,0.0,1
2024-11-15,-0.006539040959999964,-0.007405113000000019,-0.007067344904399997,0.011896591415480847,0.030079029013612174,0.02098781021454651,0.022987878350340957,0.0021502297240971035,0.013711294179131018,0.009202479041667792,0.0013411978870831519,0.008469676063246988,0.005689569574543091,-0.6210795635287525,0.002791711954569393,0.2450000000000001,-0.05900000000000016,0.7370000000000001,5.0,2.2551774376969553,0.0,1
2024-11-22,0.005335556789999973,0.024223562849999936,0.01685724048659995,0.012190825773933975,0.031966491099530044,0.02207865843673201,0.024253981622547577,0.0024062711652471282,0.014080111812866771,0.00952731396029511,0.0014061237059198439,0.00800301104108459,0.005430224980370339,0.09415714388145835,-0.007946805610957997,-0.04800000000000004,0.2450000000000001,0.6890000000000001,5.0,2.2551774376969553,0.0,1
2024-11-29,-0.001065772049999969,0.032119688290000004,0.019177358757400013,0.012675226257319604,0.026705834946310604,0.019690530601815102,0.021233897557604117,0.0027279009358298885,0.012389228514702661,0.00862131075894228,0.0016373735869964331,0.007672889763389906,0.005319038454596452,0.12320364205869927,-0.027348844066860233,-0.23000000000000043,-0.04800000000000004,0.45899999999999963,5.0,2.2551774376969553,0.0,1
2024-12-06,0.00402138970999999,0.002788030659999996,0.0032690406894999935,0.012915345761799221,0.025626364633708924,0.019270855197754073,0.02066906727366414,0.002537169845656835,0.011986085874087147,0.008301008622999324,0.0018304235682542885,0.007802318497827428,0.0054732794752939025,0.23432648370923936,0.0021286812962273676,-0.11199999999999921,-0.23000000000000043,0.3470000000000004,5.0,1.9550674735612272,0.0,1
2024-12-13,0.004562847629999978,-0.00984010819999992,-0.004222955426299959,0.01196602599378511,0.028316102842472483,0.020141064418128796,0.02193957287148441,0.0019931515113921767,0.012497560862680907,0.008400841215678303,0.0007326823304104825,0.009484721673244267,0.006071426329539092,-0.7415292623921705,0.02083249314893948,0.33499999999999996,-0.11199999999999921,0.6820000000000004,5.0,1.9550674735612272,0.0,1
2024-12-20,0.0,-0.017220189360000027,-0.010504315509600017,0.01198432769158067,0.029926418463535335,0.020955373077558,0.022929003062473016,0.001278160979859328,0.013886203430622348,0.008969066874824771,0.00016632540246061924,0.01026031830011295,0.006323661070028541,-0.802553556727841,-0.015188803714883023,0.2789999999999999,0.33499999999999996,0.9610000000000003,5.0,1.9550674735612272,0.0,1
2024-12-27,0.0013847144599999917,0.026889279639999986,0.016942499219799987,0.011744761754081356,0.030717245078313415,0.021231003416197387,0.023317976581862913,0.0010021998121830485,0.013385283827036937,0.00855588106124392,0.00025096810657096154,0.01087330959660975,0.006730596415494623,0.004885796272508958,-0.002256285532121237,-0.036000000000000476,0.2789999999999999,0.9249999999999998,5.0,1.9550674735612272,0.0,1
2025-01-03,0.0013773293100000084,0.02919277710000001,0.01834475246190001,0.01112237386652915,0.0322213669469935,0.021671870406761325,0.0239927596456124,0.005337151672373337,0.012102209127806393,0.009463836720187501,0.0014293791429530983,0.012225116637512842,0.008014779014634541,0.13332994417553412,0.0003901981259158728,-0.04999999999999982,-0.036000000000000476,0.875,5.0,1.8425382328309303,0.0,1
2025-01-10,-0.00403891491999997,-0.037002165239999996,-0.024146497615199984,0.01153060498022663,0.035292484041104424,0.023411544510665527,0.026025351207362084,0.005559921067601328,0.01527062876719947,0.011483452764356195,0.001195467068464116,0.012327853649805966,0.007986222883082645,-0.5075583871663277,-0.0011126607878484303,0.19200000000000017,-0.04999999999999982,1.3170000000000002,4.75,1.8425382328309303,0.0,1
2025-01-17,-0.009028870909999986,-0.02190533371000003,-0.016883513218000013,0.013107045163216202,0.03873008567248854,0.025918565417852372,0.028737099873872327,0.008225034012815817,0.020740596573177353,0.015859527174636352,0.0016805453220163891,0.013627494919908913,0.008968184576730829,0.025671363775487968,-0.007296467534224771,-0.19200000000000017,0.19200000000000017,1.125,4.75,1.8425382328309303,0.0,1
2025-01-24,0.014395086639999999,0.0005510775800000589,0.005950241113400036,0.01354719352265299,0.03767425093333879,0.02561072222799589,0.028264698543171325,0.008840800530196029,0.020188757740380796,0.015763054428408738,0.0017623979355065058,0.011301517596453623,0.007581260928684247,0.03633062916163167,0.009883252877585258,-0.0030000000000001137,-0.19200000000000017,1.1219999999999999,4.75,1.8425382328309303,0.0,1
2025-01-31,0.0,0.009893154609999955,0.006034824312099972,0.01439839549594282,0.03637981788661605,0.025389106691279438,0.027807063154253492,0.008934267607585224,0.02236974737603153,0.01712991026633747,0.002124850983378731,0.009750400985406926,0.00677643648461593,0.10588233580621385,-0.009825633171709081,-0.04899999999999949,-0.0030000000000001137,1.0730000000000004,4.75,1.8425382328309303,0.0,1
2025-02-07,-0.00458744520000004,0.02225959786999998,0.011789251072699973,0.013445630802476672,0.04331055822556282,0.028378094514019743,0.03166323653055922,0.008594973316331439,0.023259804702144747,0.017540520461677558,0.0026345296555543834,0.011769855775367141,0.008207078588640166,0.03180044137252165,0.017836643064022415,-0.02600000000000069,-0.04899999999999949,1.0469999999999997,4.75,1.4730395267663132,0.0,1
2025-02-14,0.00458744520000004,0.007419865959999994,0.006315221863600012,0.004322037858677188,0.021998081069939144,0.013160059464308167,0.015104424217546982,0.003250790230763289,0.014523332497332926,0.010127041013370768,0.0008072022549666504,0.007518908285322706,0.004901342933483844,-1.0615737056111216,-0.015667924399434065,-0.07200000000000006,-0.02600000000000069,0.9749999999999996,4.75,1.4730395267663132,0.0,1
2025-02-21,0.00274872734999998,0.005591783040000076,0.004482991320900038,0.004014906001269057,0.021686554374110295,0.012850730187689676,0.014794611508702211,0.002997241089843218,0.017219369549532952,0.011672739450253955,0.0005530750065515062,0.007137898786474897,0.0045698175123047744,-0.35912811666428324,-0.02356115589278929,0.02200000000000024,-0.07200000000000006,0.9969999999999999,4.75,1.4730395267663132,0.0,1
2025-02-28,-0.006029938150000025,0.0052179035899999615,0.0008312453113999666,0.004958016156539839,0.020748116539109955,0.012853066347824897,0.01458997738990761,0.003125617154326571,0.017077921127543184,0.011636522577988705,0.0011454881699313182,0.008636708073114036,0.005715132310872776,-0.048144049023553626,-0.013854819549485496,-0.2030000000000003,0.02200000000000024,0.7939999999999996,4.75,1.4730395267663132,0.0,1
2025-03-07,0.009765388139999998,0.01582572959999995,0.013462196430599968,0.005113910641281588,0.021718705574287907,0.013416308107784748,0.015242835550415442,0.0038200135387080262,0.01874160897725173,0.012922186756219686,0.001177259818819307,0.008813108549472187,0.005835127544517563,-0.15553614778894698,0.016425940521169607,0.051000000000000156,-0.2030000000000003,0.8449999999999998,4.75,1.2738136866467082,0.0,1
2025-03-14,0.00509724167000003,0.00195607089999994,0.0031811275002999752,0.0049809468552555886,0.021803046477792146,0.013391996666523867,0.015242427625002887,0.003771986841614782,0.017843278170442303,0.01235547455219957,0.0010764805601936865,0.008035770589626956,0.00532164747814798,-0.12835502105428365,0.021634846476436306,0.07500000000000018,0.051000000000000156,0.9199999999999999,4.75,1.2738136866467082,0.0,1
2025-03-21,0.010905933179999994,0.0036705820000000333,0.006492368960200018,0.005495890994360661,0.021413029172431725,0.013454460083396194,0.01520534528298401,0.00337369484508101,0.0185250206875965,0.01261600360901546,0.0013520918630474542,0.00947278348762542,0.006305713754040013,-0.19311005827510042,0.028304593749200503,-0.10200000000000031,0.07500000000000018,0.8179999999999996,4.75,1.2738136866467082,0.0,1
2025-03-28,0.00036165367000001725,0.05991549640000016,0.03668949773530011,0.004963246093196924,0.03000976039566916,0.017486503244433044,0.02024161981770499,0.0035661539526562714,0.02614739172082335,0.01734070899123819,0.0015718887815222744,0.018171062029622407,0.011697384462863355,0.2625735369825206,-0.013766024720805951,0.05400000000000027,-0.10200000000000031,0.8719999999999999,4.75,1.2738136866467082,0.0,1
2025-04-04,-0.011267586850000011,-0.005923313200000058,-0.00800757992350004,0.0032629078164729767,0.030253986979684483,0.01675844739807873,0.019727466106031995,0.003365014026970927,0.025919455177172535,0.017123223128593906,0.0011961072307172054,0.016734198662302552,0.010674343003984267,-0.17339041731073834,-0.07989143889185812,-0.11299999999999955,0.05400000000000027,0.7590000000000003,4.75,1.6435516246901152,0.0,1
2025-04-11,-0.005625139370000032,0.017145170000000043,0.008264749345700012,0.00021343245773421116,0.03264989303830385,0.016431662748019032,0.01999967341188169,0.0017273097280240909,0.026611419987023606,0.016906616986013794,-0.000509929192048729,0.017021805857344984,0.010184429188081436,-0.3839109086870647,0.047263103940236466,0.4819999999999993,-0.11299999999999955,1.2409999999999997,4.75,1.6435516246901152,0.0,1
2025-04-18,-0.027450680099999958,0.01978508999999984,0.0013631396609999173,-0.0006166585217604666,0.028248673650654543,0.013816007564447038,0.01699119410341269,0.0017187028485771956,0.026047813076327392,0.016559460087504814,-0.0013637028854555895,0.017196970099768876,0.009958307635531334,0.1916894221646679,0.0017575931121050561,-0.23399999999999999,0.4819999999999993,1.0069999999999997,4.75,1.6435516246901152,0.0,1
2025-04-25,0.03847011375999998,0.0021929505000000127,0.0163410441714,0.0020229867002261592,0.02629627269167615,0.014159629695951154,0.01682969115501065,0.002998774871365866,0.025122562702041624,0.016494285448078076,5.600085306686222e-06,0.017162729036536532,0.010471448745556892,0.48801699989945013,0.023524188448490135,-0.23999999999999932,-0.23399999999999999,0.7670000000000003,4.75,1.6435516246901152,0.0,1
2025-05-02,0.005023445879999977,0.05449591279999999,0.03520165070119998,0.00207466282248749,0.02160472244903074,0.011839692635759114,0.013987999194678871,0.0028487278749707353,0.020452985555302745,0.013587325059973262,0.00020713682449353054,0.01384061220203953,0.008523556804796589,-0.39670202715043734,-0.005280340445087658,0.013999999999999346,-0.23999999999999932,0.7809999999999997,4.75,1.677783454436842,0.0,1
2025-05-09,0.008025092810000023,0.00965655600000015,0.0090202853559001,0.0017570253548827956,0.021077534428420575,0.011417279891651685,0.013542535889740841,0.0023464590576967115,0.0201841870017511,0.013227473103569887,8.859331872940537e-05,0.013684176899313972,0.00838189930288599,-0.5951719083462652,0.017783642838906967,0.05000000000000071,0.013999999999999346,1.0810000000000004,4.5,1.677783454436842,0.0,1
2025-05-16,0.0010184748500000063,0.01705088389999987,0.010798244370499923,0.0016214363448355353,0.020353865967814688,0.010987651156325112,0.013048218414852817,0.0023056255217020743,0.01913474616601725,0.012571389114734332,-7.992580515856314e-05,0.013600741542881357,0.008265281277145788,-0.5473996752809986,-0.0073973201897832045,0.004999999999999893,0.05000000000000071,1.0860000000000003,4.5,1.677783454436842,0.0,1
2025-05-23,0.01208647317,-0.021257848599999907,-0.008253563109699942,0.0028022348168009175,0.018383891435665742,0.010593063126233329,0.01230704535430846,0.002415949755686832,0.01881997904773216,0.01242240762383448,0.00010772176482027896,0.012992276433174844,0.007967300112516564,-0.1608236506102032,0.018629754839452197,0.07899999999999974,0.004999999999999893,1.165,4.5,1.677783454436842,0.0,1
2025-05-30,0.0031430282700000145,0.02399021179999994,0.015859810223299967,0.0023230965327883917,0.014097433390909863,0.008210264961849126,0.00950544201624249,0.0021439216005090613,0.014738609966791164,0.009826681503941144,9.717686015989354e-05,0.01061809575675602,0.00651493738708353,-0.7954052499319317,-0.009332453077407717,-0.1200000000000001,0.07899999999999974,1.045,4.5,1.677783454436842,0.0,1
2025-06-06,0.006152083129999986,0.017130115800000123,0.012848683058700069,0.002505161412808307,0.013343853056234176,0.007924507234521242,0.009116763315298088,0.0025555746630853884,0.013927765247834834,0.00949261091978255,0.00037021469348364036,0.010483508250772138,0.006539323763429624,-0.6738896245298975,0.03974694065341839,0.054999999999999716,-0.1200000000000001,1.0999999999999996,4.5,1.6847211702562397,0.0,1
2025-06-13,0.0037502674800000135,0.03661560119999985,0.02379812104919991,0.0018774403919885802,0.01532595928727919,0.008601699839633886,0.010081036918115852,0.001487409619233135,0.016467317781950885,0.010625153598490962,0.00018135534698259274,0.011551066358473118,0.007116879063991812,1.1438704326537255,-0.001423214629373799,-0.10699999999999932,0.054999999999999716,0.9930000000000003,4.5,1.6847211702562397,0.0,1
2025-06-20,-0.0005941403799999967,0.04041697860000015,0.024422642197800094,0.0008928152142365926,0.015286008497863735,0.008089411856050164,0.00967266311724915,0.001331113841574933,0.017533704277784737,0.011214694007662914,-9.543371369440286e-05,0.01258950317048917,0.007642377785657577,0.25630893483420136,0.003571721004719269,0.03699999999999992,-0.10699999999999932,1.0300000000000002,4.5,1.6847211702562397,0.0,1
2025-06-27,0.00611874431999998,0.021261986599999894,0.015356122110799926,0.0005749841839042543,0.014680197898808235,0.007627591041356244,0.009179164549995681,0.0012581474694767399,0.01744531690485728,0.011132320825058868,-0.00023570584190068307,0.012180285132653946,0.00733804865257764,0.3074734086876889,0.01523335890217795,-0.06300000000000061,0.03699999999999992,0.9669999999999996,4.5,1.6847211702562397,0.0,1
2025-07-04,0.010728115280000006,0.03940559280000011,0.02822137656720007,0.0008313892605592122,0.015916388573884516,0.008373888917221864,0.010033238841687648,0.0013515860824497477,0.01831581894935467,0.011699768131261749,0.0012334877413823896,0.01227493998446329,0.00796877360966174,0.30320970253323143,0.01676334186511333,-0.009999999999999787,-0.06300000000000061,0.9569999999999999,4.5,1.6798834339290398,0.0,1
2025-07-11,-0.003970716950000008,0.02434948669999981,0.013304607276499882,0.0007806503319187778,0.017267695724565137,0.009024173028241957,0.010837748021433056,0.0013178451978384162,0.01857839164953411,0.01184677853337279,0.0011797810828363176,0.012410657249531564,0.008030615544520418,-0.15016438522406172,-0.008258300593096905,0.07699999999999996,-0.009999999999999787,1.0339999999999998,4.5,1.6798834339290398,0.0,1
2025-07-18,0.0,0.016901408500000104,0.010309859185000063,0.0006867712649070999,0.01699886555941332,0.00884281841216021,0.010637148784555893,0.0012100919086625106,0.01831869223772732,0.011646338109392045,0.0016328684394293128,0.013116761330887041,0.008638043103218527,0.021094478646638937,0.005129454589311824,0.012000000000000455,0.07699999999999996,1.0460000000000003,4.5,1.6798834339290398,0.0,1
2025-07-25,-0.0016790005599999769,-0.041250895199999915,-0.02581785629039994,0.000589302775996567,0.016370332079021888,0.008479817427509227,0.010215730650842013,0.0011930018676245871,0.017881166661332625,0.01137278239178649,0.0015893732543000266,0.012684058840875197,0.008357131462110881,-0.02367443597516017,0.012165279547452897,-0.02800000000000047,0.012000000000000455,1.0179999999999998,4.5,1.6798834339290398,0.0,1
2025-08-01,-0.012893349750000005,-0.07101600230000016,-0.0483481678055001,-0.00035536930610463244,0.013136891959731929,0.006390761326813648,0.007874910066055668,0.0006640550096439363,0.01455395068393139,0.009136891370959282,0.0013215265031108988,0.011028015066510084,0.007242484526784402,0.22148866790613075,-0.02257861914735295,-0.08599999999999941,-0.02800000000000047,0.9320000000000004,4.5,1.1054589188837536,0.0,1
2025-08-08,0.012893349750000005,0.014518827100000076,0.013884890933500049,-0.00046758810434225804,0.013008612512614214,0.006270512204135978,0.00775289427200119,0.0005167150205701001,0.015183258681366774,0.00946330665365607,0.0012534077225730843,0.011388967344980808,0.007436099092241796,-0.09189373444647586,0.03231013226180117,-0.07400000000000073,-0.08599999999999941,0.8579999999999997,4.5,1.1054589188837536,0.0,1
2025-08-15,0.0016790005599999769,0.035776239400000076,0.022478316252400037,-0.0005576522353548635,0.013393254649514057,0.006417801207079597,0.007952400964415178,0.0007915135804180866,0.01695888506932606,0.010653610188651949,0.0011854965235412749,0.012316513892595275,0.007975417118664214,0.08576068865590791,0.002615750684426578,-0.0389999999999997,-0.07400000000000073,0.819,4.5,1.1054589188837536,0.0,1
2025-08-22,-0.0005346526800000251,-0.009432230800000108,-0.005962175333200075,-0.00035752889413146654,0.014700788165034749,0.0071716296354516415,0.008828044511959924,0.0008156297601648027,0.017488362708654517,0.010985996858743529,0.0014018992055121232,0.014743732288086911,0.009540417385882743,-0.5331873214328082,-0.007193918042386394,-0.030999999999999694,-0.0389999999999997,0.7880000000000003,4.5,1.1054589188837536,0.0,1
2025-08-29,0.01015508715000002,-0.0037451385000000226,0.0016759495034999938,1.54528282536208e-05,0.013290269842271649,0.006652861335262635,0.008113091206804618,0.001165306121585053,0.015565913312765422,0.009949676508205078,0.0012713783351289926,0.012721361245830825,0.00825586791065711,0.4453332410151405,0.01914717509522193,-0.0030000000000001137,-0.030999999999999694,0.7850000000000001,4.5,1.1054589188837536,0.0,1
2025-09-05,0.004009218799999992,0.006577999699999948,0.005576175148999965,3.5149669030806665e-06,0.013848321672272592,0.006925918319587837,0.008448847057178483,0.00116002142090055,0.015421226690551097,0.009859356635387383,0.0015815861420438147,0.013526844098836331,0.00886819349568725,0.25986202329624897,0.016559281582148765,-0.1770000000000005,-0.0030000000000001137,0.6079999999999997,4.5,1.3541711833753733,0.0,1
2025-09-12,0.00602390022999999,0.021962814600000158,0.015746637995700093,0.0001841334067751679,0.013031308044813946,0.006607720725794557,0.008020909935978822,0.001179043942494141,0.015000028279730057,0.00960984438820805,0.0016762910692124733,0.013194793068791996,0.008702577288955982,-0.17290415138116666,0.013088523509665155,-0.10599999999999987,-0.1770000000000005,0.7519999999999998,4.25,1.3541711833753733,0.0,1
2025-09-19,-0.005747126439999972,-0.008620689600000064,-0.007499999967600028,-0.00015768869057084398,0.0129179731990041,0.006380142254216629,0.007818465062069872,0.0014453626726945684,0.01541855345233508,0.00996900904827528,0.0018942344143088805,0.013629588346720001,0.009052800313079663,-0.48557593604136784,-0.002372817726137815,0.08000000000000007,-0.10599999999999987,0.8319999999999999,4.25,1.3541711833753733,0.0,1
2025-09-26,-0.0052545155900000085,-0.001954022999999916,-0.003241215110099952,-0.00047239475399036266,0.012215786496848525,0.005871695871429081,0.007267395809021358,0.0016960068783827532,0.015540686486814032,0.010141261439525833,0.0021176200886495467,0.01395291822403299,0.009337151951233446,-0.41451416680041264,0.03525594471607925,0.09600000000000009,0.08000000000000007,0.9279999999999999,4.25,1.3541711833753733,0.0,1
2025-10-03,0.0052545155900000085,0.01057471259999998,0.00849983576609999,-0.0010488157656552103,0.012264897593761457,0.005608040914053123,0.007072549383588957,0.0010647827043397113,0.015286647216470908,0.009740120056739741,0.0020926230746627643,0.014033533454266677,0.00937657840622115,-0.2077244183092355,0.0228200032133663,-0.052999999999999936,0.09600000000000009,0.875,4.25,1.3476473007258336,0.0,1
2025-10-10,0.0032002949000000114,0.005110418599999944,0.00436547035699997,-0.000651457462276112,0.012172850566133497,0.005760696551928692,0.007171370435053749,0.0009336362891834008,0.015911199631048797,0.010069949927721294,0.0019155674841438099,0.014344324125357943,0.009497109035284432,-0.13382017829864035,0.004543458713892015,0.06400000000000006,-0.052999999999999936,0.9390000000000001,4.25,1.3476473007258336,0.0,1
2025-10-17,0.01678749881999997,0.02189598969999995,0.019903678256799957,-8.221118707224637e-05,0.013072034358567084,0.006494911585747418,0.007941878595767744,0.0014910661374846173,0.013986455070274389,0.00911325338648638,0.0024105003665263313,0.014099402652945691,0.00954073076124214,0.29894599637877306,0.010460627971783962,-0.13900000000000023,0.06400000000000006,0.7999999999999998,4.25,1.3476473007258336,0.0,1
2025-10-24,-0.005899705019999979,0.008849557600000058,0.0030973451782000433,4.09757527314894e-05,0.01294963155290672,0.006495303652819104,0.007915255790838379,0.0018452581575997009,0.013367872576022581,0.008874052952837658,0.0024676343452164516,0.013916684862492399,0.00945155516075478,-0.5367404098948563,-0.03654200837717435,-0.04499999999999993,-0.13900000000000023,0.7549999999999999,4.25,1.3476473007258336,0.0,1
2025-10-31,0.0,-0.023598820099999918,-0.014395280260999949,-2.2158802997160397e-05,0.01201702166192584,0.00599743142946434,0.00732174128060587,0.001764906224236905,0.01289956499707411,0.008557048075667598,0.0023932412675605036,0.013622127601047699,0.009242861930987691,-0.10326361752503033,0.028330831904404975,0.04499999999999993,-0.04499999999999993,0.7999999999999998,4.25,1.3476473007258336,0.0,1
2025-11-07,0.002573461840000013,-0.003781413300000036,-0.0013030119954000167,,,,,,,,,,,,,0.11300000000000043,0.04499999999999993,0.9130000000000003,4.25,1.3642761824004916,0.0,1
2025-11-14,0.010226791009999958,0.04273526920000004,0.030056962705900005,,,,,,,,,,,,,-0.0030000000000001137,0.11300000000000043,0.9100000000000001,4.25,1.3642761824004916,0.0,1
2025-11-21,-0.002641589179999959,-0.011253169900000026,-0.007894653419199999,,,,,,,,,,,,,-0.05600000000000005,-0.0030000000000001137,0.8540000000000001,4.25,1.3642761824004916,0.0,1
2025-11-28,0.005617779649999988,0.0380388841999999,0.025394653425499934,,,,,,,,,,,,,-0.054999999999999716,-0.05600000000000005,0.7990000000000004,4.25,1.3642761824004916,0.0,1
2025-12-05,0.031192253030000006,0.04904051170000012,0.042079690818700076,,,,,,,,,,,,,0.040000000000000036,-0.054999999999999716,0.8390000000000004,4.25,1.5027167693970196,0.0,1
2025-12-12,-0.0014303482599999917,0.022388059699999907,0.013098880595599946,,,,,,,,,,,,,0.03399999999999981,0.040000000000000036,0.8730000000000002,4.25,1.5027167693970196,0.0,1
2025-12-19,0.026785714279999928,0.017857142900000067,0.021339285738200015,,,,,,,,,,,,,-0.02400000000000002,0.03399999999999981,0.8490000000000002,4.25,1.5027167693970196,0.0,1
2025-12-26,0.01488095238000009,0.0744047618999999,0.05119047618719996,,,,,,,,,,,,,0.014000000000000234,-0.02400000000000002,0.8630000000000004,4.25,1.5027167693970196,0.0,1
2026-01-02,0.017857142859999953,0.10416666660000007,0.07050595234140002,,,,,,,,,,,,,0.004999999999999893,0.014000000000000234,0.8680000000000003,4.25,1.6918017845460094,0.0,1
2026-01-09,0.008928571430000032,0.02976190479999996,0.02163690478569999,,,,,,,,,,,,,0.0259999999999998,0.004999999999999893,0.8940000000000001,4.25,1.6918017845460094,0.0,1
2026-01-16,0.07738095237999998,0.0892857143000001,0.08464285715120005,,,,,,,,,,,,,-0.001000000000000334,0.0259999999999998,0.8929999999999998,4.25,1.6918017845460094,0.0,1
2026-01-23,-0.00410447760999999,0.035270078199999944,0.01991400143409997,,,,,,,,,,,,,-0.009999999999999787,-0.001000000000000334,0.883,4.25,1.6918017845460094,0.0,1
2026-01-30,0.02581106444000003,-0.009428903400000133,0.004314684057599933,,,,,,,,,,,,,0.04800000000000004,-0.009999999999999787,0.931,4.25,1.6918017845460094,0.0,1
2026-02-06,-0.003849443970000088,0.024754063300000073,0.01359869546470001,,,,,,,,,,,,,-0.03000000000000025,0.04800000000000004,0.9009999999999998,4.25,2.1974159870179437,0.0,1
2026-02-13,0.004904051170000034,0.07422707890000013,0.047191098085300094,,,,,,,,,,,,,-0.12699999999999978,-0.03000000000000025,0.774,4.25,2.1974159870179437,0.0,1
2026-02-20,-0.019785003550000013,-0.0920842218000002,-0.06388752668250013,,,,,,,,,,,,,-0.019000000000000128,-0.12699999999999978,0.7549999999999999,4.25,2.1974159870179437,0.0,1
2026-02-27,-0.004095593459999991,0.017457356099999988,0.009051705771599996,,,,,,,,,,,,,-0.05600000000000005,-0.019000000000000128,0.6989999999999998,4.25,2.1974159870179437,0.0,1
2026-03-06,-0.024465392340000003,-0.05280614469999989,-0.04175325127959993,,,,,,,,,,,,,0.19200000000000017,-0.05600000000000005,0.891,4.25,3.7659501952937484,0.0,1
2026-03-13,-0.003484972119999985,-0.0018189854999999255,-0.0024687202817999486,,,,,,,,,,,,,0.17100000000000026,0.19200000000000017,1.0620000000000003,4.25,3.7659501952937484,0.0,1
2026-03-20,-0.04520559487999998,-0.0052494102000000264,-0.020832322225200005,,,,,,,,,,,,,0.16999999999999993,0.17100000000000026,1.2320000000000002,4.25,3.7659501952937484,0.0,1
2026-03-27,0.027310044399999955,-0.0109994135,0.003941275080999983,,,,,,,,,,,,,0.09799999999999986,0.16999999999999993,1.33,4.25,3.7659501952937484,0.0,1
2026-04-03,0.0007618795200000639,0.03328254129999997,0.020599483205800007,,,,,,,,,,,,,-0.12699999999999978,0.09799999999999986,1.2030000000000003,4.25,3.9685082627500883,0.0,1
2026-04-10,0.02771231413999997,0.1541682915,0.10485046032959999,,,,,,,,,,,,,-0.19600000000000062,-0.12699999999999978,1.0069999999999997,4.25,3.9685082627500883,0.0,1
2026-04-17,-0.04674211188999999,-0.04055755859999999,-0.04296953438309999,,,,,,,,,,,,,-0.058999999999999275,-0.19600000000000062,0.9480000000000004,4.25,3.9685082627500883,0.0,1
2026-04-24,-0.0032450247199999893,-0.16198081720000013,-0.10007385813280006,,,,,,,,,,,,,0.07499999999999929,-0.058999999999999275,1.0229999999999997,4.25,3.9685082627500883,0.0,1
2026-05-01,-0.03657871919,-0.18141954659999993,-0.12493162391009996,,,,,,,,,,,,,0.04400000000000048,0.07499999999999929,1.0670000000000002,4.25,3.9685082627500883,0.0,1
2026-05-08,0.014681817419999965,0.1059164279,0.07033492981279998,,,,,,,,,,,,,-0.06700000000000017,0.04400000000000048,1.0,4.25,3.9685082627500883,0.0,1
