fecha,dp_BBVA,dp_BCP,dp_IB,dp_SCO,delta_cds_l,delta_cds_h_M1,n_inst_M1,delta_cds_h_M2,n_inst_M2,delta_cds_h_M3,n_inst_M3,delta_cds_h_M4,n_inst_M4,delta_m_raw,delta_m_orth_M1,delta_m_orth_M2,delta_m_orth_M3,delta_m_orth_M4,short_rate,long_rate_level,cpi_12m_pct,long_rate_level_corrected,delta_cds_l_corrected,term_spread,delta_cds_l_lag1,delta_m_orth_log_M1,delta_m_orth_log_M2,delta_m_orth_log_M3,delta_m_orth_log_M4,delta_cds_h_loo_BBVA,delta_cds_h_loo_BCP,clri_m1_BBVA_W52,clri_iv_BBVA_W52,clri_pca_BBVA_W52,clri_m1_BBVA_W78,clri_iv_BBVA_W78,clri_pca_BBVA_W78,clri_m1_BBVA_W104,clri_iv_BBVA_W104,clri_pca_BBVA_W104,clri_m1_BCP_W52,clri_iv_BCP_W52,clri_pca_BCP_W52,clri_m1_BCP_W78,clri_iv_BCP_W78,clri_pca_BCP_W78,clri_m1_BCP_W104,clri_iv_BCP_W104,clri_pca_BCP_W104,clri_m1_SYS_EW_W52,clri_iv_SYS_EW_W52,clri_pca_SYS_EW_W52,clri_m1_SYS_EW_W78,clri_iv_SYS_EW_W78,clri_pca_SYS_EW_W78,clri_m1_SYS_EW_W104,clri_iv_SYS_EW_W104,clri_pca_SYS_EW_W104,clri_m1_SYS_AW_W52,clri_iv_SYS_AW_W52,clri_pca_SYS_AW_W52,clri_m1_SYS_AW_W78,clri_iv_SYS_AW_W78,clri_pca_SYS_AW_W78,clri_m1_SYS_AW_W104,clri_iv_SYS_AW_W104,clri_pca_SYS_AW_W104,D_crisis,CDS_H_x_crisis
2007-01-12,0.0,-0.0013497774800000084,0.0,0.022263120300000105,,,,,,,,,,,,,,,,,,,,,,,,,,,,,,,,,,,,,,,,,,,,,,,,,,,,,,,,,,,,,,,,0.0,
2007-01-19,0.0006430704979999979,0.0005130237400000071,0.009195481746999995,0.036068352000000026,,,,,,,,,,,,,,,,,,,,,,,,,,,,,,,,,,,,,,,,,,,,,,,,,,,,,,,,,,,,,,,,0.0,
2007-01-26,0.0007171509049999913,0.0012866795700000044,-0.00010935681500000294,0.019589448899999917,,,,,,,,,,,,,,,,,,,,,,,,,,,,,,,,,,,,,,,,,,,,,,,,,,,,,,,,,,,,,,,,0.0,
2007-02-02,0.0005231620770000112,0.0,-0.003028708309999989,0.08411165079999994,,,,,,,,,,,,,,,,,,,,,,,,,,,,,,,,,,,,,,,,,,,,,,,,,,,,,,,,,,,,,,,,0.0,
2007-02-09,0.0033482372989999953,0.0,-0.0019181819300000125,-0.056546983699999886,,,,,,,,,,,,,,,,,,,,,,,,,,,,,,,,,,,,,,,,,,,,,,,,,,,,,,,,,,,,,,,,0.0,
2007-02-16,0.009701530732999994,0.002838682970000006,0.0061786919430000115,0.03954732449999998,,,,,,,,,,,,,,,,,,,,,,,,,,,,,,,,,,,,,,,,,,,,,,,,,,,,,,,,,,,,,,,,0.0,
2007-02-23,0.0005248072420000055,-0.0037611724000000124,0.0010127441839999918,-0.045379843600000136,,,,,,,,,,,,,,,,,,,,,,,,,,,,,,,,,,,,,,,,,,,,,,,,,,,,,,,,,,,,,,,,0.0,
2007-03-02,-0.003148843449999994,-0.004119458029999995,0.0,0.022689921800000068,,,,,,,,,,,,,,,,,,,,,,,,,,,,,,,,,,,,,,,,,,,,,,,,,,,,,,,,,,,,,,,,0.0,
2007-03-09,0.0010496144829999915,0.0024645421700000003,0.001012744183,-0.011344960900000034,,,,,,,,,,,,,,,,,,,,,,,,,,,,,,,,,,,,,,,,,,,,,,,,,,,,,,,,,,,,,,,,0.0,
2007-03-16,0.0,0.001504468960000005,0.0010127441840000057,-0.05672480439999994,,,,,,,,,,,,,,,,,,,,,,,,,,,,,,,,,,,,,,,,,,,,,,,,,,,,,,,,,,,,,,,,0.0,
2007-03-23,0.0019558750260000035,0.0012883639199999797,-0.002138368801999996,0.019982803900000068,,,,,,,,,,,,,,,,,,,,,,,,,,,,,,,,,,,,,,,,,,,,,,,,,,,,,,,,,,,,,,,,0.0,
2007-03-30,0.0006681611819999989,-0.00023523564999999858,0.00922757808699999,-0.0313277648000001,,,,,,,,,,,,,,,,,,,,,,,,,,,,,,,,,,,,,,,,,,,,,,,,,,,,,,,,,,,,,,,,0.0,
2007-04-06,0.009080404974999998,,0.00012758981799999847,0.014024872900000096,,,,,,,,,,,,,,,,,,,,,,,,,,,,,,,,,,,,,,,,,,,,,,,,,,,,,,,,,,,,,,,,0.0,
2007-04-13,0.005089390540000002,,-0.00012758981799999847,-0.002679912000000062,,,,,,,,,,,,,,,,,,,,,,,,,,,,,,,,,,,,,,,,,,,,,,,,,,,,,,,,,,,,,,,,0.0,
2007-04-20,0.002834041149999994,0.004325721430000012,0.0005841221890000026,0.04813121989999991,,,,,,,,,,,,,,,,,,,,,,,,,,,,,,,,,,,,,,,,,,,,,,,,,,,,,,,,,,,,,,,,0.0,
2007-04-27,0.005677578160000002,0.004964205149999984,-0.0025988425760000017,0.15070979800000006,,,,,,,,,,,,,,,,,,,,,,,,,,,,,,,,,,,,,,,,,,,,,,,,,,,,,,,,,,,,,,,,0.0,
2007-05-04,0.006990399840000008,0.012667485670000006,0.009253030955000005,0.20009950529999987,,,,,,,,,,,,,,,,,,,,,,,,,,,,,,,,,,,,,,,,,,,,,,,,,,,,,,,,,,,,,,,,0.0,
2007-05-11,0.022549180860000004,0.02799775539999999,-0.004700121936000001,0.5907722548000001,,,,,,,,,,,,,,,,,,,,,,,,,,,,,,,,,,,,,,,,,,,,,,,,,,,,,,,,,,,,,,,,0.0,
2007-05-18,-0.0024411379400000044,-0.005060119669999974,0.00013242111399999756,0.05290890450000019,,,,,,,,,,,,,,,,,,,,,,,,,,,,,,,,,,,,,,,,,,,,,,,,,,,,,,,,,,,,,,,,0.0,
2007-05-25,-0.0045242602299999934,-0.019820092520000027,-0.00013242111399999756,-0.17185272979999988,,,,,,,,,,,,,,,,,,,,,,,,,,,,,,,,,,,,,,,,,,,,,,,,,,,,,,,,,,,,,,,,0.0,
2007-06-01,-0.010812609830000014,0.005004826690000019,0.005398787862999993,-0.041741813200000255,,,,,,,,,,,,,,,,,,,,,,,,,,,,,,,,,,,,,,,,,,,,,,,,,,,,,,,,,,,,,,,,0.0,
2007-06-08,-0.004963136659999992,0.0,0.008802744107000007,0.0114514537999999,,,,,,,,,,,,,,,,,,,,,,,,,,,,,,,,,,,,,,,,,,,,,,,,,,,,,,,,,,,,,,,,0.0,
2007-06-15,0.005052487079999987,-0.003688575080000006,0.005112350091999993,0.2678226858000001,,,,,,,,,,,,,,,,,,,,,,,,,,,,,,,,,,,,,,,,,,,,,,,,,,,,,,,,,,,,,,,,0.0,
2007-06-22,-0.002846648569999985,0.0005265819299999919,0.00664350972000001,-0.07314797260000017,,,,,,,,,,,,,,,,,,,,,,,,,,,,,,,,,,,,,,,,,,,,,,,,,,,,,,,,,,,,,,,,0.0,
2007-06-29,-0.002013874710000002,0.008182657900000001,-0.005404092790000009,0.14196541120000017,,,,,,,,,,,,,,,,,,,,,,,,,,,,,,,,,,,,,,,,,,,,,,,,,,,,,,,,,,,,,,,,0.0,
2007-07-06,0.003710269569999994,0.004529307410000016,-0.0021561920000000012,-0.09441461290000008,,,,,,,,,,,,,,,,,,,,,,,,,,,,,,,,,,,,,,,,,,,,,,,,,,,,,,,,,,,,,,,,0.0,
2007-07-13,-0.0018580747799999964,-0.000285733130000021,0.0035625668400000032,-0.004412754699999688,,,,,,,,,,,,,,,,,,,,,,,,,,,,,,,,,,,,,,,,,,,,,,,,,,,,,,,,,,,,,,,,0.0,
2007-07-20,0.0004425660199999931,-0.0023790114799999984,-0.006206905710000002,0.0,,,,,,,,,,,,,,,,,,,,,,,,,,,,,,,,,,,,,,,,,,,,,,,,,,,,,,,,,,,,,,,,0.0,
2007-07-27,-0.004504089579999995,0.0018704820500000108,-0.00015713685399999788,-0.2567293987000001,,,,,,,,,,,,,,,,,,,,,,,,,,,,,,,,,,,,,,,,,,,,,,,,,,,,,,,,,,,,,,,,0.0,
2007-08-03,0.001486913330000006,-0.006354100519999989,-0.0009285790350000017,-0.003495489000000074,,,,,,,,,,,,,,,,,,,,,,,,,,,,,,,,,,,,,,,,,,,,,,,,,,,,,,,,,,,,,,,,0.0,
2007-08-10,-0.002957464960000003,-0.0034464198100000176,-0.00015566525400000086,-0.015481110600000125,,,,,,,,,,,,,,,,,,,,,,,,,,,,,,,,,,,,,,,,,,,,,,,,,,,,,,,,,,,,,,,,0.0,
2007-08-17,-0.012221657829999996,-0.003970070120000002,-0.00015517264299999556,-0.25351707999999995,,,,,,,,,,,,,,,,,,,,,,,,,,,,,,,,,,,,,,,,,,,,,,,,,,,,,,,,,,,,,,,,0.0,
2007-08-24,-0.0017730918800000078,0.000534556699999994,-0.004957667728999998,0.020163071199999827,,,,,,,,,,,,,,,,,,,,,,,,,,,,,,,,,,,,,,,,,,,,,,,,,,,,,,,,,,,,,,,,0.0,
2007-08-31,-0.001104664379999995,0.0,0.007436501585000005,-0.011469573099999852,,,,,,,,,,,,,,,,,,,,,,,,,,,,,,,,,,,,,,,,,,,,,,,,,,,,,,,,,,,,,,,,0.0,
2007-09-07,-0.004639590395000004,-0.0015834981499999734,,-0.19498274289999973,,,,,,,,,,,,,,,,,,,,,,,,,,,,,,,,,,,,,,,,,,,,,,,,,,,,,,,,,,,,,,,,0.0,
2007-09-14,0.0005136337570000038,-0.005325395050000015,,-0.10227644810000025,,,,,,,,,,,,,,,,,,,,,,,,,,,,,,,,,,,,,,,,,,,,,,,,,,,,,,,,,,,,,,,,0.0,
2007-09-21,0.006338837377999992,-0.0016806932300000021,,0.18208402430000015,,,,,,,,,,,,,,,,,,,,,,,,,,,,,,,,,,,,,,,,,,,,,,,,,,,,,,,,,,,,,,,,0.0,
2007-09-28,0.0066889926200000005,0.009658961800000004,,0.12679369529999995,,,,,,,,,,,,,,,,,,,,,,,,,,,,,,,,,,,,,,,,,,,,,,,,,,,,,,,,,,,,,,,,0.0,
2007-10-05,0.007049480310000009,0.009466165659999998,,0.02431946709999977,,,,,,,,,,,,,,,,,,,,,,,,,,,,,,,,,,,,,,,,,,,,,,,,,,,,,,,,,,,,,,,,0.0,
2007-10-12,0.005817899069999993,0.00333590277000001,0.005222076669999992,-0.02416256739999989,,,,,,,,,,,,,,,,,,,,,,,,,,,,,,,,,,,,,,,,,,,,,,,,,,,,,,,,,,,,,,,,0.0,
2007-10-19,-0.000993488409999993,0.0027263524299999953,0.0035478892999999956,-0.1399983967999998,,,,,,,,,,,,,,,,,,,,,,,,,,,,,,,,,,,,,,,,,,,,,,,,,,,,,,,,,,,,,,,,0.0,
2007-10-26,-0.0025513710199999984,-0.0033248200400000094,0.0005204727600000014,0.024082292999999755,,,,,,,,,,,,,,,,,,,,,,,,,,,,,,,,,,,,,,,,,,,,,,,,,,,,,,,,,,,,,,,,0.0,
2007-11-02,0.00022534912999999657,-0.002146121289999997,-0.0037103267000000023,-0.14316480219999983,,,,,,,,,,,,,,,,,,,,,,,,,,,,,,,,,,,,,,,,,,,,,,,,,,,,,,,,,,,,,,,,0.0,
2007-11-09,-0.010273748200000002,0.0,,-0.19394702890000004,,,,,,,,,,,,,,,,,,,,,,,,,,,,,,,,,,,,,,,,,,,,,,,,,,,,,,,,,,,,,,,,0.0,
2007-11-16,-0.0013506805900000002,-0.0015061768399999842,,-0.1119485563,,,,,,,,,,,,,,,,,,,,,,,,,,,,,,,,,,,,,,,,,,,,,,,,,,,,,,,,,,,,,,,,0.0,
2007-11-23,-0.002438344290000005,-0.0048089141700000115,0.006335468003,0.034560586500000046,,,,,,,,,,,,,,,,,,,,,,,,,,,,,,,,,,,,,,,,,,,,,,,,,,,,,,,,,,,,,,,,0.0,
2007-11-30,0.00016986357999999868,0.004641561190000004,-0.0006372911700000122,-0.06807230190000002,,,,,,,,,,,,,,,,,,,,,,,,,,,,,,,,,,,,,,,,,,,,,,,,,,,,,,,,,,,,,,,,0.0,
2007-12-07,0.0018828414400000049,0.003947957919999995,-0.005959978805999994,0.005613399799999863,,,,,,,,,,,,,,,,,,,,,,,,,,,,,,,,,,,,,,,,,,,,,,,,,,,,,,,,,,,,,,,,0.0,
2007-12-14,-0.0017388795999999929,0.0012139769600000017,-0.003969483959,-0.02539304819999999,,,,,,,,,,,,,,,,,,,,,,,,,,,,,,,,,,,,,,,,,,,,,,,,,,,,,,,,,,,,,,,,0.0,
2007-12-21,0.00010840065999999371,-0.003978630970000008,0.010233338554999999,-0.06658228619999984,,,,,,,,,,,,,,,,,,,,,,,,,,,,,,,,,,,,,,,,,,,,,,,,,,,,,,,,,,,,,,,,0.0,
2007-12-28,0.0033115805499999984,0.000597648430000014,0.0016751133200000046,0.07882683049999994,,,,,,,,,,,,,,,,,,,,,,,,,,,,,,,,,,,,,,,,,,,,,,,,,,,,,,,,,,,,,,,,0.0,
2008-01-04,-0.00018693855000000148,0.006451233959999997,-0.00017850406000000096,-0.05170377550000005,,,,,,,,,,,,,,,,,,,,,,,,,,,,,,,,,,,,,,,,,,,,,,,,,,,,,,,,,,,,,,,,0.0,
2008-01-11,-0.0008399382799999938,0.0015642246400000004,-0.002600134710000007,-0.09722986499999986,,,,,,,,,,,,,,,,,,,,,,,,,,,,,,,,,,,,,,,,,,,,,,,,,,,,,,,,,,,,,,,,0.0,
2008-01-18,-0.004155642200000004,-0.006807964840000014,-0.0031620855199999964,-0.16026192630000002,,,,,,,,,,,,,,,,,,,,,,,,,,,,,,,,,,,,,,,,,,,,,,,,,,,,,,,,,,,,,,,,0.0,
2008-01-25,-0.008574684427999996,-0.00775829167,0.0,0.11595743469999986,,,,,,,,,,,,,,,,,,,,,,,,,,,,,,,,,,,,,,,,,,,,,,,,,,,,,,,,,,,,,,,,0.0,
2008-02-01,0.0031495163779999974,0.008674748480000022,0.0018513641700000083,0.13881793530000008,,,,,,,,,,,,,,,,,,,,,,,,,,,,,,,,,,,,,,,,,,,,,,,,,,,,,,,,,,,,,,,,0.0,
2008-02-08,0.004895877999999992,0.0014089143099999812,-0.0006476029500000063,0.11090105500000003,,,,,,,,,,,,,,,,,,,,,,,,,,,,,,,,,,,,,,,,,,,,,,,,,,,,,,,,,,,,,,,,0.0,
2008-02-15,0.005154915590000003,0.002266459329999998,0.0005248232299999989,0.2163003778999999,,,,,,,,,,,,,,,,,,,,,,,,,,,,,,,,,,,,,,,,,,,,,,,,,,,,,,,,,,,,,,,,0.0,
2008-02-22,0.004449820450000003,-0.0012641441899999828,-0.0032347982380000057,0.1312463558999999,,,,,,,,,,,,,,,,,,,,,,,,,,,,,,,,,,,,,,,,,,,,,,,,,,,,,,,,,,,,,,,,0.0,
2008-02-29,0.0012078683199999996,0.002707609899999991,0.010010849288000001,-0.06270562459999995,,,,,,,,,,,,,,,,,,,,,,,,,,,,,,,,,,,,,,,,,,,,,,,,,,,,,,,,,,,,,,,,0.0,
2008-03-07,0.002164380940000002,0.00466207817,,0.009803273700000226,,,,,,,,,,,,,,,,,,,,,,,,,,,,,,,,,,,,,,,,,,,,,,,,,,,,,,,,,,,,,,,,0.0,
2008-03-14,0.006871253359999996,0.003932429679999988,,0.03613590079999973,,,,,,,,,,,,,,,,,,,,,,,,,,,,,,,,,,,,,,,,,,,,,,,,,,,,,,,,,,,,,,,,0.0,
2008-03-21,-0.00045650472000000053,-0.003102263549999984,,-0.041148690700000046,,,,,,,,,,,,,,,,,,,,,,,,,,,,,,,,,,,,,,,,,,,,,,,,,,,,,,,,,,,,,,,,0.0,
2008-03-28,0.01599015089,-0.0014465156000000035,0.008918010359999992,-0.006673949399999657,,,,,,,,,,,,,,,,,,,,,,,,,,,,,,,,,,,,,,,,,,,,,,,,,,,,,,,,,,,,,,,,0.0,
2008-04-04,0.00362997122,0.010437424720000005,0.0060621360100000105,0.11623994539999982,,,,,,,,,,,,,,,,,,,,,,,,,,,,,,,,,,,,,,,,,,,,,,,,,,,,,,,,,,,,,,,,0.0,
2008-04-11,-0.003232166149999993,0.0,,-0.0804076546000001,,,,,,,,,,,,,,,,,,,,,,,,,,,,,,,,,,,,,,,,,,,,,,,,,,,,,,,,,,,,,,,,0.0,
2008-04-18,-0.005006140629999989,-0.0013184991900000165,,-0.008474665200000064,,,,,,,,,,,,,,,,,,,,,,,,,,,,,,,,,,,,,,,,,,,,,,,,,,,,,,,,,,,,,,,,0.0,
2008-04-25,-0.0020440575600000066,-0.006007952619999979,-0.0029893200100000045,-0.1939731312999997,,,,,,,,,,,,,,,,,,,,,,,,,,,,,,,,,,,,,,,,,,,,,,,,,,,,,,,,,,,,,,,,0.0,
2008-05-02,-0.0011823848999999997,-0.0013610005300000172,0.0027352701499999965,-0.03883269750000018,,,,,,,,,,,,,,,,,,,,,,,,,,,,,,,,,,,,,,,,,,,,,,,,,,,,,,,,,,,,,,,,0.0,
2008-05-09,0.003482660989999997,0.004514773140000011,-0.0009422940299999988,0.07250184000000015,,,,,,,,,,,,,,,,,,,,,,,,,,,,,,,,,,,,,,,,,,,,,,,,,,,,,,,,,,,,,,,,0.0,
2008-05-16,-0.0004726516000000125,0.0003353378400000051,,0.04039748539999999,,,,,,,,,,,,,,,,,,,,,,,,,,,,,,,,,,,,,,,,,,,,,,,,,,,,,,,,,,,,,,,,0.0,
2008-05-23,-0.0003824873799999906,-0.0031218356600000163,,-0.020920126400000072,,,,,,,,,,,,,,,,,,,,,,,,,,,,,,,,,,,,,,,,,,,,,,,,,,,,,,,,,,,,,,,,0.0,
2008-05-30,-0.001387775710000011,-0.0019838011299999903,-0.0015004447100000068,-0.03967610180000003,,,,,,,,,,,,,,,,,,,,,,,,,,,,,,,,,,,,,,,,,,,,,,,,,,,,,,,,,,,,,,,,0.0,
2008-06-06,0.008368007650000009,0.0023974753899999868,-0.004972721669999999,-0.006589150900000007,,,,,,,,,,,,,,,,,,,,,,,,,,,,,,,,,,,,,,,,,,,,,,,,,,,,,,,,,,,,,,,,0.0,
2008-06-13,-0.0030754423000000086,-0.006647143519999982,0.003973077089999999,-0.08727421940000002,,,,,,,,,,,,,,,,,,,,,,,,,,,,,,,,,,,,,,,,,,,,,,,,,,,,,,,,,,,,,,,,0.0,
2008-06-20,-0.002411061379999996,-0.0011396978100000066,,0.011431286800000162,,,,,,,,,,,,,,,,,,,,,,,,,,,,,,,,,,,,,,,,,,,,,,,,,,,,,,,,,,,,,,,,0.0,
2008-06-27,-0.004284917459999982,-0.0031127135100000036,,-0.1232958515,,,,,,,,,,,,,,,,,,,,,,,,,,,,,,,,,,,,,,,,,,,,,,,,,,,,,,,,,,,,,,,,0.0,
2008-07-04,-0.004799429930000015,0.0036086920099999975,-0.0005550343199999946,-0.038573987899999995,,,,,,,,,,,,,,,,,,,,,,,,,,,,,,,,,,,,,,,,,,,,,,,,,,,,,,,,,,,,,,,,0.0,
2008-07-11,-0.000673962499999986,-0.012479492650000007,,-0.07085576490000012,,,,,,,,,,,,,,,,,,,,,,,,,,,,,,,,,,,,,,,,,,,,,,,,,,,,,,,,,,,,,,,,0.0,
2008-07-18,-0.0003189664000000092,-0.0003054976499999862,,-0.044684460100000045,,,,,,,,,,,,,,,,,,,,,,,,,,,,,,,,,,,,,,,,,,,,,,,,,,,,,,,,,,,,,,,,0.0,
2008-07-25,-0.008196240049999998,-0.001511437569999996,-0.0007384933700000096,-0.1427681313,,,,,,,,,,,,,,,,,,,,,,,,,,,,,,,,,,,,,,,,,,,,,,,,,,,,,,,,,,,,,,,,0.0,
2008-08-01,-0.002698626450000005,-0.00017959558999999792,,0.011541009400000135,,,,,,,,,,,,,,,,,,,,,,,,,,,,,,,,,,,,,,,,,,,,,,,,,,,,,,,,,,,,,,,,0.0,
2008-08-08,0.0001389352399999988,0.0031053338200000002,,-0.04124351700000006,,,,,,,,,,,,,,,,,,,,,,,,,,,,,,,,,,,,,,,,,,,,,,,,,,,,,,,,,,,,,,,,0.0,
2008-08-15,-0.004231469830000001,-0.009693402930000011,,-0.13068259990000008,,,,,,,,,,,,,,,,,,,,,,,,,,,,,,,,,,,,,,,,,,,,,,,,,,,,,,,,,,,,,,,,0.0,
2008-08-22,0.0012644529899999979,-0.0029794562999999885,,-0.039317219299999984,,,,,,,,,,,,,,,,,,,,,,,,,,,,,,,,,,,,,,,,,,,,,,,,,,,,,,,,,,,,,,,,0.0,
2008-08-29,-0.001157108059999995,-0.001652023330000002,-0.0020325034180000007,0.06406450710000011,,,,,,,,,,,,,,,,,,,,,,,,,,,,,,,,,,,,,,,,,,,,,,,,,,,,,,,,,,,,,,,,0.0,
2008-09-05,-0.0019418292599999998,-0.0031819357900000067,-0.00033299739699999,-0.056083682000000135,,,,,,,,,,,,,,,,,,,,,,,,,,,,,,,,,,,,,,,,,,,,,,,,,,,,,,,,,,,,,,,,0.0,
2008-09-12,-0.0019809838500000065,-0.00589389299000001,,-0.10738374789999994,,,,,,,,,,,,,,,,,,,,,,,,,,,,,,,,,,,,,,,,,,,,,,,,,,,,,,,,,,,,,,,,0.0,
2008-09-19,-0.011111468984999998,-0.028153472149999983,,-0.0489972837999999,,,,,,,,,,,,,,,,,,,,,,,,,,,,,,,,,,,,,,,,,,,,,,,,,,,,,,,,,,,,,,,,0.0,
2008-09-26,-0.004687421385999993,0.0017371104699999973,,0.0062552411999998725,,,,,,,,,,,,,,,,,,,,,,,,,,,,,,,,,,,,,,,,,,,,,,,,,,,,,,,,,,,,,,,,0.0,
2008-10-03,-0.00601283019200001,5.790367999999879e-05,,-0.03596134004999996,,,,,,,,,,,,,,,,,,,,,,,,,,,,,,,,,,,,,,,,,,,,,,,,,,,,,,,,,,,,,,,,0.0,
2008-10-10,-0.02458352162099999,-0.006379086680000007,,-0.24480043767999993,,,,,,,,,,,,,,,,,,,,,,,,,,,,,,,,,,,,,,,,,,,,,,,,,,,,,,,,,,,,,,,,0.0,
2008-10-17,0.012490048154999996,-0.0006414047100000014,,-0.002598614220000073,,,,,,,,,,,,,,,,,,,,,,,,,,,,,,,,,,,,,,,,,,,,,,,,,,,,,,,,,,,,,,,,0.0,
2008-10-24,0.00029504395500000447,-0.005750924649999989,,-0.18618626719999998,,,,,,,,,,,,,,,,,,,,,,,,,,,,,,,,,,,,,,,,,,,,,,,,,,,,,,,,,,,,,,,,0.0,
2008-10-31,0.004901433673,0.0003619801499999964,,0.07562893298999995,,,,,,,,,,,,,,,,,,,,,,,,,,,,,,,,,,,,,,,,,,,,,,,,,,,,,,,,,,,,,,,,0.0,
2008-11-07,0.003614493139999994,0.008906168810000004,,0.07591259640000003,,,,,,,,,,,,,,,,,,,,,,,,,,,,,,,,,,,,,,,,,,,,,,,,,,,,,,,,,,,,,,,,0.0,
2008-11-14,-0.0025822487759999957,0.007788139569999991,,-0.03208659934000002,,,,,,,,,,,,,,,,,,,,,,,,,,,,,,,,,,,,,,,,,,,,,,,,,,,,,,,,,,,,,,,,0.0,
2008-11-21,-0.0030867113020000003,0.0,,-0.009556394400000001,,,,,,,,,,,,,,,,,,,,,,,,,,,,,,,,,,,,,,,,,,,,,,,,,,,,,,,,,,,,,,,,0.0,
2008-11-28,0.0041206097480000065,0.03357014150000001,,0.023666766399999983,,,,,,,,,,,,,,,,,,,,,,,,,,,,,,,,,,,,,,,,,,,,,,,,,,,,,,,,,,,,,,,,0.0,
2008-12-05,0.0002817489949999974,-0.023079911060000013,,0.014993548830000036,,,,,,,,,,,,,,,,,,,,,,,,,,,,,,,,,,,,,,,,,,,,,,,,,,,,,,,,,,,,,,,,0.0,
2008-12-12,-0.002087325266000001,0.0029168476599999993,,0.03062354420000002,,,,,,,,,,,,,,,,,,,,,,,,,,,,,,,,,,,,,,,,,,,,,,,,,,,,,,,,,,,,,,,,0.0,
2008-12-19,0.00012840519500000036,0.0031508865900000127,,-0.01678930357999997,,,,,,,,,,,,,,,,,,,,,,,,,,,,,,,,,,,,,,,,,,,,,,,,,,,,,,,,,,,,,,,,0.0,
2008-12-26,0.0,-0.004959208280000016,,0.053652942819999994,,,,,,,,,,,,,,,,,,,,,,,,,,,,,,,,,,,,,,,,,,,,,,,,,,,,,,,,,,,,,,,,0.0,
2009-01-02,,,,0.07752117803000003,,,,,,,,,,,,,,,,,,,,,,,,,,,,,,,,,,,,,,,,,,,,,,,,,,,,,,,,,,,,,,,,0.0,
2009-01-09,,,,-0.06454852480000006,,,,,,,,,,,,,,,,,,,,,,,,,,,,,,,,,,,,,,,,,,,,,,,,,,,,,,,,,,,,,,,,0.0,
2009-01-16,-0.0032168509820000024,-0.0012737619900000108,0.0,-0.060540547410000034,,,,,,,,,,,,,,,,,,,,,,,,,,,,,,,,,,,,,,,,,,,,,,,,,,,,,,,,,,,,,,,,0.0,
2009-01-23,-7.239551700000124e-05,-0.002047785619999992,-0.0002989811820000021,-0.0029045345599999495,,,,,,,,,,,,,,,,,,,,,,,,,,,,,,,,,,,,,,,,,,,,,,,,,,,,,,,,,,,,,,,,0.0,
2009-01-30,0.0,0.00382739797999998,,0.0,,,,,,,,,,,,,,,,,,,,,,,,,,,,,,,,,,,,,,,,,,,,,,,,,,,,,,,,,,,,,,,,0.0,
2009-02-06,-0.0013361203460000026,-0.003960293739999982,,-0.01747530048000001,,,,,,,,,,,,,,,,,,,,,,,,,,,,,,,,,,,,,,,,,,,,,,,,,,,,,,,,,,,,,,,,0.0,
2009-02-13,-0.0009091479159999971,0.0019841915299999846,,-0.041627606579999976,,,,,,,,,,,,,,,,,,,,,,,,,,,,,,,,,,,,,,,,,,,,,,,,,,,,,,,,,,,,,,,,0.0,
2009-02-20,0.00036432963400000185,-0.0004048953699999913,,-0.04232703168000007,,,,,,,,,,,,,,,,,,,,,,,,,,,,,,,,,,,,,,,,,,,,,,,,,,,,,,,,,,,,,,,,0.0,
2009-02-27,0.0010368674189999982,-0.00021701172999999407,,-0.023141955849999896,,,,,,,,,,,,,,,,,,,,,,,,,,,,,,,,,,,,,,,,,,,,,,,,,,,,,,,,,,,,,,,,0.0,
2009-03-06,0.0008275618840000026,-0.0012501897400000184,,-0.023141955850000007,,,,,,,,,,,,,,,,,,,,,,,,,,,,,,,,,,,,,,,,,,,,,,,,,,,,,,,,,,,,,,,,0.0,
2009-03-13,0.0011055018120000037,0.00174493554000002,,0.04399154814999995,,,,,,,,,,,,,,,,,,,,,,,,,,,,,,,,,,,,,,,,,,,,,,,,,,,,,,,,,,,,,,,,0.0,
2009-03-20,0.009056881824999988,0.010236484229999981,,0.012396701599999949,,,,,,,,,,,,,,,,,,,,,,,,,,,,,,,,,,,,,,,,,,,,,,,,,,,,,,,,,,,,,,,,0.0,
2009-03-27,0.005930727486000001,0.004525928680000013,,0.17628822009,,,,,,,,,,,,,,,,,,,,,,,,,,,,,,,,,,,,,,,,,,,,,,,,,,,,,,,,,,,,,,,,0.0,
2009-04-03,0.012255940578000002,0.0009982618899999907,,0.11033626999000001,,,,,,,,,,,,,,,,,,,,,,,,,,,,,,,,,,,,,,,,,,,,,,,,,,,,,,,,,,,,,,,,0.0,
2009-04-10,0.0022161004300000064,0.008722406170000002,,0.043170514699999996,,,,,,,,,,,,,,,,,,,,,,,,,,,,,,,,,,,,,,,,,,,,,,,,,,,,,,,,,,,,,,,,0.0,
2009-04-17,0.0011294037099999904,0.019539965140000004,,0.004900772090000061,,,,,,,,,,,,,,,,,,,,,,,,,,,,,,,,,,,,,,,,,,,,,,,,,,,,,,,,,,,,,,,,0.0,
2009-04-24,-0.0009378731499999904,0.001412148420000009,,-0.01824140460000001,,,,,,,,,,,,,,,,,,,,,,,,,,,,,,,,,,,,,,,,,,,,,,,,,,,,,,,,,,,,,,,,0.0,
2009-05-01,0.003232820319999996,0.01179827223999999,,0.02838045313000004,,,,,,,,,,,,,,,,,,,,,,,,,,,,,,,,,,,,,,,,,,,,,,,,,,,,,,,,,,,,,,,,0.0,
2009-05-08,0.004320396710000007,0.005620798499999996,,0.18993622585999992,,,,,,,,,,,,,,,,,,,,,,,,,,,,,,,,,,,,,,,,,,,,,,,,,,,,,,,,,,,,,,,,0.0,
2009-05-15,0.0012094450799999962,0.01913995061000001,,0.027464351200000126,,,,,,,,,,,,,,,,,,,,,,,,,,,,,,,,,,,,,,,,,,,,,,,,,,,,,,,,,,,,,,,,0.0,
2009-05-22,0.0031412692799999975,0.00559076746999998,,-0.0039265237000001285,,,,,,,,,,,,,,,,,,,,,,,,,,,,,,,,,,,,,,,,,,,,,,,,,,,,,,,,,,,,,,,,0.0,
2009-05-29,0.01517303192000001,-0.0036367542799999875,,0.15823517890000005,,,,,,,,,,,,,,,,,,,,,,,,,,,,,,,,,,,,,,,,,,,,,,,,,,,,,,,,,,,,,,,,0.0,
2009-06-05,0.005843178970000001,0.0035186480999999936,,0.02234867880000002,,,,,,,,,,,,,,,,,,,,,,,,,,,,,,,,,,,,,,,,,,,,,,,,,,,,,,,,,,,,,,,,0.0,
2009-06-12,-0.003865085660000017,0.0074907949300000165,,-0.011129597300000071,,,,,,,,,,,,,,,,,,,,,,,,,,,,,,,,,,,,,,,,,,,,,,,,,,,,,,,,,,,,,,,,0.0,
2009-06-19,-0.004515463619999993,-0.004348912690000012,,-0.06969205429999992,,,,,,,,,,,,,,,,,,,,,,,,,,,,,,,,,,,,,,,,,,,,,,,,,,,,,,,,,,,,,,,,0.0,
2009-06-26,-0.0018855651100000148,0.00303820313,,0.0020002002999999213,,,,,,,,,,,,,,,,,,,,,,,,,,,,,,,,,,,,,,,,,,,,,,,,,,,,,,,,,,,,,,,,0.0,
2009-07-03,0.0024339230600000095,0.007909743190000013,,0.01285545950000011,,,,,,,,,,,,,,,,,,,,,,,,,,,,,,,,,,,,,,,,,,,,,,,,,,,,,,,,,,,,,,,,0.0,
2009-07-10,-0.00275906271000001,-0.007874665690000004,,-0.028453424200000077,,,,,,,,,,,,,,,,,,,,,,,,,,,,,,,,,,,,,,,,,,,,,,,,,,,,,,,,,,,,,,,,0.0,
2009-07-17,0.002802840460000011,0.009168163970000004,,0.002921554600000098,,,,,,,,,,,,,,,,,,,,,,,,,,,,,,,,,,,,,,,,,,,,,,,,,,,,,,,,,,,,,,,,0.0,
2009-07-24,0.015999027530000015,0.033723790789999986,,0.19693944269999997,,,,,,,,,,,,,,,,,,,,,,,,,,,,,,,,,,,,,,,,,,,,,,,,,,,,,,,,,,,,,,,,0.0,
2009-07-31,0.0025195538599999956,0.0,,0.052134636899999975,,,,,,,,,,,,,,,2.0,6.543,2.654390881048704,6.543,,4.543,,,,,,,,,,,,,,,,,,,,,,,,,,,,,,,,,,,,,,,,,,,,0.0,
2009-08-07,0.01495568056999999,0.009478641499999996,,0.016054647000000033,-0.16000000000000014,,,,,,,,,,,,,,1.25,6.383,1.8565016800739884,6.383,-0.16000000000000014,5.133,,,,,,,,,,,,,,,,,,,,,,,,,,,,,,,,,,,,,,,,,,,,0.0,
2009-08-14,-0.0030035112200000047,0.003784532190000023,0.0003822524300000074,0.0029849714999998778,0.2569999999999997,,,,,,,,,,,,,,1.25,6.64,1.8565016800739884,6.64,0.2569999999999997,5.39,-0.16000000000000014,,,,,,,,,,,,,,,,,,,,,,,,,,,,,,,,,,,,,,,,,,,0.0,
2009-08-21,0.003993655779999994,-0.002591774600000041,-0.0015135129800000063,0.022381362700000018,-0.22199999999999953,,,,,,,,,,,,,,1.25,6.418,1.8565016800739884,6.418,-0.22199999999999953,5.168,0.2569999999999997,,,,,,,,,,,,,,,,,,,,,,,,,,,,,,,,,,,,,,,,,,,0.0,
2009-08-28,0.005729400940000018,0.0017057995800000003,-0.00014641881999999384,0.0453261813000001,-0.025000000000000355,,,,,,,,,,,,,,1.25,6.393,1.8565016800739884,6.393,-0.025000000000000355,5.143,-0.22199999999999953,,,,,,,,,,,,,,,,,,,,,,,,,,,,,,,,,,,,,,,,,,,0.0,
2009-09-04,0.000702793079999986,-0.003581444339999962,0.0002992272000000018,-0.006189439400000163,-0.0009999999999994458,,,,,,,,,,,,,,1.25,6.392,1.2021138140682048,6.392,-0.0009999999999994458,5.142,-0.025000000000000355,,,,,,,,,,,,,,,,,,,,,,,,,,,,,,,,,,,,,,,,,,,0.0,
2009-09-11,0.0006553980600000064,-0.006608902269999994,,0.07357367600000009,-0.2160000000000002,,,,,,,,,,,,,,1.25,6.176,1.2021138140682048,6.176,-0.2160000000000002,4.926,-0.0009999999999994458,,,,,,,,,,,,,,,,,,,,,,,,,,,,,,,,,,,,,,,,,,,0.0,
2009-09-18,0.024408334030000006,0.010255788900000007,,0.0802077188000001,-0.18700000000000028,,,,,,,,,,,,,,1.25,5.989,1.2021138140682048,5.989,-0.18700000000000028,4.739,-0.2160000000000002,,,,,,,,,,,,,,,,,,,,,,,,,,,,,,,,,,,,,,,,,,,0.0,
2009-09-25,0.011705117299999984,0.0011022234099999917,,0.1008247967,0.02200000000000024,,,,,,,,,,,,,,1.25,6.011,1.2021138140682048,6.011,0.02200000000000024,4.761,-0.18700000000000028,,,,,,,,,,,,,,,,,,,,,,,,,,,,,,,,,,,,,,,,,,,0.0,
2009-10-02,0.006335816230000013,-0.0017289573900000077,-0.001034906363999999,0.06372486099999985,-0.18299999999999983,,,,,,,,,,,,,,1.25,5.828,0.7116111391515988,5.828,-0.18299999999999983,4.578,0.02200000000000024,,,,,,,,,,,,,,,,,,,,,,,,,,,,,,,,,,,,,,,,,,,0.0,
2009-10-09,0.01808768444,0.0075345524400000086,0.0021191527189999976,0.035836760500000064,-0.2370000000000001,,,,,,,,,,,,,,1.25,5.591,0.7116111391515988,5.591,-0.2370000000000001,4.341,-0.18299999999999983,,,,,,,,,,,,,,,,,,,,,,,,,,,,,,,,,,,,,,,,,,,0.0,
2009-10-16,-0.00441327829999999,-0.00295080298,0.018509568202000004,0.06558614949999986,0.18900000000000006,,,,,,,,,,,,,,1.25,5.78,0.7116111391515988,5.78,0.18900000000000006,4.53,-0.2370000000000001,,,,,,,,,,,,,,,,,,,,,,,,,,,,,,,,,,,,,,,,,,,0.0,
2009-10-23,0.003940871049999989,0.0005166214199999741,0.004812624349999989,-0.003307693500000042,0.1459999999999999,,,,,,,,,,,,,,1.25,5.926,0.7116111391515988,5.926,0.1459999999999999,4.676,0.18900000000000006,,,,,,,,,,,,,,,,,,,,,,,,,,,,,,,,,,,,,,,,,,,0.0,
2009-10-30,-0.018064893989999997,-0.01217980678999997,-0.006010445439999998,-0.048097538699999776,-0.012000000000000455,,,,,,,,,,,,,,1.25,5.914,0.7116111391515988,5.914,-0.012000000000000455,4.664,0.1459999999999999,,,,,,,,,,,,,,,,,,,,,,,,,,,,,,,,,,,,,,,,,,,0.0,
2009-11-06,-0.006103502590000004,-0.022347892670000036,-0.0051543987900000005,-0.013497728299999956,-0.04699999999999971,,,,,,,,,,,,,,1.25,5.867,0.2905201086875648,5.867,-0.04699999999999971,4.617,-0.012000000000000455,,,,,,,,,,,,,,,,,,,,,,,,,,,,,,,,,,,,,,,,,,,0.0,
2009-11-13,0.0014633772500000086,-0.0017734265699999585,-0.010622300219999992,0.006796058999999799,-0.13600000000000012,,,,,,,,,,,,,,1.25,5.731,0.2905201086875648,5.731,-0.13600000000000012,4.481,-0.04699999999999971,,,,,,,,,,,,,,,,,,,,,,,,,,,,,,,,,,,,,,,,,,,0.0,
2009-11-20,-0.0016092050900000099,0.002352352439999983,0.0022790235799999975,-0.04065795559999996,-0.06799999999999962,,,,,,,,,,,,,,1.25,5.663,0.2905201086875648,5.663,-0.06799999999999962,4.413,-0.13600000000000012,,,,,,,,,,,,,,,,,,,,,,,,,,,,,,,,,,,,,,,,,,,0.0,
2009-11-27,-0.006480832110000001,-0.0009028083700000078,-0.002627207731999995,-0.04037560880000002,0.020999999999999908,,,,,,,,,,,,,,1.25,5.684,0.2905201086875648,5.684,0.020999999999999908,4.434,-0.06799999999999962,,,,,,,,,,,,,,,,,,,,,,,,,,,,,,,,,,,,,,,,,,,0.0,
2009-12-04,-0.0006596543200000082,-0.00577394991000002,5.060969999999554e-05,0.02551033040000017,0.06599999999999984,,,,,,,,,,,,,,1.25,5.75,0.2474032185063368,5.75,0.06599999999999984,4.5,0.020999999999999908,,,,,,,,,,,,,,,,,,,,,,,,,,,,,,,,,,,,,,,,,,,0.0,
2009-12-11,0.008890420480000022,0.00635174726000004,-0.008590617507999998,-0.012224239000000026,0.1120000000000001,,,,,,,,,,,,,,1.25,5.862,0.2474032185063368,5.862,0.1120000000000001,4.612,0.06599999999999984,,,,,,,,,,,,,,,,,,,,,,,,,,,,,,,,,,,,,,,,,,,0.0,
2009-12-18,0.0074942827499999976,-0.00012717822000002377,,0.004838423399999847,0.06799999999999962,,,,,,,,,,,,,,1.25,5.93,0.2474032185063368,5.93,0.06799999999999962,4.68,0.1120000000000001,,,,,,,,,,,,,,,,,,,,,,,,,,,,,,,,,,,,,,,,,,,0.0,
2009-12-25,-0.005209769650000001,0.00032444578000001556,,0.04610730070000013,0.06899999999999995,,,,,,,,,,,,,,1.25,5.999,0.2474032185063368,5.999,0.06899999999999995,4.749,0.06799999999999962,,,,,,,,,,,,,,,,,,,,,,,,,,,,,,,,,,,,,,,,,,,0.0,
2010-01-01,-0.004202078080000005,0.0020090896999999663,,0.038975510900000065,-0.02400000000000002,,,,,,,,,,,,,,1.25,5.975,0.4375404898003378,5.975,-0.02400000000000002,4.725,0.06899999999999995,,,,,,,,,,,,,,,,,,,,,,,,,,,,,,,,,,,,,,,,,,,0.0,
2010-01-08,0.00981132979999999,0.0032161949100000253,0.00035170772999999766,0.0871049588999997,-0.08399999999999963,,,,,,,,,,,,,,1.25,5.891,0.4375404898003378,5.891,-0.08399999999999963,4.641,-0.02400000000000002,,,,,,,,,,,,,,,,,,,,,,,,,,,,,,,,,,,,,,,,,,,0.0,
2010-01-15,0.004832927340000015,0.0006545835799999788,,-0.03819146699999987,0.1280000000000001,,,,,,,,,,,,,,1.25,6.019,0.4375404898003378,6.019,0.1280000000000001,4.769,-0.08399999999999963,,,,,,,,,,,,,,,,,,,,,,,,,,,,,,,,,,,,,,,,,,,0.0,
2010-01-22,-0.015583993130000001,-0.00032729178999996167,,0.024415259199999984,0.0940000000000003,,,,,,,,,,,,,,1.25,6.113,0.4375404898003378,6.113,0.0940000000000003,4.863,0.1280000000000001,,,,,,,,,,,,,,,,,,,,,,,,,,,,,,,,,,,,,,,,,,,0.0,
2010-01-29,-0.009348752860000004,0.0,0.0,-0.034099523999999715,0.22599999999999998,,,,,,,,,,,,,,1.25,6.339,0.4375404898003378,6.339,0.22599999999999998,5.089,0.0940000000000003,,,,,,,,,,,,,,,,,,,,,,,,,,,,,,,,,,,,,,,,,,,0.0,
2010-02-05,-0.008846175680000012,-0.010712512120000017,-0.005737541820000011,-0.0681990481000001,0.18599999999999994,,,,,,,,,,,,,,1.25,6.525,0.834835278874257,6.525,0.18599999999999994,5.275,0.22599999999999998,,,,,,,,,,,,,,,,,,,,,,,,,,,,,,,,,,,,,,,,,,,0.0,
2010-02-12,0.0018346110300000162,-0.0027064513500000276,-0.000353079499999992,-0.006819904800000165,-0.4630000000000001,,,,,,,,,,,,,,1.25,6.062,0.834835278874257,6.062,-0.4630000000000001,4.812,0.18599999999999994,,,,,,,,,,,,,,,,,,,,,,,,,,,,,,,,,,,,,,,,,,,0.0,
2010-02-19,0.003505782319999984,-0.006545835839999986,-0.0030894455889999978,-0.013503411499999896,0.0129999999999999,,,,,,,,,,,,,,1.25,6.075,0.834835278874257,6.075,0.0129999999999999,4.825,-0.4630000000000001,,,,,,,,,,,,,,,,,,,,,,,,,,,,,,,,,,,,,,,,,,,0.0,
2010-02-26,-0.009398130079999983,-0.015229440250000004,0.0003434444049999902,-0.03442803210000012,-0.2709999999999999,,,,,,,,,,,,,,1.25,5.804,0.834835278874257,5.804,-0.2709999999999999,4.554,0.0129999999999999,,,,,,,,,,,,,,,,,,,,,,,,,,,,,,,,,,,,,,,,,,,0.0,
2010-03-05,0.0001856443799999885,0.0013137769100000085,-0.002303097773999993,-0.020797773700000022,0.020999999999999908,,,,,,,,,,,,,,1.25,5.825,0.755428280828087,5.825,0.020999999999999908,4.575,-0.2709999999999999,,,,,,,,,,,,,,,,,,,,,,,,,,,,,,,,,,,,,,,,,,,0.0,
2010-03-12,-0.0058842636199999965,0.015650425480000008,0.008060842208000005,0.0,-0.02400000000000002,,,,,,,,,,,,,,1.25,5.801,0.755428280828087,5.801,-0.02400000000000002,4.551,0.020999999999999908,,,,,,,,,,,,,,,,,,,,,,,,,,,,,,,,,,,,,,,,,,,0.0,
2010-03-19,0.011768527229999992,0.016480240419999986,0.0003662169599999987,0.1785706522999999,0.02200000000000024,,,,,,,,,,,,,,1.25,5.823,0.755428280828087,5.823,0.02200000000000024,4.573,-0.02400000000000002,,,,,,,,,,,,,,,,,,,,,,,,,,,,,,,,,,,,,,,,,,,0.0,
2010-03-26,0.002951056800000018,0.006592096160000005,0.011352366949999998,0.023814265599999995,0.021999999999999353,,,,,,,,,,,,,,1.25,5.845,0.755428280828087,5.845,0.021999999999999353,4.595,0.02200000000000024,,,,,,,,,,,,,,,,,,,,,,,,,,,,,,,,,,,,,,,,,,,0.0,
2010-04-02,0.0027061239700000017,-0.0009516758600000008,0.004614319349999993,0.08664664000000011,-0.02400000000000002,,,,,,,,,,,,,,1.25,5.821,0.7617743764015548,5.821,-0.02400000000000002,4.571,0.021999999999999353,,,,,,,,,,,,,,,,,,,,,,,,,,,,,,,,,,,,,,,,,,,0.0,
2010-04-09,0.005752271469999987,0.0004749987100000075,0.006921479019999996,0.003425390899999936,0.020999999999999908,,,,,,,,,,,,,,1.25,5.842,0.7617743764015548,5.842,0.020999999999999908,4.592,-0.02400000000000002,,,,,,,,,,,,,,,,,,,,,,,,,,,,,,,,,,,,,,,,,,,0.0,
2010-04-16,-0.000935676629999993,-0.0012174234000000284,0.00027613365000001,-0.10029720909999984,-0.2289999999999992,,,,,,,,,,,,,,1.25,5.613,0.7617743764015548,5.613,-0.2289999999999992,4.363,0.020999999999999908,,,,,,,,,,,,,,,,,,,,,,,,,,,,,,,,,,,,,,,,,,,0.0,
2010-04-23,0.001717716739999986,-0.001755115829999987,-0.0006704916399999927,0.03149486650000011,0.043999999999999595,,,,,,,,,,,,,,1.25,5.657,0.7617743764015548,5.657,0.043999999999999595,4.407,-0.2289999999999992,,,,,,,,,,,,,,,,,,,,,,,,,,,,,,,,,,,,,,,,,,,0.0,
2010-04-30,-0.0023171868299999843,0.00046976535999998514,0.018602256459999994,0.06188996009999981,0.043999999999999595,,,,,,,,,,,,,,1.25,5.701,0.7617743764015548,5.701,0.043999999999999595,4.451,0.043999999999999595,,,,,,,,,,,,,,,,,,,,,,,,,,,,,,,,,,,,,,,,,,,0.0,
2010-05-07,-0.01283037618000002,-0.0066914991499999465,-0.0005091287100000008,-0.10509002700000014,0.16000000000000014,,,,,,,,,,,,,,1.5,5.861,1.0426401641496585,5.861,0.16000000000000014,4.361,0.043999999999999595,,,,,,,,,,,,,,,,,,,,,,,,,,,,,,,,,,,,,,,,,,,0.0,
2010-05-14,0.003341412760000023,-0.002478774390000049,0.012600935419999987,0.08783258190000032,-0.04800000000000004,,,,,,,,,,,,,,1.5,5.813,1.0426401641496585,5.813,-0.04800000000000004,4.313,0.16000000000000014,,,,,,,,,,,,,,,,,,,,,,,,,,,,,,,,,,,,,,,,,,,0.0,
2010-05-21,-0.009732270180000002,-0.01018919281999997,5.277800000091926e-07,-0.07255735030000032,-0.0009999999999994458,,,,,,,,,,,,,,1.5,5.812,1.0426401641496585,5.812,-0.0009999999999994458,4.312,-0.04800000000000004,,,,,,,,,,,,,,,,,,,,,,,,,,,,,,,,,,,,,,,,,,,0.0,
2010-05-28,-0.005178286110000013,0.0,,-0.08868120579999972,-0.07000000000000028,,,,,,,,,,,,,,1.5,5.742,1.0426401641496585,5.742,-0.07000000000000028,4.242,-0.0009999999999994458,,,,,,,,,,,,,,,,,,,,,,,,,,,,,,,,,,,,,,,,,,,0.0,
2010-06-04,0.0,-0.0038261702400000097,,-0.14430709090000016,-0.09299999999999997,,,,,,,,,,,,,,1.5,5.649,1.6330652908106356,5.649,-0.09299999999999997,4.149,-0.07000000000000028,,,,,,,,,,,,,,,,,,,,,,,,,,,,,,,,,,,,,,,,,,,0.0,
2010-06-11,0.0,0.00339042853999999,,0.020119398000000066,0.014000000000000234,,,,,,,,,,,,,,1.75,5.663,1.6330652908106356,5.663,0.014000000000000234,3.9130000000000003,-0.09299999999999997,,,,,,,,,,,,,,,,,,,,,,,,,,,,,,,,,,,,,,,,,,,0.0,
2010-06-18,-0.0008784990500000089,-0.0002001795599999856,,0.057004961100000084,-0.1070000000000002,,,,,,,,,,,,,,1.75,5.556,1.6330652908106356,5.556,-0.1070000000000002,3.806,0.014000000000000234,,,,,,,,,,,,,,,,,,,,,,,,,,,,,,,,,,,,,,,,,,,0.0,
2010-06-25,-0.00857613169999999,0.0019524010399999958,,-0.008119104599999982,0.02200000000000024,,,,,,,,,,,,,,1.75,5.578,1.6330652908106356,5.578,0.02200000000000024,3.8280000000000003,-0.1070000000000002,,,,,,,,,,,,,,,,,,,,,,,,,,,,,,,,,,,,,,,,,,,0.0,
2010-07-02,-0.00583855908,0.00044193883999998906,,-0.03247641840000015,-0.11399999999999988,,,,,,,,,,,,,,1.75,5.464,1.8103323952432584,5.464,-0.11399999999999988,3.7140000000000004,0.02200000000000024,,,,,,,,,,,,,,,,,,,,,,,,,,,,,,,,,,,,,,,,,,,0.0,
2010-07-09,-0.0005322816099999905,-0.0023445718099999735,,0.0,-0.14500000000000046,,,,,,,,,,,,,,2.0,5.319,1.8103323952432584,5.319,-0.14500000000000046,3.319,-0.11399999999999988,,,,,,,,,,,,,,,,,,,,,,,,,,,,,,,,,,,,,,,,,,,0.0,
2010-07-16,-0.0028680119099999957,-0.007000100940000004,-0.0031767884999999996,-0.09520444719999999,-0.15299999999999958,,,,,,,,,,,,,,2.0,5.166,1.8103323952432584,5.166,-0.15299999999999958,3.1660000000000004,-0.14500000000000046,,,,,,,,,,,,,,,,,,,,,,,,,,,,,,,,,,,,,,,,,,,0.0,
2010-07-23,0.0006627208999999967,-0.001637548570000008,-0.0005119617800000142,-0.02658212179999997,-0.09800000000000075,,,,,,,,,,,,,,2.0,5.068,1.8103323952432584,5.068,-0.09800000000000075,3.0679999999999996,-0.15299999999999958,,,,,,,,,,,,,,,,,,,,,,,,,,,,,,,,,,,,,,,,,,,0.0,
2010-07-30,0.0,0.002748343029999989,,-0.012178656899999973,-0.08499999999999996,,,,,,,,,,,,,,2.0,4.983,1.8103323952432584,4.983,-0.08499999999999996,2.9829999999999997,-0.09800000000000075,,,,,,,,,,,,,,,,,,,,,,,,,,,,,,,,,,,,,,,,,,,0.0,
2010-08-06,0.009281474779999993,0.0021201503300000146,,0.07370987109999994,-0.1689999999999996,,,,,,,,,,,,,,2.5,4.814,2.2862518158919327,4.814,-0.1689999999999996,2.314,-0.08499999999999996,,,,,,,,,,,,,,,,,,,,,,,,,,,,,,,,,,,,,,,,,,,0.0,
2010-08-13,0.004195303610000006,0.0015816994600000023,,0.012265647300000015,-0.23500000000000032,,,,,,,,,,,,,,2.5,4.579,2.2862518158919327,4.579,-0.23500000000000032,2.0789999999999997,-0.1689999999999996,,,,,,,,,,,,,,,,,,,,,,,,,,,,,,,,,,,,,,,,,,,0.0,
2010-08-20,0.0006191677199999801,0.0002629568199999932,-0.0007743662599999923,0.047553196500000006,-0.09199999999999964,,,,,,,,,,,,,,2.5,4.487,2.2862518158919327,4.487,-0.09199999999999964,1.987,-0.23500000000000032,,,,,,,,,,,,,,,,,,,,,,,,,,,,,,,,,,,,,,,,,,,0.0,
2010-08-27,-0.00031013767999998887,0.008098263010000023,0.00025808465999999086,0.11134435130000009,0.17799999999999994,,,,,,,,,,,,,,2.5,4.665,2.2862518158919327,4.665,0.17799999999999994,2.165,-0.09199999999999964,,,,,,,,,,,,,,,,,,,,,,,,,,,,,,,,,,,,,,,,,,,0.0,
2010-09-03,0.005904919439999989,0.013316028089999987,-0.0009359031800000028,0.03950003270000013,-0.06299999999999972,,,,,,,,,,,,,,2.5,4.602,2.3414302152556665,4.602,-0.06299999999999972,2.1020000000000003,0.17799999999999994,,,,,,,,,,,,,,,,,,,,,,,,,,,,,,,,,,,,,,,,,,,0.0,
2010-09-10,0.0005968955100000006,0.014917268129999994,0.005699913890000019,0.10765743019999974,0.1200000000000001,,,,,,,,,,,,,,3.0,4.722,2.3414302152556665,4.722,0.1200000000000001,1.7220000000000004,-0.06299999999999972,,,,,,,,,,,,,,,,,,,,,,,,,,,,,,,,,,,,,,,,,,,0.0,
2010-09-17,0.00652516077000001,0.024359126299999978,0.012718109689999979,0.053142745700000216,0.058999999999999275,,,,,,,,,,,,,,3.0,4.781,2.3414302152556665,4.781,0.058999999999999275,1.7809999999999997,0.1200000000000001,,,,,,,,,,,,,,,,,,,,,,,,,,,,,,,,,,,,,,,,,,,0.0,
2010-09-24,0.020219321449999994,0.012498659660000022,-0.004668885009999985,0.13569316910000007,0.010000000000000675,,,,,,,,,,,,,,3.0,4.791,2.3414302152556665,4.791,0.010000000000000675,1.7910000000000004,0.058999999999999275,,,,,,,,,,,,,,,,,,,,,,,,,,,,,,,,,,,,,,,,,,,0.0,
2010-10-01,0.009942319170000019,-0.013939437639999996,0.009637272829999988,0.23884186119999962,-0.1880000000000006,,,,,,,,,,,,,,3.0,4.603,2.0770825238337203,4.603,-0.1880000000000006,1.6029999999999998,0.010000000000000675,,,,,,,,,,,,,,,,,,,,,,,,,,,,,,,,,,,,,,,,,,,0.0,
2010-10-08,0.0024855797999999985,-0.003982696469999991,0.01091365866000002,0.08235926250000025,-0.10400000000000009,,,,,,,,,,,,,,3.0,4.499,2.0770825238337203,4.499,-0.10400000000000009,1.4989999999999997,-0.1880000000000006,,,,,,,,,,,,,,,,,,,,,,,,,,,,,,,,,,,,,,,,,,,0.0,
2010-10-15,0.0,0.0035844268199999862,0.0,0.04529759440000003,0.010000000000000675,,,,,,,,,,,,,,3.0,4.509,2.0770825238337203,4.509,0.010000000000000675,1.5090000000000003,-0.10400000000000009,,,,,,,,,,,,,,,,,,,,,,,,,,,,,,,,,,,,,,,,,,,0.0,
2010-10-22,-0.0037283696900000107,-0.00557577506000001,0.0,-0.12765685690000028,-0.04300000000000015,,,,,,,,,,,,,,3.0,4.466,2.0770825238337203,4.466,-0.04300000000000015,1.4660000000000002,0.010000000000000675,,,,,,,,,,,,,,,,,,,,,,,,,,,,,,,,,,,,,,,,,,,0.0,
2010-10-29,0.002095116179999995,-0.0005362697199999822,-0.0006370492000000172,-0.06624227929999993,-0.10000000000000053,,,,,,,,,,,,,,3.0,4.366,2.0770825238337203,4.366,-0.10000000000000053,1.3659999999999997,-0.04300000000000015,,,,,,,,,,,,,,,,,,,,,,,,,,,,,,,,,,,,,,,,,,,0.0,
2010-11-05,0.0037216760300000096,0.017889957929999978,-0.015244997280000006,0.06165855020000022,0.05600000000000005,,,,,,,,,,,,,,3.0,4.422,2.19705544130469,4.422,0.05600000000000005,1.4219999999999997,-0.10000000000000053,,,,,,,,,,,,,,,,,,,,,,,,,,,,,,,,,,,,,,,,,,,0.0,
2010-11-12,-0.0018817363199999937,-0.002947461409999963,0.005923961620000001,0.18828325979999994,0.35300000000000065,,,,,,,,,,,,,,3.0,4.775,2.19705544130469,4.775,0.35300000000000065,1.7750000000000004,0.05600000000000005,,,,,,,,,,,,,,,,,,,,,,,,,,,,,,,,,,,,,,,,,,,0.0,
2010-11-19,0.00678696862,0.0032314289899999515,0.0,-0.007730142100000226,0.20199999999999996,,,,,,,,,,,,,,3.0,4.977,2.19705544130469,4.977,0.20199999999999996,1.9770000000000003,0.35300000000000065,,,,,,,,,,,,,,,,,,,,,,,,,,,,,,,,,,,,,,,,,,,0.0,
2010-11-26,0.020764513469999996,0.0008443235600000265,0.0018907438900000184,-0.03211911799999978,-0.020999999999999908,,,,,,,,,,,,,,3.0,4.956,2.19705544130469,4.956,-0.020999999999999908,1.9560000000000004,0.20199999999999996,,,,,,,,,,,,,,,,,,,,,,,,,,,,,,,,,,,,,,,,,,,0.0,
2010-12-03,-0.0013955509700000202,-0.0011247667200000033,-0.0009606193100000215,-0.015269567799999884,0.07699999999999996,,,,,,,,,,,,,,3.0,5.033,2.0584147822598102,5.033,0.07699999999999996,2.0330000000000004,-0.020999999999999908,,,,,,,,,,,,,,,,,,,,,,,,,,,,,,,,,,,,,,,,,,,0.0,
2010-12-10,-0.0056189020399999845,-0.0019631021600000076,0.0074389049400000185,0.07877772410000006,-0.023000000000000576,,,,,,,,,,,,,,3.0,5.01,2.0584147822598102,5.01,-0.023000000000000576,2.01,0.07699999999999996,,,,,,,,,,,,,,,,,,,,,,,,,,,,,,,,,,,,,,,,,,,0.0,
2010-12-17,-0.006850563929999998,0.001117780590000006,0.0,0.05056381869999971,0.5090000000000003,,,,,,,,,,,,,,3.0,5.519,2.0584147822598102,5.519,0.5090000000000003,2.519,-0.023000000000000576,,,,,,,,,,,,,,,,,,,,,,,,,,,,,,,,,,,,,,,,,,,0.0,
2010-12-24,0.004770758520000001,0.0031028890500000017,0.003736644699999986,0.13796208059999993,-0.18299999999999983,,,,,,,,,,,,,,3.0,5.336,2.0584147822598102,5.336,-0.18299999999999983,2.3360000000000003,0.5090000000000003,,,,,,,,,,,,,,,,,,,,,,,,,,,,,,,,,,,,,,,,,,,0.0,
2010-12-31,0.0006982203900000039,0.0,0.01361039737,0.24004683640000035,-0.0600000000000005,,,,,,,,,,,,,,3.0,5.276,2.0584147822598102,5.276,-0.0600000000000005,2.276,-0.18299999999999983,,,,,,,,,,,,,,,,,,,,,,,,,,,,,,,,,,,,,,,,,,,0.0,
2011-01-07,-0.006184237720000013,0.00039542486999999404,-0.007739788539999987,-0.061328236600000086,-0.032999999999999474,,,,,,,,,,,,,,3.25,5.243,2.152934853528749,5.243,-0.032999999999999474,1.9930000000000003,-0.0600000000000005,,,,,,,,,,,,,,,,,,,,,,,,,,,,,,,,,,,,,,,,,,,0.0,
2011-01-14,-0.006522871920000006,0.0017165840500000251,0.004113065370000002,-0.10647110360000012,-0.1120000000000001,,,,,,,,,,,,,,3.25,5.131,2.152934853528749,5.131,-0.1120000000000001,1.8810000000000002,-0.032999999999999474,,,,,,,,,,,,,,,,,,,,,,,,,,,,,,,,,,,,,,,,,,,0.0,
2011-01-21,0.0004053705800000085,0.004160738019999999,0.003459677369999997,-0.13869477240000005,0.008999999999999453,,,,,,,,,,,,,,3.25,5.14,2.152934853528749,5.14,0.008999999999999453,1.8899999999999997,-0.1120000000000001,,,,,,,,,,,,,,,,,,,,,,,,,,,,,,,,,,,,,,,,,,,0.0,
2011-01-28,0.008629150229999993,0.03514693687999998,0.0006979338199999963,0.09306299340000024,0.06500000000000039,,,,,,,,,,,,,,3.25,5.205,2.152934853528749,5.205,0.06500000000000039,1.955,0.008999999999999453,,,,,,,,,,,,,,,,,,,,,,,,,,,,,,,,,,,,,,,,,,,0.0,
2011-02-04,0.009376822529999995,0.0,0.009388335559999988,0.08265658829999989,0.05400000000000027,,,,,,,,,,,,,,3.25,5.259,2.212748080653542,5.259,0.05400000000000027,2.0090000000000003,0.06500000000000039,,,,,,,,,,,,,,,,,,,,,,,,,,,,,,,,,,,,,,,,,,,0.0,
2011-02-11,-0.0069590065699999815,-0.006719719329999985,0.0007370070100000126,-0.009658242600000033,0.14499999999999957,,,,,,,,,,,,,,3.5,5.404,2.212748080653542,5.404,0.14499999999999957,1.904,0.05400000000000027,,,,,,,,,,,,,,,,,,,,,,,,,,,,,,,,,,,,,,,,,,,0.0,
2011-02-18,-0.004705398269999994,-0.03209245271,-0.0031407837500000146,-0.1659121374999999,0.0,,,,,,,,,,,,,,3.5,5.404,2.212748080653542,5.404,0.0,1.904,0.14499999999999957,,,,,,,,,,,,,,,,,,,,,,,,,,,,,,,,,,,,,,,,,,,0.0,
2011-02-25,-0.005116659709999999,-0.006586787300000008,0.0027716138700000226,-0.0259143958000001,0.6639999999999997,,,,,,,,,,,,,,3.5,6.068,2.212748080653542,6.068,0.6639999999999997,2.5679999999999996,0.0,,,,,,,,,,,,,,,,,,,,,,,,,,,,,,,,,,,,,,,,,,,0.0,
2011-03-04,-0.0011572046400000202,0.006586787300000008,-0.01533474889,0.12131387479999978,-0.875,,,,,,,,,,,,,,3.5,5.193,2.634404258199463,5.193,-0.875,1.6929999999999996,0.6639999999999997,,,,,,,,,,,,,,,,,,,,,,,,,,,,,,,,,,,,,,,,,,,0.0,
2011-03-11,-0.007066590890000002,-0.007154183950000004,-0.0006803141700000015,-0.02314983429999984,0.0,,,,,,,,,,,,,,3.75,5.193,2.634404258199463,5.193,0.0,1.4429999999999996,-0.875,,,,,,,,,,,,,,,,,,,,,,,,,,,,,,,,,,,,,,,,,,,0.0,
2011-03-18,-0.0023442056299999847,0.001939160389999972,-0.000575999330000021,-0.0556584309999999,0.031000000000000583,,,,,,,,,,,,,,3.75,5.224,2.634404258199463,5.224,0.031000000000000583,1.4740000000000002,0.0,,,,,,,,,,,,,,,,,,,,,,,,,,,,,,,,,,,,,,,,,,,0.0,
2011-03-25,0.00280292788,0.014854303419999992,0.0005500615900000116,0.10473949689999973,0.23299999999999965,,,,,,,,,,,,,,3.75,5.457,2.634404258199463,5.457,0.23299999999999965,1.7069999999999999,0.031000000000000583,,,,,,,,,,,,,,,,,,,,,,,,,,,,,,,,,,,,,,,,,,,0.0,
2011-04-01,-0.006275360830000021,-0.0034127270899999562,-0.0020079227099999986,-0.22879652699999964,0.015000000000000568,,,,,,,,,,,,,,3.75,5.472,3.2899598301747903,5.472,0.015000000000000568,1.7220000000000004,0.23299999999999965,,,,,,,,,,,,,,,,,,,,,,,,,,,,,,,,,,,,,,,,,,,0.0,
2011-04-08,-0.004257864199999989,-0.020696810460000048,,-0.11770065590000023,0.006999999999999673,,,,,,,,,,,,,,4.0,5.479,3.2899598301747903,5.479,0.006999999999999673,1.479,0.015000000000000568,,,,,,,,,,,,,,,,,,,,,,,,,,,,,,,,,,,,,,,,,,,0.0,
2011-04-15,-0.011834782319999987,-0.02272102243999996,,-0.41685740849999986,0.22499999999999964,,,,,,,,,,,,,,4.0,5.704,3.2899598301747903,5.704,0.22499999999999964,1.7039999999999997,0.006999999999999673,,,,,,,,,,,,,,,,,,,,,,,,,,,,,,,,,,,,,,,,,,,0.0,
2011-04-22,-0.004088744470000016,-0.001006146270000008,-0.0013197603400000035,-0.04854126599999997,0.018000000000000682,,,,,,,,,,,,,,4.0,5.722,3.2899598301747903,5.722,0.018000000000000682,1.7220000000000004,0.22499999999999964,,,,,,,,,,,,,,,,,,,,,,,,,,,,,,,,,,,,,,,,,,,0.0,
2011-04-29,0.010246899720000008,-0.004353179510000027,,0.04456133789999983,0.026999999999999247,,,,,,,,,,,,,,4.0,5.749,3.2899598301747903,5.749,0.026999999999999247,1.7489999999999997,0.018000000000000682,,,,,,,,,,,,,,,,,,,,,,,,,,,,,,,,,,,,,,,,,,,0.0,
2011-05-06,0.022662343949999997,-0.001531338790000003,,0.19397544080000007,-0.34299999999999997,,,,,,,,,,,,,,4.0,5.406,3.0283940911024696,5.406,-0.34299999999999997,1.4059999999999997,0.026999999999999247,,,,,,,,,,,,,,,,,,,,,,,,,,,,,,,,,,,,,,,,,,,0.0,
2011-05-13,0.008658711250000006,0.01409414064000003,,0.0768786883999999,-0.05999999999999961,,,,,,,,,,,,,,4.25,5.346,3.0283940911024696,5.346,-0.05999999999999961,1.096,-0.34299999999999997,,,,,,,,,,,,,,,,,,,,,,,,,,,,,,,,,,,,,,,,,,,0.0,
2011-05-20,0.0022040355899999864,0.003128835930000018,,0.01830345770000008,-0.09499999999999975,,,,,,,,,,,,,,4.25,5.251,3.0283940911024696,5.251,-0.09499999999999975,1.0010000000000003,-0.05999999999999961,,,,,,,,,,,,,,,,,,,,,,,,,,,,,,,,,,,,,,,,,,,0.0,
2011-05-27,0.0,0.0,,0.012142891799999944,-0.051000000000000156,,,,,,,,,,,,,,4.25,5.2,3.0283940911024696,5.2,-0.051000000000000156,0.9500000000000002,-0.09499999999999975,,,,,,,,,,,,,,,,,,,,,,,,,,,,,,,,,,,,,,,,,,,0.0,
2011-06-03,-0.006759042480000005,0.0,,-0.2772626954999997,0.09600000000000009,,,,,,,,,,,,,,4.25,5.296,2.8766884253303697,5.296,0.09600000000000009,1.0460000000000003,-0.051000000000000156,,,,,,,,,,,,,,,,,,,,,,,,,,,,,,,,,,,,,,,,,,,0.0,
2011-06-10,-0.006759042479999977,-0.0004141768400000023,0.006074096170000015,0.0213278995999997,-0.07900000000000063,,,,,,,,,,,,,,4.25,5.217,2.8766884253303697,5.217,-0.07900000000000063,0.9669999999999996,0.09600000000000009,,,,,,,,,,,,,,,,,,,,,,,,,,,,,,,,,,,,,,,,,,,0.0,
2011-06-17,-0.01360379744000001,-0.008904802140000001,0.0,-0.242025296,0.007000000000000561,,,,,,,,,,,,,,4.25,5.224,2.8766884253303697,5.224,0.007000000000000561,0.9740000000000002,-0.07900000000000063,,,,,,,,,,,,,,,,,,,,,,,,,,,,,,,,,,,,,,,,,,,0.0,
2011-06-24,-0.010703277379999987,0.00010320645000000406,,-0.17995635899999995,-0.04499999999999993,,,,,,,,,,,,,,4.25,5.179,2.8766884253303697,5.179,-0.04499999999999993,0.9290000000000003,0.007000000000000561,,,,,,,,,,,,,,,,,,,,,,,,,,,,,,,,,,,,,,,,,,,0.0,
2011-07-01,-0.002586436980000023,-0.0030045544200000274,,0.07572378690000003,-0.004000000000000448,,,,,,,,,,,,,,4.25,5.175,3.3056853730036635,5.175,-0.004000000000000448,0.9249999999999998,-0.04499999999999993,,,,,,,,,,,,,,,,,,,,,,,,,,,,,,,,,,,,,,,,,,,0.0,
2011-07-08,0.00367632469000001,-0.01065801297000002,,0.10516666550000009,-0.08699999999999974,,,,,,,,,,,,,,4.25,5.088,3.3056853730036635,5.088,-0.08699999999999974,0.8380000000000001,-0.004000000000000448,,,,,,,,,,,,,,,,,,,,,,,,,,,,,,,,,,,,,,,,,,,0.0,
2011-07-15,0.0013617118600000033,0.002920477740000038,,0.02148414799999987,0.006999999999999673,,,,,,,,,,,,,,4.25,5.095,3.3056853730036635,5.095,0.006999999999999673,0.8449999999999998,-0.08699999999999974,,,,,,,,,,,,,,,,,,,,,,,,,,,,,,,,,,,,,,,,,,,0.0,
2011-07-22,0.023489529479999993,0.02628429968000001,,0.3867146639999999,-0.1979999999999995,,,,,,,,,,,,,,4.25,4.897,3.3056853730036635,4.897,-0.1979999999999995,0.6470000000000002,0.006999999999999673,,,,,,,,,,,,,,,,,,,,,,,,,,,,,,,,,,,,,,,,,,,0.0,
2011-07-29,-0.007148987229999987,-0.00721233678000005,0.0,0.04296829600000018,-0.040000000000000036,,,,,,,,,,,,,,4.25,4.857,3.3056853730036635,4.857,-0.040000000000000036,0.6070000000000002,-0.1979999999999995,,,,,,,,,,,,,,,,,,,,,,,,,,,,,,,,,,,,,,,,,,,0.0,
2011-08-05,-0.01843156511000002,-0.014252717829999983,-0.02532701442999999,-0.13324876320000012,-0.17600000000000016,,,,,,,,,,,,,,4.25,4.681,3.3029882294334674,4.681,-0.17600000000000016,0.43100000000000005,-0.040000000000000036,,,,,,,,,,,,,,,,,,,,,,,,,,,,,,,,,,,,,,,,,,,0.0,
2011-08-12,0.004814446560000019,-0.020256055999999967,-0.007503745839999992,-0.10307686479999978,0.13999999999999968,,,,,,,,,,,,,,4.25,4.821,3.3029882294334674,4.821,0.13999999999999968,0.5709999999999997,-0.17600000000000016,,,,,,,,,,,,,,,,,,,,,,,,,,,,,,,,,,,,,,,,,,,0.0,
2011-08-19,-0.00610584099,-0.0020860555300000194,-0.006155767549999996,-0.017384420700000014,-0.2729999999999997,,,,,,,,,,,,,,4.25,4.548,3.3029882294334674,4.548,-0.2729999999999997,0.29800000000000004,0.13999999999999968,,,,,,,,,,,,,,,,,,,,,,,,,,,,,,,,,,,,,,,,,,,0.0,
2011-08-26,-0.0034105260199999987,0.0004707978599999829,0.0003275546000000018,0.2152356846000001,0.006000000000000227,,,,,,,,,,,,,,4.25,4.554,3.3029882294334674,4.554,0.006000000000000227,0.30400000000000027,-0.2729999999999997,,,,,,,,,,,,,,,,,,,,,,,,,,,,,,,,,,,,,,,,,,,0.0,
2011-09-02,0.010838366429999996,-9.429773999997115e-05,-0.00026213971000002556,0.25244331119999996,-0.13700000000000045,,,,,,,,,,,,,,4.25,4.417,3.669180798629575,4.417,-0.13700000000000045,0.16699999999999982,0.006000000000000227,,,,,,,,,,,,,,,,,,,,,,,,,,,,,,,,,,,,,,,,,,,0.0,
2011-09-09,-0.005454839850000004,0.0,-0.0004947819399999942,-0.05346162219999995,0.08199999999999985,,,,,,,,,,,,,,4.25,4.499,3.669180798629575,4.499,0.08199999999999985,0.24899999999999967,-0.13700000000000045,,,,,,,,,,,,,,,,,,,,,,,,,,,,,,,,,,,,,,,,,,,0.0,
2011-09-16,0.001566243470000006,4.071098999997025e-05,,-0.003886693800000174,0.20999999999999996,,,,,,,,,,,,,,4.25,4.709,3.669180798629575,4.709,0.20999999999999996,0.45899999999999963,0.08199999999999985,,,,,,,,,,,,,,,,,,,,,,,,,,,,,,,,,,,,,,,,,,,0.0,
2011-09-23,-0.020816519670000005,-0.01020110535999999,,-0.17621503129999994,-0.0019999999999997797,,,,,,,,,,,,,,4.25,4.707,3.669180798629575,4.707,-0.0019999999999997797,0.45699999999999985,0.20999999999999996,,,,,,,,,,,,,,,,,,,,,,,,,,,,,,,,,,,,,,,,,,,0.0,
2011-09-30,-0.0037314185900000074,0.0013236126800000025,-0.00018391109999998934,-0.10258163449999991,0.2839999999999998,,,,,,,,,,,,,,4.25,4.991,3.669180798629575,4.991,0.2839999999999998,0.7409999999999997,-0.0019999999999997797,,,,,,,,,,,,,,,,,,,,,,,,,,,,,,,,,,,,,,,,,,,0.0,
2011-10-07,0.007162277610000017,-0.0006258997599999927,,-0.07113466830000004,-0.20199999999999996,,,,,,,,,,,,,,4.25,4.789,4.125752909763215,4.789,-0.20199999999999996,0.5389999999999997,0.2839999999999998,,,,,,,,,,,,,,,,,,,,,,,,,,,,,,,,,,,,,,,,,,,0.0,
2011-10-14,0.014956669449999987,0.007280102449999992,,0.18541008319999985,-0.1609999999999996,,,,,,,,,,,,,,4.25,4.628,4.125752909763215,4.628,-0.1609999999999996,0.3780000000000001,-0.20199999999999996,,,,,,,,,,,,,,,,,,,,,,,,,,,,,,,,,,,,,,,,,,,0.0,
2011-10-21,0.0046847280900000066,0.00018699358000001665,-0.003477706910000017,0.11769516460000018,0.04800000000000004,,,,,,,,,,,,,,4.25,4.676,4.125752909763215,4.676,0.04800000000000004,0.42600000000000016,-0.1609999999999996,,,,,,,,,,,,,,,,,,,,,,,,,,,,,,,,,,,,,,,,,,,0.0,
2011-10-28,0.013731375099999998,0.00015037904999998242,,0.12603837019999986,0.04099999999999948,,,,,,,,,,,,,,4.25,4.717,4.125752909763215,4.717,0.04099999999999948,0.46699999999999964,0.04800000000000004,,,,,,,,,,,,,,,,,,,,,,,,,,,,,,,,,,,,,,,,,,,0.0,
2011-11-04,-0.005433421630000018,0.0016398460600000053,,-0.0765938115,-0.4889999999999999,,,,,,,,,,,,,,4.25,4.228,4.549270525933372,4.228,-0.4889999999999999,-0.02200000000000024,0.04099999999999948,,,,,,,,,,,,,,,,,,,,,,,,,,,,,,,,,,,,,,,,,,,0.0,
2011-11-11,0.002127520390000026,0.0008016322000000131,,-0.060058650799999835,0.08000000000000007,,,,,,,,,,,,,,4.25,4.308,4.549270525933372,4.308,0.08000000000000007,0.05799999999999983,-0.4889999999999999,,,,,,,,,,,,,,,,,,,,,,,,,,,,,,,,,,,,,,,,,,,0.0,
2011-11-18,-0.009567624000000025,-0.00013572193999999982,0.0020701213900000126,-0.1252293909000004,0.03900000000000059,,,,,,,,,,,,,,4.25,4.347,4.549270525933372,4.347,0.03900000000000059,0.09700000000000042,0.08000000000000007,,,,,,,,,,,,,,,,,,,,,,,,,,,,,,,,,,,,,,,,,,,0.0,
2011-11-25,-0.008570058229999983,,0.0,-0.03512957119999971,0.11299999999999955,,,,,,,,,,,,,,4.25,4.46,4.549270525933372,4.46,0.11299999999999955,0.20999999999999996,0.03900000000000059,,,,,,,,,,,,,,,,,,,,,,,,,,,,,,,,,,,,,,,,,,,0.0,
2011-12-02,0.005087312240000003,,,0.19721426279999976,-0.07699999999999996,,,,,,,,,,,,,,4.25,4.383,4.641713325145806,4.383,-0.07699999999999996,0.133,0.11299999999999955,,,,,,,,,,,,,,,,,,,,,,,,,,,,,,,,,,,,,,,,,,,0.0,
2011-12-09,-0.002760502009999999,0.0,,-0.03012454319999991,-0.017000000000000348,,,,,,,,,,,,,,4.25,4.366,4.641713325145806,4.366,-0.017000000000000348,0.11599999999999966,-0.07699999999999996,,,,,,,,,,,,,,,,,,,,,,,,,,,,,,,,,,,,,,,,,,,0.0,
2011-12-16,-0.005091892270000009,-0.001076709979999979,6.548498000000236e-05,-0.06414993530000013,-0.07200000000000006,,,,,,,,,,,,,,4.25,4.294,4.641713325145806,4.294,-0.07200000000000006,0.043999999999999595,-0.017000000000000348,,,,,,,,,,,,,,,,,,,,,,,,,,,,,,,,,,,,,,,,,,,0.0,
2011-12-23,0.005239103629999992,0.0014593505700000176,,-0.12651329599999972,-0.0029999999999992255,,,,,,,,,,,,,,4.25,4.291,4.641713325145806,4.291,-0.0029999999999992255,0.04100000000000037,-0.07200000000000006,,,,,,,,,,,,,,,,,,,,,,,,,,,,,,,,,,,,,,,,,,,0.0,
2011-12-30,0.002407523220000013,,,-0.06158433020000009,-0.04400000000000048,,,,,,,,,,,,,,4.25,4.247,4.641713325145806,4.247,-0.04400000000000048,-0.0030000000000001137,-0.0029999999999992255,,,,,,,,,,,,,,,,,,,,,,,,,,,,,,,,,,,,,,,,,,,0.0,
2012-01-06,0.006691894360000006,,,-0.028292277999999893,0.0389999999999997,-0.04293487301962047,13.0,,,-0.04174451089853459,13.0,,,113.53582170000027,112.94962581850847,,112.81316301083123,,4.25,4.286,4.1499552369751305,4.286,0.0389999999999997,0.03599999999999959,-0.04400000000000048,0.01637606801361067,,0.01631369498167342,,-0.04293487301962047,-0.04293487301962047,,,,,,,,,,,,,,,,,,,,,,,,,,,,,,,,,,,,,0.0,-0.0
2012-01-13,0.004731697139999991,0.0013649105699999886,0.00013295417999997783,0.08987660819999999,0.1880000000000006,-0.19651028892920935,13.0,,,-0.17817412270277888,13.0,,,249.12710289999995,268.6938988836119,,268.492817922479,,4.25,4.474,4.1499552369751305,4.474,0.1880000000000006,0.2240000000000002,0.0389999999999997,0.039567264990128304,,0.03948367514802818,,-0.19651028892920935,-0.19651028892920935,,,,,,,,,,,,,,,,,,,,,,,,,,,,,,,,,,,,,0.0,-0.0
2012-01-20,0.0070784068399999955,-0.0019229696499999949,,0.0017892300999999833,-0.04499999999999993,0.11088652593733761,13.0,,,0.09378482422827039,13.0,,,160.1271289999995,149.53220562325947,,149.45833659582658,,4.25,4.429,4.1499552369751305,4.429,-0.04499999999999993,0.17900000000000027,0.1880000000000006,0.01415058979960776,,0.014132361293405655,,0.11088652593733761,0.11088652593733761,,,,,,,,,,,,,,,,,,,,,,,,,,,,,,,,,,,,,0.0,0.0
2012-01-27,-0.0021047801999999893,9.59803600000253e-05,,0.05873786859999974,-0.1720000000000006,0.20537996498358582,13.0,,,0.16461267283830083,13.0,,,358.08000979999997,329.5753249497102,,329.2195842574545,,4.25,4.257,4.1499552369751305,4.257,-0.1720000000000006,0.006999999999999673,-0.04499999999999993,0.03373876280906179,,0.033566036779206936,,0.20537996498358582,0.20537996498358582,,,,,,,,,,,,,,,,,,,,,,,,,,,,,,,,,,,,,0.0,0.0
2012-02-03,0.008913276179999985,0.0009637430700000227,0.004301218619999991,0.07258495370000029,-0.08599999999999941,-0.07593255022273594,13.0,,,-0.06614902747179574,13.0,,,405.83026150000023,385.08157459224844,,384.9884882822509,,4.25,4.171,4.0925428146617016,4.171,-0.08599999999999941,-0.07899999999999974,-0.1720000000000006,0.03636146590958222,,0.03626104795680429,,-0.07593255022273594,-0.07593255022273594,,,,,,,,,,,,,,,,,,,,,,,,,,,,,,,,,,,,,0.0,-0.0
2012-02-10,0.0025281210399999976,-0.0006753733500000081,0.0022220884699999943,-0.02842025079999999,-0.04499999999999993,0.09672058405151598,13.0,,,0.06242737320224245,13.0,,,-144.4662257,-155.34612196521456,,-155.87265622029048,,4.25,4.126,4.0925428146617016,4.126,-0.04499999999999993,-0.12399999999999967,-0.08599999999999941,-0.026061744666205387,,-0.02630165783986166,,0.09672058405151598,0.09672058405151598,,,,,,,,,,,,,,,,,,,,,,,,,,,,,,,,,,,,,0.0,0.0
2012-02-17,0.0017182384800000228,-0.0010246062300000025,,0.034103743399999775,0.01699999999999946,-0.1120561093313031,13.0,,,-0.10349072588212127,13.0,,,-5.479258400000617,-10.887718263941647,,-11.09433236306046,,4.25,4.143,4.0925428146617016,4.143,0.01699999999999946,-0.1070000000000002,-0.04499999999999993,0.0010786141578638941,,0.0009536008506810231,,-0.1120561093313031,-0.1120561093313031,,,,,,,,,,,,,,,,,,,,,,,,,,,,,,,,,,,,,0.0,-0.0
2012-02-24,0.007944350089999996,0.012951711499999963,,0.036081723900000195,-0.12599999999999945,0.22928636607265052,13.0,,,0.19609964989174883,13.0,,,147.15055720000055,126.30230767207952,,126.22338920073986,,4.25,4.017,4.0925428146617016,4.017,-0.12599999999999945,-0.23299999999999965,0.01699999999999946,0.011874744132101073,,0.01186010625033395,,0.22928636607265052,0.22928636607265052,,,,,,,,,,,,,,,,,,,,,,,,,,,,,,,,,,,,,0.0,0.0
2012-03-02,0.003565058489999995,0.017760723350000007,,0.12246070989999991,-0.1850000000000005,0.19042104458779222,13.0,,,0.16111411983236162,13.0,,,135.86948090000078,105.03600780342295,,104.89407348378032,,4.25,3.832,4.156090807896197,3.832,-0.1850000000000005,-0.41800000000000015,-0.12599999999999945,0.004033948243428712,,0.003954260985597369,,0.19042104458779222,0.19042104458779222,,,,,,,,,,,,,,,,,,,,,,,,,,,,,,,,,,,,,0.0,0.0
2012-03-09,-0.0012024207999999925,0.006306086039999992,,0.016816282300000207,0.07699999999999996,-0.24086923180538833,13.0,,,-0.21344524892591654,13.0,,,48.426997599999595,49.7866033483225,,49.6070208242826,,4.25,3.909,4.156090807896197,3.909,0.07699999999999996,-0.3410000000000002,-0.1850000000000005,0.005002994005082312,,0.004873750505371174,,-0.24086923180538833,-0.24086923180538833,,,,,,,,,,,,,,,,,,,,,,,,,,,,,,,,,,,,,0.0,-0.0
2012-03-16,-9.016061000000075e-05,0.009449717970000049,0.008543003529999982,-0.0010196940000000154,-0.10399999999999965,0.19282895269589362,13.0,,,0.1632560910604856,13.0,,,-104.38223350000044,-122.53211966609177,,-122.64207213885418,,4.25,3.805,4.156090807896197,3.805,-0.10399999999999965,-0.44499999999999984,0.07699999999999996,-0.017549583945724354,,-0.01758197117212883,,0.19282895269589362,0.19282895269589362,,,,,,,,,,,,,,,,,,,,,,,,,,,,,,,,,,,,,0.0,0.0
2012-03-23,-0.0018362481499999972,0.016044704559999956,0.008315097230000013,-0.03238742520000004,0.016000000000000014,-0.07745449400090082,13.0,,,-0.07128975841929669,13.0,,,-3.269812299999103,-8.138189163026425,,-8.283765930105213,,4.25,3.821,4.156090807896197,3.821,0.016000000000000014,-0.4289999999999998,-0.10399999999999965,0.0009236616566703251,,0.0008379663951114936,,-0.07745449400090082,-0.07745449400090082,,,,,,,,,,,,,,,,,,,,,,,,,,,,,,,,,,,,,0.0,-0.0
2012-03-30,0.011298505119999969,0.0003601573800000035,0.00032107934000000227,0.03480032479999995,0.03799999999999981,-0.120285616227224,13.0,,,-0.10670368272431063,13.0,,,256.4911780000002,254.19294611164582,,254.08408964652662,,4.25,3.859,4.156090807896197,3.859,0.03799999999999981,-0.391,0.016000000000000014,0.02994927645668199,,0.029876233616156832,,-0.120285616227224,-0.120285616227224,,,,,,,,,,,,,,,,,,,,,,,,,,,,,,,,,,,,,0.0,-0.0
2012-04-06,0.00882390932999999,0.021361333819999995,0.0004834296100000024,0.0006484773999999582,-0.02300000000000013,-0.007759297245348698,13.0,,,-0.011314564031772112,13.0,,,3.9634372999989864,-5.586487435048088,,-5.737738320982405,,4.25,3.836,4.006717959454937,3.836,-0.02300000000000013,-0.41400000000000015,0.03799999999999981,-0.005557617717688666,,-0.005640656929140349,,-0.007759297245348698,-0.007759297245348698,,,,,,,,,,,,,,,,,,,,,,,,,,,,,,,,,,,,,0.0,-0.0
2012-04-13,-0.004287970489999959,0.001157708720000039,0.0002425335600000078,-0.05636203370000015,-0.14399999999999968,0.1986204795002084,13.0,,,0.16868241817173812,13.0,,,-77.95095430000038,-102.2239127659854,,-102.33755742416379,,4.25,3.692,4.006717959454937,3.692,-0.14399999999999968,-0.5579999999999998,-0.02300000000000013,-0.01585533805420804,,-0.01590288738809799,,0.1986204795002084,0.1986204795002084,,,,,,,,,,,,,,,,,,,,,,,,,,,,,,,,,,,,,0.0,0.0
2012-04-20,0.003497573669999976,0.0043150683500000064,0.0002685052799999976,0.0065581863999999435,0.11599999999999966,-0.36500867637939494,13.0,,,-0.32197179115096064,13.0,,,-6.811693800000285,-1.8657821823922367,,-2.0865479450263376,,4.25,3.808,4.006717959454937,3.808,0.11599999999999966,-0.44200000000000017,-0.14399999999999968,0.0031290406587195746,,0.0029576557732379884,,-0.36500867637939494,-0.36500867637939494,,,,,,,,,,,,,,,,,,,,,,,,,,,,,,,,,,,,,0.0,-0.0
2012-04-27,0.005100913139999996,-0.0019513020700000494,,0.10387393729999994,-0.1429999999999998,0.3066070372967517,13.0,,,0.2623579598817767,13.0,,,-94.93248629999835,-116.8771153531088,,-116.95914921004943,,4.25,3.665,4.006717959454937,3.665,-0.1429999999999998,-0.585,0.11599999999999966,-0.016661405908256554,,-0.016660426904668492,,0.3066070372967517,0.3066070372967517,,,,,,,,,,,,,,,,,,,,,,,,,,,,,,,,,,,,,0.0,0.0
2012-05-04,-0.004319848359999989,-0.0018783170799999693,,-0.06307467599999983,-0.06300000000000017,-0.1979561152299401,13.0,,,-0.17838831982558967,13.0,,,-304.7327906999999,-324.3484387193936,,-324.6185426507104,,4.25,3.602,4.069684673721846,3.602,-0.06300000000000017,-0.6480000000000001,-0.1429999999999998,-0.0402592979999672,,-0.040471684194677296,,-0.1979561152299401,-0.1979561152299401,,,,,,,,,,,,,,,,,,,,,,,,,,,,,,,,,,,,,0.0,-0.0
2012-05-11,-0.006149695090000018,-0.003632696649999989,-5.008485999999368e-05,-0.09067471399999993,0.07600000000000007,-0.02361427860981813,13.0,,,-0.023238203868339746,13.0,,,-213.8396326000011,-208.2655500335028,,-208.34162744851764,,4.25,3.678,4.069684673721846,3.678,0.07600000000000007,-0.5720000000000001,-0.06300000000000017,-0.017354331964080226,,-0.01736678167147187,,-0.02361427860981813,-0.02361427860981813,,,,,,,,,,,,,,,,,,,,,,,,,,,,,,,,,,,,,0.0,-0.0
2012-05-18,-0.01919619188999999,-0.005299361750000009,-0.0017844627499999932,-0.04411830150000018,0.07699999999999996,0.11506823774267068,13.0,,,0.0966407858657718,13.0,,,-477.6954148999994,-469.17549961271465,,-469.2210717914806,,4.25,3.755,4.069684673721846,3.755,0.07699999999999996,-0.4950000000000001,0.07600000000000007,-0.05182417188839615,,-0.05177952007929523,,0.11506823774267068,0.11506823774267068,,,,,,,,,,,,,,,,,,,,,,,,,,,,,,,,,,,,,0.0,0.0
2012-05-25,-0.0042177749099999995,0.003979014860000019,-0.0012424136399999952,-0.06964735479999984,0.367,-0.55269374152464,13.0,,,-0.4854041958569651,13.0,,,1.6539819999998144,41.9776363963999,,41.781048161189204,,4.25,4.122,4.069684673721846,4.122,0.367,-0.1280000000000001,0.07699999999999996,0.023863333842982344,,0.023743389560935784,,-0.55269374152464,-0.55269374152464,,,,,,,,,,,,,,,,,,,,,,,,,,,,,,,,,,,,,0.0,-0.0
2012-06-01,-0.006227002669999981,-6.703083000003662e-05,0.0022189017799999766,-0.006507822600000157,-0.33299999999999974,0.6613145916079484,13.0,,,0.5716586052231523,13.0,,,-19.066316800000095,-63.5133788051604,,-63.52558666337249,,4.25,3.789,3.9338463045854937,3.789,-0.33299999999999974,-0.46099999999999985,0.367,-0.01598071466829534,,-0.015910607193237072,,0.6613145916079484,0.6613145916079484,,,,,,,,,,,,,,,,,,,,,,,,,,,,,,,,,,,,,0.0,0.0
2012-06-08,0.006821572619999994,0.002185122149999996,0.002096322340000012,0.037613985100000136,-0.04400000000000004,-0.23488364431932357,13.0,,,-0.2092327055106027,13.0,,,144.27143989999968,126.87672960611465,,126.63096411408046,,4.25,3.745,3.9338463045854937,3.745,-0.04400000000000004,-0.5049999999999999,-0.33299999999999974,0.013720942006759506,,0.013516007861474385,,-0.23488364431932357,-0.23488364431932357,,,,,,,,,,,,,,,,,,,,,,,,,,,,,,,,,,,,,0.0,-0.0
2012-06-15,0.005001089779999995,-0.0012062227599999864,,-0.010430938699999892,-0.2230000000000003,0.38909335251567684,13.0,,,0.33391375432855774,13.0,,,-83.05279470000005,-115.81722427876511,,-115.90503409944725,,4.25,3.522,3.9338463045854937,3.522,-0.2230000000000003,-0.7280000000000002,-0.04400000000000004,-0.02297142343417518,,-0.022979068064116256,,0.38909335251567684,0.38909335251567684,,,,,,,,,,,,,,,,,,,,,,,,,,,,,,,,,,,,,0.0,0.0
2012-06-22,0.0035481981000000107,0.008916800230000022,,0.05660059399999984,0.016000000000000014,-0.0507762585520406,13.0,,,-0.06307886871148094,13.0,,,5.34772460000022,1.0160274633576805,,0.5269201263958605,,4.25,3.538,3.9338463045854937,3.538,0.016000000000000014,-0.7120000000000002,-0.2230000000000003,0.002055758042162509,,0.0018134995549860002,,-0.0507762585520406,-0.0507762585520406,,,,,,,,,,,,,,,,,,,,,,,,,,,,,,,,,,,,,0.0,-0.0
2012-06-29,-0.005489167850000004,-0.008916800230000022,0.008989735279999994,-0.06229781590000005,0.017000000000000348,-0.0872938158958026,13.0,,,-0.07750147498086218,13.0,,,-165.22771170000033,-170.13803438799872,,-170.23142659378496,,4.25,3.555,3.9338463045854937,3.555,0.017000000000000348,-0.6949999999999998,0.016000000000000014,-0.022095710470495935,,-0.022159319033910274,,-0.0872938158958026,-0.0872938158958026,,,,,,,,,,,,,,,,,,,,,,,,,,,,,,,,,,,,,0.0,-0.0
2012-07-06,0.005669096550000002,0.003664431020000025,-0.0008671945700000072,0.08601016689999996,-0.1030000000000002,-0.003249608043518537,13.0,,,0.0024654508691713817,13.0,,,206.30363770000076,184.36527517333442,,184.41779498158758,,4.25,3.452,3.231252830489596,3.452,-0.1030000000000002,-0.798,0.017000000000000348,0.02339648429821658,,0.02338316071654535,,-0.003249608043518537,-0.003249608043518537,,,,,,,,,,,,,,,,,,,,,,,,,,,,,,,,,,,,,0.0,-0.0
2012-07-13,0.005129027079999987,0.002285124209999989,,0.03808051800000012,-0.2829999999999999,0.2655278683855385,13.0,,,0.20359654919019043,13.0,,,-111.78125150000051,-156.39078717960913,,-157.08062864281294,,4.25,3.169,3.231252830489596,3.169,-0.2829999999999999,-1.081,-0.1030000000000002,-0.03249788325013926,,-0.03285495996186994,,0.2655278683855385,0.2655278683855385,,,,,,,,,,,,,,,,,,,,,,,,,,,,,,,,,,,,,0.0,0.0
2012-07-20,0.0005334215399999953,-0.0009187876000000261,,0.17675594789999982,0.004999999999999893,-0.05966172024095373,13.0,,,-0.06057990227866711,13.0,,,-52.323891600000024,-58.55021970312844,,-58.80587454091956,,4.25,3.174,3.231252830489596,3.174,0.004999999999999893,-1.076,-0.2829999999999999,-0.00567981713242151,,-0.0058169924377109924,,-0.05966172024095373,-0.05966172024095373,,,,,,,,,,,,,,,,,,,,,,,,,,,,,,,,,,,,,0.0,-0.0
2012-07-27,-0.001181844749999994,0.000555506600000033,-0.007041520880000013,,0.03500000000000014,-0.1016428269925338,13.0,,,-0.09913538438493313,13.0,,,-76.19310210000003,-78.58426985520748,,-78.89123813424465,,4.25,3.209,3.231252830489596,3.209,0.03500000000000014,-1.041,0.004999999999999893,-0.008617679049558223,,-0.008780987931672105,,-0.1016428269925338,-0.1016428269925338,,,,,,,,,,,,,,,,,,,,,,,,,,,,,,,,,,,,,0.0,-0.0
2012-08-03,0.002113733020000008,0.0007585494599999798,0.0008499120200000099,,-0.22199999999999998,0.21411741148467833,13.0,,,0.17439434144674087,13.0,,,-6.376311600000008,-42.50470115058464,,-42.82465131811228,,4.25,2.987,3.473835693599257,2.987,-0.22199999999999998,-1.263,0.03500000000000014,-0.010737439490256713,,-0.010908702459936827,,0.21411741148467833,0.21411741148467833,,,,,,,,,,,,,,,,,,,,,,,,,,,,,,,,,,,,,0.0,0.0
2012-08-10,0.002355028069999987,0.0010869126699999954,0.0009424053000000043,0.019410689999999953,0.06099999999999994,0.01921684361650633,13.0,,,0.03081087012136996,13.0,,,40.602371400000266,44.69823532892087,,45.02639778698411,,4.25,3.048,3.473835693599257,3.048,0.06099999999999994,-1.202,-0.22199999999999998,0.00861804479191111,,0.008805874101459853,,0.01921684361650633,0.01921684361650633,,,,,,,,,,,,,,,,,,,,,,,,,,,,,,,,,,,,,0.0,0.0
2012-08-17,0.002457910940000002,0.0006638879399999964,0.008584490710000003,-0.00925612919999974,0.30299999999999994,-0.25513624855299577,13.0,,,-0.22401230698467095,13.0,,,128.78698910000003,165.11321040136278,,165.05585925445308,,4.25,3.351,3.473835693599257,3.351,0.30299999999999994,-0.899,0.06099999999999994,0.030564463693600108,,0.0305760611906526,,-0.25513624855299577,-0.25513624855299577,,,,,,,,,,,,,,,,,,,,,,,,,,,,,,,,,,,,,0.0,-0.0
2012-08-24,0.0017912791700000208,-0.0006923141299999824,0.004257419169999999,-0.04099618540000005,-0.17799999999999994,0.24748911157821907,13.0,,,0.20388214535394036,13.0,,,39.15769369999998,10.564171690371733,,10.28286336023941,,4.25,3.173,3.473835693599257,3.173,-0.17799999999999994,-1.077,0.30299999999999994,-0.005701189111557353,,-0.005827578133349827,,0.24748911157821907,0.24748911157821907,,,,,,,,,,,,,,,,,,,,,,,,,,,,,,,,,,,,,0.0,0.0
2012-08-31,-0.0006374665100000176,0.0017339331799999802,0.001269848609999985,0.0031096272000001868,-0.0990000000000002,0.20149028171955563,13.0,,,0.16675464406642562,13.0,,,75.69584000000032,58.50013911643255,,58.300101057943735,,4.25,3.074,3.473835693599257,3.074,-0.0990000000000002,-1.1760000000000002,-0.17799999999999994,0.0046907986299994766,,0.004619794682655526,,0.20149028171955563,0.20149028171955563,,,,,,,,,,,,,,,,,,,,,,,,,,,,,,,,,,,,,0.0,0.0
2012-09-07,0.0023118067300000322,-0.001335327850000012,,0.01922285239999999,0.11000000000000032,-0.32032175610671854,13.0,,,-0.2900564198518861,13.0,,,42.941184799999974,47.850115719123785,,47.478931395848534,,4.25,3.184,3.6823577378584043,3.184,0.11000000000000032,-1.0659999999999998,-0.0990000000000002,0.0068967610371985875,,0.006664173375083949,,-0.32032175610671854,-0.32032175610671854,,,,,,,,,,,,,,,,,,,,,,,,,,,,,,,,,,,,,0.0,-0.0
2012-09-14,0.01404555075999997,0.0059869909500000484,,0.1306245761999998,0.03399999999999981,0.014133193970807145,13.0,,,0.014746085910426365,13.0,,,600.6793994,600.461280884723,,600.5037979164308,,4.25,3.218,3.6823577378584043,3.218,0.03399999999999981,-1.032,0.11000000000000032,0.07447833728609947,,0.07451721966672757,,0.014133193970807145,0.014133193970807145,,,,,,,,,,,,,,,,,,,,,,,,,,,,,,,,,,,,,0.0,0.0
2012-09-21,-0.00030877711999999224,0.0005435509599999722,-0.0023620608199999837,-0.01169650209999995,-0.19499999999999984,0.19509472248786897,13.0,,,0.15961473997267211,13.0,,,-35.624304900000425,-67.92365349555007,,-68.1985857528532,,4.25,3.023,3.6823577378584043,3.023,-0.19499999999999984,-1.2269999999999999,0.03399999999999981,-0.02431077774659546,,-0.02445796722330197,,0.19509472248786897,0.19509472248786897,,,,,,,,,,,,,,,,,,,,,,,,,,,,,,,,,,,,,0.0,0.0
2012-09-28,-0.0001933336800000185,-0.004792610410000009,0.0008257560199999847,-0.02159037609999981,-0.01200000000000001,-0.027555884239468864,13.0,,,-0.013884929505523086,13.0,,,-74.26099649999924,-82.493280229867,,-82.30267321154807,,4.25,3.011,3.6823577378584043,3.011,-0.01200000000000001,-1.2389999999999999,-0.19499999999999984,-0.00977876238038997,,-0.009698960504632379,,-0.027555884239468864,-0.027555884239468864,,,,,,,,,,,,,,,,,,,,,,,,,,,,,,,,,,,,,0.0,-0.0
2012-10-05,0.0003214419900000043,-0.0018784660699999733,0.0021927355199999887,0.017926751699999688,-0.03500000000000014,-0.16486047016727484,13.0,,,-0.14561616003526404,13.0,,,57.9973734999985,43.415208060422465,,43.260626236484754,,4.25,2.976,3.204183970032,2.976,-0.03500000000000014,-1.274,-0.01200000000000001,0.004049759982304155,,0.003913502916252051,,-0.16486047016727484,-0.16486047016727484,,,,,,,,,,,,,,,,,,,,,,,,,,,,,,,,,,,,,0.0,-0.0
2012-10-12,-0.0007889174599999826,-0.002155692759999994,0.0010147233500000241,-0.017618265099999864,-0.07900000000000018,0.071529238357732,13.0,,,0.05594333253138048,13.0,,,-124.75539389999904,-141.44570069228348,,-141.63060123369343,,4.25,2.897,3.204183970032,2.897,-0.07900000000000018,-1.3530000000000002,-0.03500000000000014,-0.020332810134704025,,-0.020428632378239504,,0.071529238357732,0.071529238357732,,,,,,,,,,,,,,,,,,,,,,,,,,,,,,,,,,,,,0.0,0.0
2012-10-19,-0.0012860213099999962,-0.004429998340000019,0.00046834775999998746,0.017604065000000002,-0.004999999999999893,-0.005627444168120221,13.0,,,-0.009957982253959191,13.0,,,35.259883299999274,28.56065512808906,,28.405104176762865,,4.25,2.892,3.204183970032,2.892,-0.004999999999999893,-1.358,-0.07900000000000018,0.005422169419131609,,0.005345664660279689,,-0.005627444168120221,-0.005627444168120221,,,,,,,,,,,,,,,,,,,,,,,,,,,,,,,,,,,,,0.0,-0.0
2012-10-26,-0.005929367299999988,-0.00292140112,-0.002751543120000005,-0.04587677080000008,0.17500000000000027,-0.32548740010154165,13.0,,,-0.2880572467056354,13.0,,,-243.37143959999958,-228.42710872695483,,-228.62324769630527,,4.25,3.067,3.204183970032,3.067,0.17500000000000027,-1.1829999999999998,-0.004999999999999893,-0.023868837072083128,,-0.023994124317788416,,-0.32548740010154165,-0.32548740010154165,,,,,,,,,,,,,,,,,,,,,,,,,,,,,,,,,,,,,0.0,-0.0
2012-11-02,0.0008009851399999879,0.001042587220000002,-0.0009242635099999952,-0.012727020299999836,-0.2190000000000003,0.5658731692274057,13.0,,,0.4904778956771828,13.0,,,-14.895091200000024,-43.47932528466123,,-43.438947355406974,,4.25,2.848,2.635292274523033,2.848,-0.2190000000000003,-1.4020000000000001,0.17500000000000027,-0.005568332454190104,,-0.005457873460824903,,0.5658731692274057,0.5658731692274057,,,,,,,,,,,,,,,,,,,,,,,,,,,,,,,,,,,,,0.0,0.0
2012-11-09,0.004259336329999974,-0.013918399640000023,0.0008009657199999909,-0.0660041724,0.10600000000000032,-0.28531016903069445,13.0,,,-0.2522149281549958,13.0,,,4.345263799999884,9.334556594091119,,9.147734985200223,,4.25,2.954,2.635292274523033,2.954,0.10600000000000032,-1.2959999999999998,-0.2190000000000003,0.0036503141943367468,,0.0035155402991280896,,-0.28531016903069445,-0.28531016903069445,,,,,,,,,,,,,,,,,,,,,,,,,,,,,,,,,,,,,0.0,-0.0
2012-11-16,0.001302706049999991,0.0006229121200000409,-0.0022650331899999876,0.011769596799999782,0.03399999999999981,0.10293307407229318,13.0,,,0.08764450670764357,13.0,,,-368.97191119999934,-367.4036636174427,,-367.4326840854095,,4.25,2.988,2.635292274523033,2.988,0.03399999999999981,-1.262,0.10600000000000032,-0.044591519950908244,,-0.04455970365535605,,0.10293307407229318,0.10293307407229318,,,,,,,,,,,,,,,,,,,,,,,,,,,,,,,,,,,,,0.0,0.0
2012-11-23,0.010658727970000004,-0.0045005068200000276,0.003554849649999997,0.1406001304000002,0.015000000000000124,-0.06868109864461414,13.0,,,-0.06172228693366788,13.0,,,124.45158569999967,119.60371167092609,,119.50633255405545,,4.25,3.003,2.635292274523033,3.003,0.015000000000000124,-1.2469999999999999,0.03399999999999981,0.022190662334542633,,0.02213120459122419,,-0.06868109864461414,-0.06868109864461414,,,,,,,,,,,,,,,,,,,,,,,,,,,,,,,,,,,,,0.0,-0.0
2012-11-30,0.004510488760000042,0.013702737460000003,-0.001351944110000003,0.15834712519999972,-0.06200000000000028,-0.6464952769227,13.0,,,-0.5705118526544994,13.0,,,-40.70044390000021,-69.1832582293961,,-69.65396746997168,,4.25,2.941,2.635292274523033,2.941,-0.06200000000000028,-1.3090000000000002,0.015000000000000124,-0.0175855409408623,,-0.018031275709671293,,-0.6464952769227,-0.6464952769227,,,,,,,,,,,,,,,,,,,,,,,,,,,,,,,,,,,,,0.0,-0.0
2012-12-07,0.007353351979999978,0.0005669270199999965,0.0031248163500000037,0.08982407030000017,0.025000000000000355,-0.016450698252512566,13.0,,,-0.02052504031271407,13.0,,,-29.228519799999958,-31.465792501942328,,-31.64106532657286,,4.25,2.966,2.623158585872601,2.966,0.025000000000000355,-1.2839999999999998,-0.06200000000000028,-0.0023226194195294825,,-0.002400653518129562,,-0.016450698252512566,-0.016450698252512566,,,,,,,,,,,,,,,,,,,,,,,,,,,,,,,,,,,,,0.0,-0.0
2012-12-14,-0.0010786023700000147,0.007663358060000014,0.0017038381099999944,0.02661908249999989,0.06199999999999983,-0.0589237710988359,13.0,,,-0.05229761352991358,13.0,,,114.6818347999997,117.36175201798851,,117.30721608371901,,4.25,3.028,2.623158585872601,3.028,0.06199999999999983,-1.222,0.025000000000000355,0.01766956494483208,,0.017650544024520924,,-0.0589237710988359,-0.0589237710988359,,,,,,,,,,,,,,,,,,,,,,,,,,,,,,,,,,,,,0.0,-0.0
2012-12-21,0.0027786380400000033,0.008257307509999978,-0.00019049763999998137,-0.022660286599999857,0.03399999999999981,-0.005627444168119861,13.0,,,-0.0073876167802076065,13.0,,,75.10989830000017,74.49425972047767,,74.41363387281756,,4.25,3.062,2.623158585872601,3.062,0.03399999999999981,-1.1880000000000002,0.06199999999999983,0.00882364704345841,,0.00879724601077072,,-0.005627444168119861,-0.005627444168119861,,,,,,,,,,,,,,,,,,,,,,,,,,,,,,,,,,,,,0.0,-0.0
2012-12-28,0.019752602790000018,0.000824206350000023,0.006813590919999973,-0.04418013590000003,-0.0029999999999996696,-0.007021348103231961,13.0,,,-0.008315804312396424,13.0,,,125.35392120000051,118.93863114713875,,118.85049245228393,,4.25,3.059,2.623158585872601,3.059,-0.0029999999999996696,-1.1909999999999998,0.03399999999999981,0.013571047007491793,,0.013526606639126838,,-0.007021348103231961,-0.007021348103231961,-0.004586070575682357,,,,,,,,,,,,,,,,,,-0.004586070575682357,,,,,,,,,,,,,,,,,,0.0,-0.0
2013-01-04,0.012019839089999984,0.009854382029999997,0.0054695340900000056,0.03731396819999988,0.07399999999999984,0.02782625027454469,13.0,,,0.018887230284802548,13.0,,,273.8509195000006,280.1478400153704,,280.0271432580127,,4.25,3.133,2.839897919626702,3.133,0.07399999999999984,-1.117,-0.0029999999999996696,0.035198810622876234,,0.03517867347549744,,0.02782625027454469,0.02782625027454469,-0.00411513664922578,,,,,,,,,-0.0070384232914689525,,,,,,,,,-0.005576779970347366,,,,,,,,,-0.005898341500994116,,,,,,,,,0.0,0.0
2013-01-11,0.0053183490300000025,0.019267374160000017,0.005391770610000013,0.10530168370000004,0.06599999999999984,-0.07146890651483503,13.0,,,-0.06400705624366798,13.0,,,322.9899459999997,326.0414536152338,,325.9653208794076,,4.25,3.199,2.839897919626702,3.199,0.06599999999999984,-1.0510000000000002,0.07399999999999984,0.0359763490033699,,0.035943779595939924,,-0.07146890651483503,-0.07146890651483503,-0.004153456121093203,,,,,,,,,-0.0065109692602001844,,,,,,,,,-0.005332212690646694,,,,,,,,,-0.005591539135948462,,,,,,,,,0.0,-0.0
2013-01-18,-0.0006213025999999844,0.03126409308,-0.0014861769000000247,-0.013903314099999786,-0.15399999999999991,0.30111341590543206,13.0,,,0.2536472768873981,13.0,,,-171.48337830000128,-195.2544054739005,,-195.4349102649395,,4.25,3.045,2.839897919626702,3.045,-0.15399999999999991,-1.205,0.06599999999999984,-0.03183234753460763,,-0.031885385051026824,,0.30111341590543206,0.30111341590543206,-0.004213770547560148,,,,,,,,,-0.0033999071105731207,,,,,,,,,-0.0038068388290666342,,,,,,,,,-0.003717313850998061,,,,,,,,,0.0,0.0
2013-01-25,0.0019388050099999887,0.0023752486499999947,-0.0015271673899999727,0.08096062979999985,0.05500000000000016,-0.049494420949556354,13.0,,,-0.04173055547115989,13.0,,,-160.11176539999906,-158.3340865216439,,-158.33233145441946,,4.25,3.1,2.839897919626702,3.1,0.05500000000000016,-1.15,-0.15399999999999991,-0.014154964610086772,,-0.014146407392746967,,-0.049494420949556354,-0.049494420949556354,-0.0037339570376720556,,,,,,,,,-0.0029459277456476913,,,,,,,,,-0.003339942391659873,,,,,,,,,-0.0032532591695371934,,,,,,,,,0.0,-0.0
2013-02-01,0.0042155097600000135,0.009572716469999965,-0.0005050772499999856,-0.02208461890000013,0.23499999999999988,-0.22635623201040903,13.0,,,-0.19538129156872208,13.0,,,155.93996089999928,182.23785854133502,,182.24983526192307,,4.25,3.335,2.4249890269392225,3.335,0.23499999999999988,-0.915,0.05500000000000016,0.0319914138805069,,0.032019635367907466,,-0.22635623201040903,-0.22635623201040903,-0.004336455082539813,,,,,,,,,-0.003659255417721448,,,,,,,,,-0.00399785525013063,,,,,,,,,-0.00392336328700061,,,,,,,,,0.0,-0.0
2013-02-08,-0.0033339545100000145,-0.012223981589999988,,-0.09926106239999966,-0.04499999999999993,0.19806804646197454,13.0,,,0.14382857421179052,13.0,,,-34.72897929999999,-43.5700927341499,,-44.22056576895002,,4.25,3.29,2.4249890269392225,3.29,-0.04499999999999993,-0.96,0.23499999999999988,-0.007951795160313031,,-0.008219454849883205,,0.19806804646197454,0.19806804646197454,-0.005124572894203594,,,,,,,,,-0.004128591152955639,,,,,,,,,-0.004626582023579616,,,,,,,,,-0.004517024032042341,,,,,,,,,0.0,0.0
2013-02-15,-0.0006948292899999764,0.0011223666899999873,,0.05404216159999997,0.03600000000000003,-0.03366951156858949,13.0,,,-0.03409085809084378,13.0,,,-231.31327819999933,-232.1810534359082,,-232.3249767310638,,4.25,3.326,2.4249890269392225,3.326,0.03600000000000003,-0.9239999999999999,-0.04499999999999993,-0.026012326020191684,,-0.02607641261224513,,-0.03366951156858949,-0.03366951156858949,-0.005163920658474519,,,,,,,,,-0.004818172904474692,,,,,,,,,-0.004991046781474605,,,,,,,,,-0.004953014528534624,,,,,,,,,0.0,-0.0
2013-02-22,0.0006445441899999849,0.0013167408800000002,,-0.011944376100000209,0.04899999999999993,-0.07630657311316216,13.0,,,-0.0685765948636704,13.0,,,-225.05533879999984,-224.75297047914188,,-224.84558025094526,,4.25,3.375,2.4249890269392225,3.375,0.04899999999999993,-0.875,0.03600000000000003,-0.022407160167320594,,-0.022454127919257626,,-0.07630657311316216,-0.07630657311316216,-0.005398990691604172,,,,,,,,,-0.005017801184209536,,,,,,,,,-0.005208395937906854,,,,,,,,,-0.005166465092093444,,,,,,,,,0.0,-0.0
2013-03-01,0.006514878499999988,0.05929884740000002,,-0.01652869879999974,-0.07100000000000017,-0.04719270230238759,13.0,,,-0.04372972861740987,13.0,,,-25.864701600000444,-43.69539366199781,,-43.833689560960025,,4.25,3.304,2.5677987878363053,3.304,-0.07100000000000017,-0.9460000000000002,0.04899999999999993,-0.004472612439804991,,-0.004578443502975581,,-0.04719270230238759,-0.04719270230238759,-0.005457625800368031,,,,,,,,,-0.011686361354629266,,,,,,,,,-0.00857199357749865,,,,,,,,,-0.009257154488467385,,,,,,,,,0.0,-0.0
2013-03-08,0.0067279747200000295,-0.015510622630000026,,0.04495551089999994,0.0900000000000003,-0.19093467318876484,13.0,,,-0.17039162724058776,13.0,,,-125.11795559999973,-120.72596499809171,,-120.89247543506801,,4.25,3.394,2.5677987878363053,3.394,0.0900000000000003,-0.8559999999999999,-0.07100000000000017,-0.012569724596691388,,-0.01267203303468448,,-0.19093467318876484,-0.19093467318876484,-0.005598290397115829,,,,,,,,,-0.01148480920581384,,,,,,,,,-0.008541549801464834,,,,,,,,,-0.009189066870421616,,,,,,,,,0.0,-0.0
2013-03-15,-0.01954987421000004,0.004233324290000007,0.005878512579999995,-0.045064190300000195,-0.02499999999999991,0.2319101852446252,13.0,,,0.1990984096111259,13.0,,,-48.57104630000049,-53.61157593128482,,-53.63528538510856,,4.25,3.369,2.5677987878363053,3.369,-0.02499999999999991,-0.8809999999999998,0.0900000000000003,-0.0038525271295547004,,-0.0038009427446132026,,0.2319101852446252,0.2319101852446252,-0.009454865021531682,,,,,,,,,-0.012144241476282173,,,,,,,,,-0.010799553248906928,,,,,,,,,-0.011095384658929482,,,,,,,,,0.0,0.0
2013-03-22,0.013539374220000011,-0.005850261789999978,0.00842790417,0.002465218300000238,0.01599999999999957,-0.1537912330355099,13.0,,,-0.1359772895086968,13.0,,,-72.57325479999963,-78.97727971204185,,-79.10888787176307,,4.25,3.385,2.5677987878363053,3.385,0.01599999999999957,-0.8650000000000002,-0.02499999999999991,-0.00957713032021667,,-0.009679572829130052,,-0.1537912330355099,-0.1537912330355099,-0.010339836729471974,,,,,,,,,-0.011023330115464821,,,,,,,,,-0.010681583422468399,,,,,,,,,-0.010756767694927612,,,,,,,,,0.0,-0.0
2013-03-29,-0.003996175150000003,-0.010252183999999998,,0.0012340373999997212,-0.022999999999999687,-0.012104997748930979,13.0,,,-0.015027314160524385,13.0,,,-48.59385540000039,-58.23120155996448,,-58.38236803087818,,4.25,3.362,2.5677987878363053,3.362,-0.022999999999999687,-0.8879999999999999,0.01599999999999957,-0.007011580368654813,,-0.007094973095433391,,-0.012104997748930979,-0.012104997748930979,-0.009815831263976237,,,,,,,,,-0.011071359122605862,,,,,,,,,-0.01044359519329105,,,,,,,,,-0.01058170325774031,,,,,,,,,0.0,-0.0
2013-04-05,0.000772079700000039,0.00017277072999999366,,-0.009661476299999805,-0.5230000000000001,0.6252370779933107,13.0,,,0.5411712147428281,13.0,,,-117.40502339999966,-192.21584875635574,,-192.28991618010076,,4.25,2.839,2.288645064478823,2.839,-0.5230000000000001,-1.411,-0.022999999999999687,-0.03925059488735821,,-0.03929359324603909,,0.6252370779933107,0.6252370779933107,-0.009431881701521736,,,,,,,,,-0.010344026462817313,,,,,,,,,-0.009887954082169526,,,,,,,,,-0.009988290005912039,,,,,,,,,0.0,0.0
2013-04-12,0.0021677845799999984,-0.00829726356999999,0.0015707956600000128,0.015845990499999907,0.2509999999999999,-0.6032022605851339,13.0,,,-0.5329559571213592,13.0,,,-112.2862283000004,-91.07342108609066,,-91.41553925336694,,4.25,3.09,2.288645064478823,3.09,0.2509999999999999,-1.1600000000000001,-0.5230000000000001,-0.00465436184315926,,-0.004904888034246503,,-0.6032022605851339,-0.6032022605851339,-0.009359087674013795,,,,,,,,,-0.010398320254009934,,,,,,,,,-0.009878703964011864,,,,,,,,,-0.009993019547811439,,,,,,,,,0.0,-0.0
2013-04-19,-0.006123070280000031,-0.03201437064000001,-0.0021447137499999713,-0.08224614409999997,-0.18299999999999983,0.3676409050286429,13.0,,,0.31283708182460945,13.0,,,-532.8362604999993,-559.7926648007416,,-559.9298868714244,,4.25,2.907,2.288645064478823,2.907,-0.18299999999999983,-1.343,0.2509999999999999,-0.07987205555061887,,-0.0798938420507963,,0.3676409050286429,0.3676409050286429,-0.00886541777591009,,,,,,,,,-0.011078898106415307,,,,,,,,,-0.009972157941162699,,,,,,,,,-0.010215640777518274,,,,,,,,,0.0,0.0
2013-04-26,-0.0021041906900000074,0.00023847793999998146,0.006946558939999958,-0.036350998800000145,0.09399999999999986,-0.11897370664123691,13.0,,,-0.1069178798471232,13.0,,,-117.89498650000041,-111.43141631803303,,-111.55093828897714,,4.25,3.001,2.288645064478823,3.001,0.09399999999999986,-1.249,-0.18299999999999983,-0.003236171118076543,,-0.003290749692668597,,-0.11897370664123691,-0.11897370664123691,-0.010061123981803255,,,,,,,,,-0.01080331198454367,,,,,,,,,-0.010432217983173463,,,,,,,,,-0.010513858663474908,,,,,,,,,0.0,-0.0
2013-05-03,-0.0010747420199999635,-0.008758644139999994,-0.007360358229999975,0.04619245100000002,0.07500000000000018,-0.15105534753091127,13.0,,,-0.1414036166199506,13.0,,,-103.297818,-100.4434266261794,,-100.73584141636888,,4.25,3.076,2.4429698851867956,3.076,0.07500000000000018,-1.174,0.09399999999999986,-0.010625426100371678,,-0.010781309259908485,,-0.15105534753091127,-0.15105534753091127,-0.009964719653298051,,,,,,,,,-0.00995585387385267,,,,,,,,,-0.009960286763575361,,,,,,,,,-0.009959311527836369,,,,,,,,,0.0,-0.0
2013-05-10,0.00985247149999996,0.011412592970000024,0.003811468210000002,0.13266859630000027,-0.004999999999999893,0.010115470863721915,13.0,,,0.00953395592198647,13.0,,,152.2776942999999,145.89516261080811,,145.88143447871983,,4.25,3.071,2.4429698851867956,3.071,-0.004999999999999893,-1.1789999999999998,0.07500000000000018,0.023895670180585925,,0.02389196397883214,,0.010115470863721915,0.010115470863721915,-0.009945650419595171,,,,,,,,,-0.009957073129668202,,,,,,,,,-0.009951361774631688,,,,,,,,,-0.00995261827273972,,,,,,,,,0.0,0.0
2013-05-17,-0.02750944204,-0.017537570569999994,-0.005494367410000034,-0.10148370490000014,0.32299999999999995,-0.21761290863762436,13.0,,,-0.19288232513590864,13.0,,,-579.2879537999997,-539.0870948468779,,-539.1595909665281,,4.25,3.394,2.4429698851867956,3.394,0.32299999999999995,-0.8559999999999999,-0.004999999999999893,-0.07572526356867011,,-0.0757022423046029,,-0.21761290863762436,-0.21761290863762436,-0.01093793616459272,,,,,,,,,-0.010761584571476081,,,,,,,,,-0.010849760368034402,,,,,,,,,-0.01083036169279157,,,,,,,,,0.0,-0.0
2013-05-24,0.003930679810000004,0.0017772384699999977,-0.001266101109999973,-0.023741056300000007,-0.04700000000000015,0.47813921566453443,13.0,,,0.4157944988565272,13.0,,,-103.63199590000022,-107.15096309428033,,-107.03870279775866,,4.25,3.347,2.4429698851867956,3.347,-0.04700000000000015,-0.903,0.32299999999999995,-0.0032602336113996284,,-0.003074963966650593,,0.47813921566453443,0.47813921566453443,-0.009511503730863553,,,,,,,,,-0.010387265792297262,,,,,,,,,-0.009949384761580408,,,,,,,,,-0.010045718588338116,,,,,,,,,0.0,0.0
2013-05-31,-0.01692384819999998,-0.014253063280000033,-0.026882240870000018,-0.056685711400000116,0.42200000000000015,-0.22643822635953384,13.0,,,-0.20294958990810041,13.0,,,-276.5654251999995,-221.09914487139554,,-221.19421308911475,,4.25,3.769,2.4429698851867956,3.769,0.42200000000000015,-0.48099999999999987,-0.04700000000000015,-0.02216156356363193,,-0.022113285634995778,,-0.22643822635953384,-0.22643822635953384,-0.010235935373816668,,,,,,,,,-0.010867313209613632,,,,,,,,,-0.010551624291715151,,,,,,,,,-0.010621075853652816,,,,,,,,,0.0,-0.0
2013-06-07,-0.000709372659999985,0.0008348170799999943,0.0005249134300000236,-0.030423670299999817,0.06199999999999983,-0.15100342516528897,13.0,,,-0.13540609718119767,13.0,,,36.68174889999955,37.50932158625506,,37.35212480834458,,4.25,3.831,2.7414628946709496,3.831,0.06199999999999983,-0.41900000000000004,0.42200000000000015,0.01415931202974648,,0.014063987465544466,,-0.15100342516528897,-0.15100342516528897,-0.009297922897690132,,,,,,,,,-0.009446648314369957,,,,,,,,,-0.009372285606030045,,,,,,,,,-0.009388645401864825,,,,,,,,,0.0,-0.0
2013-06-14,0.004973198209999974,0.00882816392000002,-0.005036650320000002,-0.025539220200000212,-0.09099999999999975,0.1384366272430613,13.0,,,0.11727510869671742,13.0,,,127.46275340000011,110.24653293853434,,110.15396302216301,,4.25,3.74,2.7414628946709496,3.74,-0.09099999999999975,-0.5099999999999998,0.06199999999999983,0.015987018005335116,,0.015951311159309423,,0.1384366272430613,0.1384366272430613,-0.01024496712731663,,,,,,,,,-0.009191065127456051,,,,,,,,,-0.00971801612738634,,,,,,,,,-0.009602086907401677,,,,,,,,,0.0,0.0
2013-06-21,-0.005408517309999972,-0.0005194605500000171,-0.0001774356700000035,-0.009026501899999761,0.7930000000000001,-0.40723576617834767,13.0,,,-0.3507150420175744,13.0,,,-400.43128400000023,-290.729968974068,,-290.5263768122943,,4.25,4.533,2.7414628946709496,4.533,0.7930000000000001,0.28300000000000036,-0.09099999999999975,-0.03043331018563057,,-0.030156216716244633,,-0.40723576617834767,-0.40723576617834767,-0.006416213000262953,,,,,,,,,-0.005618463753819811,,,,,,,,,-0.006017338377041382,,,,,,,,,-0.005929585959932636,,,,,,,,,0.0,-0.0
2013-06-28,-0.013051470340000038,-0.007869099190000006,-0.0015627003299999997,-0.1589814368,0.14100000000000001,-0.29245747620412765,13.0,,,-0.2589264380031233,13.0,,,-49.24864769999931,-38.94350390133862,,-39.1314454319252,,4.25,4.674,2.7414628946709496,4.674,0.14100000000000001,0.4240000000000004,0.7930000000000001,0.005495160739176001,,0.005372647110844396,,-0.29245747620412765,-0.29245747620412765,-0.003626178353012029,,,-0.0034813575771965493,,,,,,-0.0013417437793749893,,,,,,,,,-0.0024839610661935092,,,-0.0034813575771965493,,,,,,-0.0022326732630934347,,,,,,,,,0.0,-0.0
2013-07-05,0.0008883787400000287,-0.0019164901199999473,0.004475355739999992,-0.01651285580000028,-0.21799999999999997,0.4890582628976802,13.0,,,0.4182220662484033,13.0,,,-132.27662770000006,-162.25013953485822,,-162.36383616051265,,4.25,4.456,3.1995827356900994,4.456,-0.21799999999999997,0.2060000000000004,0.14100000000000001,-0.03121378597724137,,-0.03120075424396025,,0.4890582628976802,0.4890582628976802,-0.003087077201728989,,,-0.0032011202396215943,,,,,,-0.002241924291501671,,,-0.0019180943697512023,,,,,,-0.00266450074661533,,,-0.0025596073046863983,,,,,,-0.0025715339264903254,,,-0.002418474459000655,,,,,,0.0,0.0
2013-07-12,-0.014294485890000042,-0.017884899720000014,0.000511609619999992,-0.10278909599999997,0.06799999999999962,-0.22545429417004215,13.0,,,-0.20030782539341097,13.0,,,-35.08294300000034,-34.81714390290004,,-35.00112357430213,,4.25,4.524,3.1995827356900994,4.524,0.06799999999999962,0.274,-0.21799999999999997,-0.001904808419946588,,-0.0020339362720165743,,-0.22545429417004215,-0.22545429417004215,-0.0014158462511031688,,,-0.002283849480123989,,,,,,7.037707970348247e-05,,,-0.0006397677931355679,,,,,,-0.0006727345856998431,,,-0.0014618086366297784,,,,,,-0.0005092500193111116,,,-0.0012809596510610522,,,,,,0.0,-0.0
2013-07-19,-0.013388288209999988,-0.0038036052900000117,0.011946150350000018,0.0,-0.5369999999999999,0.3297294437497701,13.0,,,0.2869192299642864,13.0,,,145.97655209999994,63.037217175093005,,62.92170989033883,,4.25,3.987,3.1995827356900994,3.987,-0.5369999999999999,-0.2629999999999999,0.06799999999999962,-0.0008085161608636302,,-0.0009669316870928729,,0.3297294437497701,0.3297294437497701,0.00027316484921427605,,,-0.0001391781271669946,,,,,,0.0009788362178482658,,,0.0006523008784961701,,,,,,0.0006260005335312708,,,0.00025656137566458775,,,,,,0.0007036243840810098,,,0.00034362406628753585,,,,,,0.0,0.0
2013-07-26,-0.0036810175599999995,-0.015211763970000014,-0.0008966220500000177,0.1069528980000003,0.3179999999999996,-0.45052669633958375,13.0,,,-0.3977975726266161,13.0,,,-70.36189449999983,-35.62645428017795,,-35.835664150207556,,4.25,4.305,3.1995827356900994,4.305,0.3179999999999996,0.054999999999999716,-0.5369999999999999,-0.0029151366605118176,,-0.0030307567666493576,,-0.45052669633958375,-0.45052669633958375,0.00022427043092343067,,,0.0003398664262538062,,,,,,0.00113291686135953,,,0.0009101644271570456,,,,,,0.0006785936461414803,,,0.0006250154267054259,,,,,,0.0007785447534894512,,,0.0006877482068047822,,,,,,0.0,-0.0
2013-08-02,0.003536634059999988,-0.0038647895499999696,0.0021492012300000363,,0.18599999999999994,-0.11920550268106667,13.0,,,-0.10634668751962328,13.0,,,-14.481584799999837,6.328354255052371,,6.261044908179361,,4.25,4.491,3.2340867144807084,4.491,0.18599999999999994,0.24099999999999966,0.3179999999999996,0.008110748945138028,,0.008114797843572972,,-0.11920550268106667,-0.11920550268106667,0.00014305699525905802,,,0.0003254195540569344,,,,,,0.0011369137186946353,,,0.0008198555101005594,,,,,,0.0006399853569768467,,,0.0005726375320787469,,,,,,0.0007493095965547601,,,0.0006270254872435457,,,,,,0.0,-0.0
2013-08-09,0.012653075570000005,0.0004080080199999614,0.002946427409999952,,-0.026999999999999247,0.01815091707788974,13.0,,,0.013206360660355854,13.0,,,118.02418189999935,108.3715288858482,,108.27438403597412,,4.25,4.464,3.2340867144807084,4.464,-0.026999999999999247,0.2140000000000004,0.18599999999999994,0.019718740757592067,,0.01966878945896986,,0.01815091707788974,0.01815091707788974,0.00014702884895780727,,,-1.076262377925621e-06,,,,,,0.0010732014785667307,,,0.0008187111509768293,,,,,,0.000610115163762269,,,0.00040881744429945184,,,,,,0.0007119941530192506,,,0.0004989940597684749,,,,,,0.0,0.0
2013-08-16,0.000885194580000026,0.006500150660000037,-0.003573157869999982,0.0,0.09199999999999964,0.1627889489329437,13.0,,,0.14262176822954142,13.0,,,317.8452563000001,329.6649999514434,,329.74663876657456,,4.25,4.556,3.2340867144807084,4.556,0.09199999999999964,0.30600000000000005,-0.026999999999999247,0.05847233412063805,,0.05859712935871804,,0.1627889489329437,0.1627889489329437,-0.0007697325444349152,,,-0.0010933953490674712,,,,,,0.0014589106663289264,,,0.0004962457994614382,,,,,,0.0003445890609470056,,,-0.00029857477480301647,,,,,,0.0005897398141310281,,,-0.00012371424846483646,,,,,,0.0,0.0
2013-08-23,0.0024886253599999963,-0.008905900369999997,-0.0013324793099999954,-0.06133529989999964,0.6740000000000004,-1.0459717458556999,13.0,,,-0.9137984414821407,13.0,,,43.191380300000674,121.4806475933528,,121.2437027031328,,4.25,5.23,3.2340867144807084,5.23,0.6740000000000004,0.9800000000000004,0.09199999999999964,0.027958256528644716,,0.027782911731752673,,-1.0459717458556999,-1.0459717458556999,-0.002342657193155042,,,-0.0026981599741950266,,,,,,0.0016712756634132122,,,0.0007025597829008012,,,,,,-0.0003356907648709149,,,-0.0009978000956471127,,,,,,0.00010584184935159293,,,-0.0006237209223665718,,,,,,0.0,-0.0
2013-08-30,0.0025856280100000073,-0.004399854809999992,-0.00017658982999999018,-0.07778206280000033,-0.484,0.9624157476381259,13.0,,,0.8349782682007605,13.0,,,-31.805188600000292,-93.7494811474038,,-93.68065008082448,,4.25,4.746,3.2340867144807084,4.746,-0.484,0.49600000000000044,0.6740000000000004,-0.025659789390598896,,-0.02551678662461155,,0.9624157476381259,0.9624157476381259,-0.000535795752577021,,,-0.0018666357758376525,,,,,,0.0014016101027572666,,,-6.425231839518337e-05,,,,,,0.0004329071750901228,,,-0.000965444047116418,,,,,,0.0006460218191768944,,,-0.0007671818667977465,,,,,,0.0,0.0
2013-09-06,0.012492117079999976,0.01207536951999999,0.0010633230899999846,0.08784655190000024,0.021999999999999353,0.2672497497171477,13.0,,,0.22851481447738897,13.0,,,125.02209459999995,128.02398800019537,,127.99876615169003,,4.25,4.768,2.8001605954532,4.768,0.021999999999999353,0.5179999999999998,-0.484,0.024794151942673877,,0.02487350490859677,,0.2672497497171477,0.2672497497171477,0.001278829759653501,,,-0.00045751400014087734,,,,,,0.003654793512850448,,,0.0022094752188123274,,,,,,0.0024668116362519745,,,0.000875980609335725,,,,,,0.0027281676491036386,,,0.0011693494234205775,,,,,,0.0,0.0
2013-09-13,-0.0010565361500000092,-0.0007921432300000419,0.0005350866999999926,,-0.02799999999999958,-0.2616957964829311,13.0,,,-0.2332227832656133,13.0,,,-144.2182541000002,-159.65650646336874,,-159.92129698072537,,4.25,4.74,2.8001605954532,4.74,-0.02799999999999958,0.4900000000000002,0.021999999999999353,-0.03157940210537846,,-0.03179608884665766,,-0.2616957964829311,-0.2616957964829311,0.00012956568798360834,,,-0.0012462052431220438,,,,,,0.002565138164227371,,,0.0009224555003599459,,,,,,0.0013473519261054897,,,-0.00016187487138104892,,,,,,0.0016152648984923035,,,7.667781040196996e-05,,,,,,0.0,-0.0
2013-09-20,-0.005764735039999969,-0.0009571022099999493,0.004921235420000031,,-0.3440000000000003,0.016821101445712583,13.0,,,0.00753478277573616,13.0,,,-33.82387759999983,-92.95194632213101,,-93.27329728719104,,4.25,4.396,2.8001605954532,4.396,-0.3440000000000003,0.1459999999999999,-0.02799999999999958,-0.022524485008820185,,-0.022802923452292276,,0.016821101445712583,0.016821101445712583,0.0008738168314168179,,,-0.00039591562748998873,,,,,,0.002192930931782052,,,0.0009589900886085707,,,,,,0.0015333738815994351,,,0.000281537230559291,,,,,,0.001678476432639611,,,0.00043057685933013256,,,,,,0.0,0.0
2013-09-27,-0.011522635040000007,-0.008228736790000024,-0.0022109554199999937,,0.14200000000000035,-0.289163903439531,13.0,,,-0.2545710965059347,13.0,,,-135.12720379999973,-124.59981450353652,,-124.7511882289758,,4.25,4.538,2.8001605954532,4.538,0.14200000000000035,0.28800000000000026,-0.3440000000000003,-0.017575664521107395,,-0.017680773774525836,,-0.289163903439531,-0.289163903439531,0.0011508667278470278,,,-0.00012226406847003722,,,,,,0.0023258711565345078,,,0.0009371701303747577,,,,,,0.0017383689421907678,,,0.00040745303095236025,,,,,,0.0018676194293463905,,,0.0005239907928252877,,,,,,0.0,-0.0
2013-10-04,-0.004638981689999988,0.002372189020000026,-0.02630522093000001,,-0.19600000000000062,0.4375520128480671,13.0,,,0.3750256464811994,13.0,,,-153.55862570000045,-181.13650804624484,,-181.2220406930866,,4.25,4.342,3.0017561829294848,4.342,-0.19600000000000062,0.09199999999999964,0.14200000000000035,-0.031588998146335534,,-0.03156943412641215,,0.4375520128480671,0.4375520128480671,0.0010225652054337978,,,2.4027824181638334e-05,,,,,,0.0026075417322773695,,,0.0015990186285574875,,,,,,0.0018150534688555838,,,0.0008115232263695629,,,,,,0.0019894008868083764,,,0.0009847722148509062,,,,,,0.0,0.0
2013-10-11,0.00270057953999997,-0.005282654870000014,0.012992296909999979,-0.027255740499999792,0.04400000000000048,-0.06679522861475817,13.0,,,-0.06636322459460775,13.0,,,-15.145294599999943,-15.431536204472316,,-15.665271117132573,,4.25,4.386,3.0017561829294848,4.386,0.04400000000000048,0.13600000000000012,-0.19600000000000062,0.002371171838117367,,0.002257531353216721,,-0.06679522861475817,-0.06679522861475817,0.0010577782692898182,,,0.00011381410975743454,,,,,,0.002574063309194156,,,0.0014945356373977444,,,,,,0.0018159207892419873,,,0.0008041748735775894,,,,,,0.001982712143631464,,,0.0009560542416180235,,,,,,0.0,-0.0
2013-10-18,0.00990133353,0.00023854812999996033,0.000865693289999997,,-0.1459999999999999,0.021758668439355144,13.0,,,0.011716272540492012,13.0,,,175.58501700000033,147.4421925325197,,147.19329461395506,,4.25,4.24,3.0017561829294848,4.24,-0.1459999999999999,-0.009999999999999787,0.04400000000000048,0.02265951804949873,,0.022492457132638602,,0.021758668439355144,0.021758668439355144,0.0008890474957827905,,,0.0001805199021840346,,,,,,0.0030082578110100693,,,0.0021107977775473154,,,,,,0.0019486526533964298,,,0.001145658839865675,,,,,,0.0021817657880714306,,,0.0013579894061556358,,,,,,0.0,0.0
2013-10-25,0.005873391800000016,0.004847976150000044,0.009562852140000022,,-0.04999999999999982,0.07513698971919536,13.0,,,0.06147211233412686,13.0,,,121.51094829999965,109.41691261011376,,109.30024530610442,,4.25,4.19,3.0017561829294848,4.19,-0.04999999999999982,-0.05999999999999961,-0.1459999999999999,0.013906881460783654,,0.013855369907690068,,0.07513698971919536,0.07513698971919536,0.0006700206376932152,,,-0.00013044743694186171,,,,,,0.0030331820738020983,,,0.0022268406527409424,,,,,,0.0018516013557476566,,,0.0010481966078995403,,,,,,0.002111549113719634,,,0.0013074982977646487,,,,,,0.0,0.0
2013-11-01,0.011821320580000017,0.011115269589999976,0.0005434476099999697,-0.027549882899999822,0.05600000000000005,-0.06751894395851576,13.0,,,-0.06522083993960681,13.0,,,21.942915800000264,23.513989106576144,,23.32613547430629,,4.25,4.246,2.920981552003301,4.246,0.05600000000000005,-0.0039999999999995595,-0.04999999999999982,0.0028663782499118314,,0.0027779404436543585,,-0.06751894395851576,-0.06751894395851576,0.001229502375317367,,,0.00019691774187740392,,,,,,0.003924408643098842,,,0.0027722141414193106,,,,,,0.0025769555092081046,,,0.0014845659416483571,,,,,,0.002873395198664067,,,0.001767848545597967,,,,,,0.0,-0.0
2013-11-08,-0.009389202700000043,-0.0014329450599999682,-0.0030486196799999754,-0.07405644560000013,0.17499999999999982,-0.14288231235416182,13.0,,,-0.13340692403494625,13.0,,,-190.9934245000004,-172.37567044585398,,-172.60731022254268,,4.0,4.421,2.920981552003301,4.421,0.17499999999999982,0.42100000000000026,0.05600000000000005,-0.025311536554203817,,-0.02539808689562105,,-0.14288231235416182,-0.14288231235416182,0.0012277953381220526,,,0.00022687657022504165,,,,,,0.0029495589683112204,,,0.0027591125978905693,,,,,,0.0020886771532166366,,,0.0014929945840578055,,,,,,0.002278071152537445,,,0.0017715405471010134,,,,,,0.0,-0.0
2013-11-15,-0.01106493234,-0.007996091660000038,-0.013262093209999992,-0.16453669960000017,0.021999999999999353,-0.022600274436823553,13.0,,,-0.01845446812552365,13.0,,,-69.34636219999993,-72.17531289568797,,-72.17928136430604,,4.0,4.443,2.920981552003301,4.443,0.021999999999999353,0.4429999999999996,0.17499999999999982,-0.0071904748111475975,,-0.007188749478356034,,-0.022600274436823553,-0.022600274436823553,0.0010094409617086965,,,0.0007389148162355664,,,,,,0.002872922247800888,,,0.0025994273020392036,,,,,,0.0019411816047547922,,,0.001669171059137385,,,,,,0.0021461645462249332,,,0.0018738274325757849,,,,,,0.0,-0.0
2013-11-22,-0.008657657979999955,-0.008368420399999965,,-0.009369369299999875,0.021000000000000796,0.06669157175940366,13.0,,,0.0464472600866872,13.0,,,-248.18924799999968,-249.37792530949687,,-249.6518093211102,,4.0,4.464,2.920981552003301,4.464,0.021000000000000796,0.4640000000000004,0.021999999999999353,-0.042088689690900676,,-0.042189973548755484,,0.06669157175940366,0.06669157175940366,0.0011758641240945792,,,0.000564631889773674,,,,,,0.0027162255051943144,,,0.0030462556355694216,,,,,,0.0019460448146444468,,,0.0018054437626715478,,,,,,0.002115484566565418,,,0.00207842237470908,,,,,,0.0,0.0
2013-11-29,0.005480441690000004,-0.004946696180000043,,-0.036039821599999744,0.020999999999999908,-0.07753648835002502,13.0,,,-0.07607349416211084,13.0,,,40.71730740000021,36.62722845976484,,36.37262475230692,,4.0,4.485,2.920981552003301,4.485,0.020999999999999908,0.4850000000000003,0.021000000000000796,0.013675114768373986,,0.013539835691582756,,-0.07753648835002502,-0.07753648835002502,0.003465698680212674,,,0.0009343423019725132,,,,,,0.00921463754726559,,,0.0031379981330588187,,,,,,0.006340168113739132,,,0.002036170217515666,,,,,,0.0069725513891149525,,,0.0022785723589351593,,,,,,0.0,-0.0
2013-12-06,-0.00024903724000002736,0.00023148449000004456,-0.015567692830000007,-0.0065991986000000225,0.14499999999999957,-0.08073426796586669,13.0,,,-0.07507390758898502,13.0,,,-186.46209290000024,-171.2738056990293,,-171.39458799573063,,4.0,4.63,2.8280240476424696,4.63,0.14499999999999957,0.6299999999999999,0.020999999999999908,-0.0290012323074813,,-0.02902722516299647,,-0.08073426796586669,-0.08073426796586669,0.0037666233394618993,,,0.0012759242047497516,,,,,,0.009475974837967558,,,0.0034054964448293184,,,,,,0.006621299088714729,,,0.002340710324789535,,,,,,0.007249327753550351,,,0.0025749632711982873,,,,,,0.0,-0.0
2013-12-13,0.015229767250000026,0.00944669549999999,,0.010856528799999765,-0.10200000000000031,-0.1661760520010942,13.0,,,-0.1513280833102657,13.0,,,274.44094570000016,249.38102007235804,,249.09369557452473,,4.0,4.528,2.8280240476424696,4.528,-0.10200000000000031,0.5279999999999996,0.14499999999999957,0.04791824133971052,,0.04769297944934894,,-0.1661760520010942,-0.1661760520010942,0.003065242254241138,,,0.00022102202017893662,,,,,,0.009302921452347943,,,0.003179252806042618,,,,,,0.00618408185329454,,,0.0017001374131107774,,,,,,0.006870226565086289,,,0.0020255427995557822,,,,,,0.0,-0.0
2013-12-20,0.0030694371899999684,0.01222225053999998,,0.14296674260000009,-0.052999999999999936,-0.010793088162943665,13.0,,,-0.01689794714296533,13.0,,,78.54640819999986,64.25576911175888,,64.02308350423854,,4.0,4.475,2.8280240476424696,4.475,-0.052999999999999936,0.47499999999999964,-0.10200000000000031,0.003400306670462575,,0.0032653214383074995,,-0.010793088162943665,-0.010793088162943665,0.0030778141208232706,,,0.000188789326382858,,,,,,0.00944804821482573,,,0.0030698069680178204,,,,,,0.0062629311678245,,,0.001629298147200339,,,,,,0.006963656918164772,,,0.0019462100877801851,,,,,,0.0,-0.0
2013-12-27,0.0010385164400000257,0.013047064990000024,,0.022357058999999957,-0.07599999999999962,0.3209560483934826,13.0,,,0.2734962102680307,13.0,,,14.549804199999926,3.345125735969262,,3.2612905509899335,,4.0,4.399,2.8280240476424696,4.399,-0.07599999999999962,0.399,-0.052999999999999936,-0.0012692411425066778,,-0.0012395043543068406,,0.3209560483934826,0.3209560483934826,0.0030498639987807307,,,0.00010272630894894762,,,-0.0003686684106660122,,,0.010639103775025426,,,0.00403416411671822,,,,,,0.006844483886903079,,,0.0020684452128335836,,,-0.0003686684106660122,,,0.007679300262289995,,,0.0025009033716882037,,,,,,0.0,0.0
2014-01-03,0.00012596825999999783,3.488520000000106e-05,,-0.010623408099999843,0.09499999999999975,-0.1482939393963576,13.0,,,-0.12096923299375106,13.0,,,51.007738999999674,57.037470499980316,,57.1776099768992,,4.0,4.494,3.029452887325104,4.494,0.09499999999999975,0.4939999999999998,-0.07599999999999962,0.012200475696191437,,0.0122599486642287,,-0.1482939393963576,-0.1482939393963576,0.002764053764511055,,,8.963816727613366e-05,,,-0.0004131717949025645,,,0.01091954164390838,,,0.004015109222321365,,,0.0032096573992741947,,,0.006841797704209717,,,0.002052373694798749,,,0.0013982428021858152,,,0.007738901370943423,,,0.0024841755108537243,,,0.0017967540135452587,,,0.0,-0.0
2014-01-10,0.004275356349999981,0.004528086549999977,,0.005365289499999815,-0.10199999999999942,0.08439867892239405,13.0,,,0.06736717908138434,13.0,,,89.62301480000042,69.60384152229331,,69.42025046900224,,4.0,4.392,3.029452887325104,4.392,-0.10199999999999942,0.39200000000000035,0.09499999999999975,0.00884934338055448,,0.00874923811092387,,0.08439867892239405,0.08439867892239405,0.002756089225820611,,,0.00014606981640235108,,,-0.0004230146967868992,,,0.010859961980247055,,,0.004055700292299932,,,0.0032591017041356815,,,0.0068080256030338335,,,0.002100885054351142,,,0.0014180435036743912,,,0.007699451606020742,,,0.002530944406699876,,,0.0018230763077758752,,,0.0,0.0
2014-01-17,0.006393214380000012,0.008270206940000024,,-0.05071846179999984,0.020999999999999908,-0.12271537471744731,13.0,,,-0.11127322134431306,13.0,,,117.37201230000028,112.37308043279693,,112.19930761617339,,4.0,4.413,3.029452887325104,4.413,0.020999999999999908,0.41300000000000026,-0.10199999999999942,0.01754443068748497,,0.017432645219933453,,-0.12271537471744731,-0.12271537471744731,0.0025666693393687576,,,0.0001000502566930548,,,-0.0005250253660578749,,,0.009653863913260426,,,0.003986270878288624,,,0.0032875445499831396,,,0.006110266626314592,,,0.0020431605674908395,,,0.0013812595919626323,,,0.006889858029442675,,,0.002470644835866352,,,0.0018006422827271439,,,0.0,-0.0
2014-01-24,-0.009853170859999982,-0.006730967310000002,-0.0010190856199999987,0.07999314139999969,0.045999999999999375,0.14324404103470623,13.0,,,0.07991915236832603,13.0,,,-170.1552498000001,-165.9042023482698,,-166.9214270680604,,4.0,4.459,3.029452887325104,4.459,0.045999999999999375,0.45899999999999963,0.020999999999999908,-0.0288080566201972,,-0.029233526618810318,,0.14324404103470623,0.14324404103470623,0.002299960195674514,,,-0.0001847302466117288,,,-0.0004489922385722523,,,0.009605919720391433,,,0.0038165304022174983,,,0.0032885555412619566,,,0.005952939958032973,,,0.0018159000778028849,,,0.0014197816513448521,,,0.006756595505751835,,,0.0022560387491740996,,,0.001830911907126615,,,0.0,0.0
2014-01-31,0.005689799279999963,-0.025982792330000004,0.0,0.011370641400000103,0.09700000000000042,-0.12952090569475505,13.0,,,-0.11448617818650253,13.0,,,-218.20319820000077,-211.48383508622615,,-211.5681023082064,,4.0,4.556,3.029452887325104,4.556,0.09700000000000042,0.556,0.045999999999999375,-0.031203288358248017,,-0.03124412086261691,,-0.12952090569475505,-0.12952090569475505,0.0016022233239984336,,,-0.0005152051057624345,,,-0.0007575602936034558,,,0.010530585901682212,,,0.004377312244783054,,,0.003638909953426475,,,0.006066404612840323,,,0.0019310535695103094,,,0.0014406748299115096,,,0.007048524496385537,,,0.0024692304780703136,,,0.0019242865570848018,,,0.0,-0.0
2014-02-07,-0.016076725650000012,-0.0006431000100000084,-0.0035944754399999945,-0.022153495199999984,-0.10299999999999976,-0.08999962941690065,13.0,,,-0.08671195126180331,13.0,,,-36.50217599999996,-60.18566810331256,,-60.48578651381038,,4.0,4.453,3.7202915835689736,4.453,-0.10299999999999976,0.4530000000000003,0.09700000000000042,-0.008592226904007284,,-0.008800651531019506,,-0.08999962941690065,-0.08999962941690065,0.0031057872829200767,,,0.0006187968833324664,,,0.00023779147050097802,,,0.009944136666406887,,,0.004130201571669878,,,0.003708945822521794,,,0.006524961974663482,,,0.0023744992275011724,,,0.001973368646511386,,,0.007277180406847031,,,0.0027607537432182876,,,0.002355195625233676,,,0.0,-0.0
2014-02-14,0.001330198500000046,0.016440673429999997,0.0004997197599999892,-0.012717680399999765,-0.15200000000000014,0.24846937151987725,13.0,,,0.21023665999738106,13.0,,,91.96600740000031,67.44793144172964,,67.30602478664616,,4.0,4.301,3.7202915835689736,4.301,-0.15200000000000014,0.30100000000000016,-0.10299999999999976,0.010736520483833174,,0.01068775531644834,,0.24846937151987725,0.24846937151987725,0.003483770996213207,,,0.0006210504070517828,,,0.00016256901796621445,,,0.011330210109983635,,,0.0049341874929016245,,,0.004144758068075498,,,0.007406990553098422,,,0.0027776189499767036,,,0.002153663543020856,,,0.008270098855613167,,,0.003252064029420186,,,0.002591704338532877,,,0.0,0.0
2014-02-21,0.008138607129999975,0.007221556670000018,-0.0004882861299999874,0.006256066499999768,0.09499999999999975,-0.28383059849862546,13.0,,,-0.25649887061124654,13.0,,,12.002321799999663,15.305494519076362,,14.984056519035498,,4.0,4.396,3.7202915835689736,4.396,0.09499999999999975,0.3959999999999999,-0.15200000000000014,0.0020917929499861135,,0.0018882905595084837,,-0.28383059849862546,-0.28383059849862546,0.002608781738269556,,,0.00015505639578900833,,,-0.00037815893292411727,,,0.010783236955452379,,,0.0045513040415736065,,,0.0036560187269745093,,,0.006696009346860967,,,0.0023531802186813073,,,0.001638929897025196,,,0.007595199420751078,,,0.002836767459717613,,,0.002082689439614045,,,0.0,-0.0
2014-02-28,0.00989908250999999,-0.00427824452000003,0.002084866049999995,0.045893238600000164,-0.07800000000000029,0.17615402784018463,13.0,,,0.15575919176204622,13.0,,,-30.222793699999784,-44.6523989741568,,-44.59361884167619,,4.0,4.318,3.7202915835689736,4.318,-0.07800000000000029,0.3179999999999996,0.09499999999999975,-0.009145674375274908,,-0.009092252062556566,,0.17615402784018463,0.17615402784018463,0.0037739382580577177,,,0.0009186694030718485,,,-5.538281785937341e-05,,,0.015266749871157037,,,0.004519756640569357,,,0.0032436121729551657,,,0.009520344064607377,,,0.0027192130218206025,,,0.001594114677547896,,,0.010784553342048302,,,0.0031153326179453283,,,0.0019570041265374954,,,0.0,0.0
2014-03-07,-0.012184426139999982,-0.0016773903799999768,-0.0014985020100000135,-0.018862401599999856,-0.10199999999999942,0.022246962286266436,13.0,,,0.011890124272923686,13.0,,,-117.22057959999984,-138.49004420010573,,-138.72836040579685,,4.0,4.216,3.3300244335737386,4.216,-0.10199999999999942,0.2160000000000002,-0.07800000000000029,-0.026923824186604876,,-0.027068785416621343,,0.022246962286266436,0.022246962286266436,0.0048325255911168576,,,0.0011858687273973265,,,0.00011682778633580302,,,0.01452194107152668,,,0.004471979407799802,,,0.0033771028864962222,,,0.009677233331321769,,,0.002828924067598564,,,0.0017469653364160127,,,0.010743069034166849,,,0.003190396242442836,,,0.002105595597433659,,,0.0,0.0
2014-03-14,-0.005393334089999979,-0.0064723127599999875,0.0009077728300000143,-0.09121688710000031,-0.07600000000000051,0.057672193355746804,13.0,,,0.04087813489356251,13.0,,,-115.70426260000022,-132.2053598453271,,-132.4647758305991,,4.0,4.14,3.3300244335737386,4.14,-0.07600000000000051,0.13999999999999968,-0.10199999999999942,-0.023075648977566872,,-0.02320959086869602,,0.057672193355746804,0.057672193355746804,0.007104914217433206,,,0.0012339880982268835,,,5.648904508668076e-05,,,0.014082067728273452,,,0.004981962956253611,,,0.00315894194651185,,,0.01059349097285333,,,0.0031079755272402474,,,0.0016077154957992654,,,0.011360977859045756,,,0.0035202527616231875,,,0.0019489853149560338,,,0.0,0.0
2014-03-21,-0.007154759750000017,-0.00732714652000005,-0.006461610859999994,-0.0026193023999998566,0.020000000000000462,0.17262827082784327,13.0,,,0.15147524930579337,13.0,,,-154.66821009999967,-153.8817734712654,,-153.81650204788014,,4.0,4.16,3.3300244335737386,4.16,0.020000000000000462,0.16000000000000014,-0.07600000000000051,-0.024524939741402175,,-0.024431463674196834,,0.17262827082784327,0.17262827082784327,0.008147660204653562,,,0.0009759371022364091,,,-0.00016926036410960603,,,0.013596474446118008,,,0.004603034938835245,,,0.002854661002700535,,,0.010872067325385785,,,0.0027894860205358273,,,0.0013427003192954647,,,0.011471436891946874,,,0.0031884667825616995,,,0.00167533166964458,,,0.0,0.0
2014-03-28,0.0021519575799999746,0.0005236171900000475,-8.17600200000157e-05,0.0,-0.0030000000000001137,0.014218860567764335,13.0,,,0.01367510029636354,13.0,,,-47.68812080000043,-53.67612661962439,,-53.674245719868885,,4.0,4.157,3.3300244335737386,4.157,-0.0030000000000001137,0.15700000000000003,0.020000000000000462,-0.005835614905154359,,-0.0058294759186886804,,0.014218860567764335,0.014218860567764335,0.008065001551426157,,,0.0009934803953665131,,,-0.00010067460474264033,,,0.013381429348815591,,,0.00466672872942341,,,0.0028074536752262,,,0.010723215450120874,,,0.0028301045623949613,,,0.00135338953524178,,,0.011308022507833712,,,0.00323416187914122,,,0.0016732836460383524,,,0.0,0.0
2014-04-04,0.010425341340000005,0.012641753729999983,0.018886754849999993,,-0.1120000000000001,0.09374970697038443,13.0,,,0.07836263138576438,13.0,,,12.725618700000268,-8.665336934634286,,-8.782096438171198,,4.0,4.045,3.47086004275816,4.045,-0.1120000000000001,0.04499999999999993,-0.0030000000000001137,-0.0023071780205773736,,-0.0023757707813311392,,0.09374970697038443,0.09374970697038443,0.00793017934266303,,,0.0008244820115553374,,,-2.6407273217682412e-05,,,0.013230615714666966,,,0.0043330480221572985,,,0.002999621160484724,,,0.010580397528664999,,,0.0025787650168563178,,,0.0014866069436335208,,,0.011163445529585432,,,0.0029647072780225334,,,0.0018194700713407856,,,0.0,0.0
2014-04-11,0.015389453679999998,0.0029356650899999837,0.009293672400000008,,-0.040000000000000036,-0.18208295573118538,13.0,,,-0.16610768478433502,13.0,,,182.3546148000005,166.64604132507424,,166.35403306362505,,4.0,4.005,3.47086004275816,4.005,-0.040000000000000036,0.004999999999999893,-0.1120000000000001,0.030289484035236,,0.03007990934727329,,-0.18208295573118538,-0.18208295573118538,0.00834273156157275,,,0.0004456899526215773,,,-0.00031734709664239954,,,0.013210574436881464,,,0.004642854198601994,,,0.003187443231928564,,,0.010776652999227107,,,0.0025442720756117857,,,0.001435048067643082,,,0.011312115715511065,,,0.0030059601426696315,,,0.0018205750037858881,,,0.0,-0.0
2014-04-18,-0.004594911360000009,0.0005155090300000276,0.000685657499999992,0.007141817699999997,-0.07499999999999973,0.22117259775719045,13.0,,,0.18738896689737095,13.0,,,-7.1574640000008,-20.213472964963604,,-20.315164183345544,,4.0,3.93,3.47086004275816,3.93,-0.07499999999999973,-0.06999999999999984,-0.040000000000000036,-0.009004589655563945,,-0.009013996335199828,,0.22117259775719045,0.22117259775719045,0.00820171936428465,,,0.00017883334408247756,,,-0.0003698205609758843,,,0.01261400803279816,,,0.004645364369728614,,,0.003485631754037412,,,0.010407863698541405,,,0.0024120988569055458,,,0.0015579055965307636,,,0.01089321545207789,,,0.0029034172697266205,,,0.001982005351182226,,,0.0,0.0
2014-04-25,0.0062368642400000285,0.007965599729999995,0.00233417129000002,-0.05308411460000029,0.1629999999999998,-0.3119583324960513,13.0,,,-0.2694934960618769,13.0,,,121.50069650000023,134.8453146921464,,134.80925018786,,4.0,4.093,3.47086004275816,4.093,0.1629999999999998,0.09299999999999997,-0.07499999999999973,0.028865398430169567,,0.0288165238694027,,-0.3119583324960513,-0.3119583324960513,0.008237533184288576,,,5.034465947308196e-07,,,-0.0007183456320374176,,,0.012432243765541922,,,0.004656855533866866,,,0.003441327930025328,,,0.01033488847491525,,,0.0023286794902307984,,,0.0013614911489939552,,,0.010796306638853117,,,0.0028408782198307333,,,0.0018190552408208572,,,0.0,-0.0
2014-05-02,0.007111588830000015,0.01803192201999998,0.0011996961699999864,-0.1388001418,-0.14800000000000013,0.2009126490278531,13.0,,,0.17018179803142686,13.0,,,164.8007201999999,139.94991485709554,,139.8239467029326,,4.0,3.945,3.5023049377971405,3.945,-0.14800000000000013,-0.05500000000000016,0.1629999999999998,0.019811751171620415,,0.019756927890874586,,0.2009126490278531,0.2009126490278531,0.00886939195188119,,,0.0003922505897242184,,,-0.00039834563373538604,,,0.012176376276052964,,,0.005695746559249475,,,0.004155659214024157,,,0.010522884113967077,,,0.0030439985744868466,,,0.0018786567901443855,,,0.010886652389625972,,,0.003627383131134625,,,0.002379597323397935,,,0.0,0.0
2014-05-09,0.009384915059999999,0.006499557890000007,0.019373853770000005,0.018900684800000178,-0.1469999999999998,0.16082475680179487,13.0,,,0.13476787372641197,13.0,,,157.01676959999986,131.51551512687493,,131.3632956652609,,4.0,3.798,3.5023049377971405,3.798,-0.1469999999999998,-0.20199999999999996,-0.14800000000000013,0.016241279101100743,,0.016161840839295352,,0.16082475680179487,0.16082475680179487,0.009393477758072626,,,0.00045764494006144454,,,-0.0003090696818385417,,,0.012387635868061674,,,0.004733944078485068,,,0.004102062965441351,,,0.010890556813067151,,,0.002595794509273256,,,0.0018964966418014047,,,0.011219914205165946,,,0.0030661874144998547,,,0.002381721233002193,,,0.0,0.0
2014-05-16,-0.004431536950000037,0.028576924050000008,0.0002492014000000098,-0.049311683600000045,0.09099999999999975,-0.16015862563684202,13.0,,,-0.15054269385995322,13.0,,,-54.76320559999931,-49.59611108214083,,-49.91444807158845,,4.0,3.889,3.5023049377971405,3.889,0.09099999999999975,-0.11100000000000021,-0.1469999999999998,-0.010320252285323378,,-0.01048631203525135,,-0.16015862563684202,-0.16015862563684202,0.008959973033041118,,,0.00032757195526621934,,,1.5377652331950947e-05,,,0.010556880012177333,,,0.004104864504427044,,,0.0035775657731252387,,,0.009758426522609226,,,0.0022162182298466316,,,0.001796471712728595,,,0.009934086290314208,,,0.0026317204102543224,,,0.0021883124060158568,,,0.0,-0.0
2014-05-23,0.0020423301399999927,0.005654583709999994,-0.00412079658000003,-0.038393487600000054,-0.052999999999999936,0.1367649013823909,13.0,,,0.11541873363234179,13.0,,,8.979135799999312,-2.343114257907134,,-2.4316327426163866,,4.0,3.836,3.5023049377971405,3.836,-0.052999999999999936,-0.16400000000000015,0.09099999999999975,0.0006004982329506773,,0.0005811241531788313,,0.1367649013823909,0.1367649013823909,0.008046903086254354,,,0.000336175560444615,,,-0.00021591342057326152,,,0.01124535396366758,,,0.003977704833690453,,,0.003942242648599966,,,0.009646128524960967,,,0.002156940197067534,,,0.0018631646140133522,,,0.00999795812147642,,,0.0025575084171245758,,,0.002320561781622407,,,0.0,0.0
2014-05-30,0.004809767680000021,0.0040539852099999996,-0.0010821936200000049,0.0065155117999999845,-0.10899999999999999,-0.0046435119786302215,13.0,,,-0.004817251306457049,13.0,,,32.49744350000037,9.595103278559357,,9.502124244901218,,4.0,3.727,3.5023049377971405,3.727,-0.10899999999999999,-0.27300000000000013,-0.052999999999999936,-0.0013452450427846561,,-0.001431590652094709,,-0.0046435119786302215,-0.0046435119786302215,0.00840955759458441,,,0.0021731564136963357,,,9.565551528329687e-05,,,0.012358183290878406,,,0.009656476997276498,,,0.0039914595695357425,,,0.010383870442731407,,,0.005914816705486417,,,0.0020435575424095197,,,0.010818219269323748,,,0.006737981969680235,,,0.0024720959883772885,,,0.0,-0.0
2014-06-06,0.0018932223900000045,-0.029228573520000023,-0.002442932529999997,-0.01412419879999982,-0.10999999999999988,0.23563176983340042,13.0,,,0.19685398569150547,13.0,,,36.39711820000048,18.17234928013322,,17.989459199549273,,4.0,3.617,3.3996847352642634,3.617,-0.10999999999999988,-0.383,-0.10899999999999999,0.0009181368596075622,,0.000861556450223947,,0.23563176983340042,0.23563176983340042,0.00814933184554048,,,0.00202650484456487,,,0.00013894124886301587,,,0.009195501577610152,,,0.006858420201108271,,,0.0019868954060621416,,,0.008672416711575317,,,0.00444246252283657,,,0.0010629183274625787,,,0.00878749538210298,,,0.004973973212056345,,,0.0012661932847544825,,,0.0,0.0
2014-06-13,0.0017865951200000119,0.019493251170000003,-0.0011775750599999912,0.08386846550000016,0.16000000000000014,-0.03432546636158276,13.0,,,-0.03341721307184953,13.0,,,72.34000139999989,90.8017255915696,,90.73282312314021,,4.0,3.777,3.3996847352642634,3.777,0.16000000000000014,-0.22299999999999986,-0.10999999999999988,0.01995242885879365,,0.01997123107022679,,-0.03432546636158276,-0.03432546636158276,0.007703299473601934,,,0.0017143087399272157,,,-0.00043018258281712007,,,0.01030661422130401,,,0.0077922708829902924,,,0.0028581075985428736,,,0.009004956847452972,,,0.004753289811458754,,,0.0012139625078628768,,,0.0092913214697002,,,0.0054218656471956925,,,0.001575674427812476,,,0.0,-0.0
2014-06-20,-0.005118452430000031,0.010159535310000023,-0.00145864267000001,0.15897580109999998,0.06800000000000006,-0.15830092223734105,13.0,,,-0.1470037954636345,13.0,,,122.44611069999974,124.06281823119586,,123.78182937236312,,4.0,3.845,3.3996847352642634,3.845,0.06800000000000006,-0.1549999999999998,0.16000000000000014,0.021001964205852177,,0.020845955736652693,,-0.15830092223734105,-0.15830092223734105,0.007470643735333885,,,0.0022240787748913906,,,-0.0001343496930934125,,,0.0072124475925887666,,,0.007646496791000887,,,0.0026200109983155317,,,0.007341545663961326,,,0.0049352877829461385,,,0.0012428306526110597,,,0.007313144088259362,,,0.005531753764718184,,,0.0015458103286660435,,,0.0,-0.0
2014-06-27,-0.002585607099999998,-0.0038308693199999855,0.0002904796100000051,0.03372001960000004,-0.052000000000000046,0.30314627916859643,14.0,,,0.2449932788444773,14.0,,,-37.14930439999989,-44.968510320198675,,-45.355661240951406,,4.0,3.793,3.3996847352642634,3.793,-0.052000000000000046,-0.20699999999999985,0.06800000000000006,-0.009872301752551747,,-0.009984390002746875,,0.30314627916859643,0.30314627916859643,0.0054353849196478645,,,0.0020894861371141627,,,-0.0003322211453149585,,,0.005915958755268416,,,0.006685764683696626,,,0.001997291384918118,,,0.00567567183745814,,,0.004387625410405395,,,0.0008325351198015798,,,0.005728534959376401,,,0.004893216050529465,,,0.0010887814981272181,,,0.0,0.0
2014-07-04,0.016861898550000032,0.005970270020000001,0.009538216799999999,0.2557352280999998,-0.02900000000000036,0.006021603509189878,14.0,,,-0.013374086509001737,14.0,,,225.26499569999942,215.0563612120696,,214.57721119600933,,4.0,3.764,3.2845186086082507,3.764,-0.02900000000000036,-0.2360000000000002,-0.052000000000000046,0.036228540311536925,,0.03599109292149053,,0.006021603509189878,0.006021603509189878,0.004519952352309874,,,0.0019780133787283076,,,-0.0002942204392892005,,,0.005348051973506232,,,0.00675931593573093,,,0.0018962565781602781,,,0.004934002162908053,,,0.004368664657229619,,,0.0008010180694355388,,,0.0050250931212396524,,,0.004894607938499908,,,0.0010419705413549816,,,0.0,0.0
2014-07-11,0.0034968113099999587,-0.014810987380000029,0.011177695620000039,-0.06843873790000021,-0.02799999999999958,0.17730166111388732,14.0,,,0.15604897364794468,14.0,,,51.23296400000072,44.62591922824001,,44.68696915832534,,3.75,3.736,3.2845186086082507,3.736,-0.02799999999999958,-0.01399999999999979,-0.02900000000000036,0.002655358971754412,,0.002728473467214957,,0.17730166111388732,0.17730166111388732,0.0036329679580749136,,,0.001988646384376862,,,-0.00022200396900954548,,,0.002439870442912769,,,0.005160169795578948,,,0.0009268817050891014,,,0.0030364192004938414,,,0.003574408089977905,,,0.00035243886803977797,,,0.002905178473826006,,,0.003923275665210135,,,0.0004788162921906292,,,0.0,0.0
2014-07-18,-0.006637360709999984,0.013783249310000023,-0.008715518770000041,0.07995336040000023,-0.0040000000000000036,-0.045801525629912895,14.0,,,-0.01646806930989486,14.0,,,-118.71310050000011,-126.06451165051611,,-125.56465961586694,,3.75,3.732,3.2845186086082507,3.732,-0.0040000000000000036,-0.017999999999999794,-0.02799999999999958,-0.02179801536140685,,-0.021572789741953993,,-0.045801525629912895,-0.045801525629912895,-0.00048199792430449174,,,0.002138537514643097,,,-4.4193723248882755e-05,,,-0.0012412300741352223,,,0.0033114582783848935,,,0.0004277714737984217,,,-0.000861613999219857,,,0.0027249978965139953,,,0.00019178887527476947,,,-0.0009451295357012374,,,0.002854019180525593,,,0.00024370504694997295,,,0.0,-0.0
2014-07-25,-0.0012262289200000165,-0.006048263150000011,0.008748651310000022,0.017412393299999884,-0.07600000000000007,0.03819824782471942,14.0,,,0.030146964817603816,14.0,,,62.901539100000264,46.0086891175309,,45.888590807890964,,3.75,3.656,3.2845186086082507,3.656,-0.07600000000000007,-0.09399999999999986,-0.0040000000000000036,0.00847275939593025,,0.008399606563229032,,0.03819824782471942,0.03819824782471942,-0.0002593066854006451,,,0.0022729026798151784,,,4.563568056868217e-05,,,-0.0007160886114893959,,,0.0036079330470652,,,0.000700672126631154,,,-0.0004876976484450205,,,0.002940417863440189,,,0.00037315390359991807,,,-0.0005379436603147831,,,0.0030872712038376915,,,0.00044520791266679,,,0.0,0.0
2014-08-01,0.00039594254000002715,-0.004993601770000022,-0.009256156949999983,-0.010898976700000063,0.15399999999999991,-0.024843693173327866,14.0,,,-0.032571992714519826,14.0,,,-59.84337390000019,-42.12684398951184,,-42.36883123833711,,3.75,3.81,2.6559939357745357,3.81,0.15399999999999991,0.06000000000000005,-0.07600000000000007,-0.003228014005340038,,-0.003291675139352965,,-0.024843693173327866,-0.024843693173327866,-0.00011470605651973958,,,0.0023087341318479013,,,4.2971742240173125e-05,,,-0.0008341192123324549,,,0.003116014916148943,,,0.000396574818126514,,,-0.0004744126344260973,,,0.002712374523998422,,,0.00021977328018334355,,,-0.0005535480815654958,,,0.0028011754102715367,,,0.000258669618530841,,,0.0,-0.0
2014-08-08,-0.01142576217000002,-0.0017282317699999772,0.002294758239999972,0.03981416010000016,-0.2570000000000001,0.5276108042684962,14.0,,,0.4617167037081862,14.0,,,-52.080902000000606,-87.36245110880371,,-87.24301341929169,,3.75,3.553,2.6559939357745357,3.553,-0.2570000000000001,-0.19700000000000006,0.15399999999999991,-0.017642639175718927,,-0.017520959960767093,,0.5276108042684962,0.5276108042684962,-0.0007456214927303733,,,0.001480681651126719,,,-0.000585813234082584,,,-0.0007122795167676527,,,0.003459400772411834,,,0.00022413375533871936,,,-0.000728950504749013,,,0.0024700412117692767,,,-0.0001808397393719323,,,-0.0007252828873931137,,,0.0026877003151106393,,,-9.174557053558894e-05,,,0.0,0.0
2014-08-15,0.010177325340000043,0.003237757170000022,0.005254954749999985,0.009584490700000003,0.16100000000000003,-0.2401733714201677,15.0,,,-0.22422436919346989,15.0,,,-8.580269399999452,5.896450851567433,,5.4804536619503,,3.75,3.714,2.6559939357745357,3.714,0.16100000000000003,-0.03600000000000003,-0.2570000000000001,0.006191896244944197,,0.005982222150493888,,-0.2401733714201677,-0.2401733714201677,0.003897398764243448,,,0.0012573842738681444,,,-0.0007043587687004767,,,0.0006510230013573887,,,0.0035051742810847924,,,0.00029959560901332647,,,0.0022742108828004183,,,0.0023812792774764685,,,-0.00020238157984357513,,,0.0019171095488829519,,,0.0026285361782702995,,,-9.194659829505681e-05,,,0.0,-0.0
2014-08-22,0.007674118719999956,-0.0019422785900000128,-0.0032329528999999746,-0.019354939299999874,-0.08800000000000008,0.21739258565886943,15.0,,,0.1897148691078221,15.0,,,47.441824200000156,32.281910431954024,,32.3061539227217,,3.75,3.626,2.6559939357745357,3.626,-0.08800000000000008,-0.12400000000000011,0.16100000000000003,0.004514890305140875,,0.004560611339400673,,0.21739258565886943,0.21739258565886943,0.0036120558161161025,,,0.001571800649843425,,,-0.0006418187113422266,,,-0.00038395825209511627,,,0.0035597293046768187,,,0.00022264132607110128,,,0.0016140487820104931,,,0.0025657649772601217,,,-0.00020958869263556265,,,0.0011744872345072592,,,0.002784437129291795,,,-0.0001144980885200966,,,0.0,0.0
2014-08-29,-0.015857443129999982,-0.012229384230000029,0.005301575549999993,-0.01768589200000026,-0.040000000000000036,-0.08223312479379907,15.0,,,-0.08657326060172643,15.0,,,-55.68069790000027,-69.38061604051485,,-69.81034877621562,,3.75,3.586,2.6559939357745357,3.586,-0.040000000000000036,-0.16400000000000015,-0.08800000000000008,-0.013967552485481531,,-0.014212795914764237,,-0.08223312479379907,-0.08223312479379907,0.004303459491858625,,,0.0033960479203740492,,,0.0006843669624446338,,,0.0016018375885211136,,,0.008748828122763574,,,0.0011633793420585906,,,0.0029526485401898694,,,0.006072438021568811,,,0.0009238731522516122,,,0.0026554701308227433,,,0.006661243843831659,,,0.0009765645140091474,,,0.0,-0.0
2014-09-05,-0.0005642069599999799,0.0017295441400000389,-0.0007194262499999882,-0.008759082500000126,0.03100000000000014,0.14218361697668946,15.0,,,0.13024898787898487,15.0,,,66.16455179999957,68.05442480188957,,68.23690612860398,,3.75,3.617,2.707716068522542,3.617,0.03100000000000014,-0.133,-0.040000000000000036,0.014824942524951189,,0.014969215019751824,,0.14218361697668946,0.14218361697668946,0.004418284315155514,,,0.0035200980275772453,,,0.00040582875457318606,,,-0.00042580724678259094,,,0.008014112213999973,,,0.000867213092836941,,,0.0019962385341864616,,,0.005767105120788609,,,0.0006365209237050635,,,0.0014633884623732702,,,0.006261446681295108,,,0.0006872732009140766,,,0.0,0.0
2014-09-12,-0.0012343063699999934,-0.007257867270000051,0.0015311786800000227,-0.07054091809999985,0.347,-0.34676326192326734,15.0,,,-0.31193955245532,15.0,,,-129.4321087999997,-88.0855893889611,,-88.351746363388,,3.5,3.964,2.707716068522542,3.964,0.347,0.46399999999999997,0.03100000000000014,-0.007050261333422514,,-0.007150049698574648,,-0.34676326192326734,-0.34676326192326734,0.006666597207229022,,,0.0050465472511352655,,,0.0004314018920380377,,,0.001343807624596165,,,0.007629826217360803,,,0.0014278345320899168,,,0.004005202415912594,,,0.006338186734248035,,,0.0009296182120639773,,,0.003419695561822979,,,0.006622347420532844,,,0.001039225802469684,,,0.0,-0.0
2014-09-19,0.0017512658899999645,0.00945470717000002,,-0.004705401599999881,-0.17600000000000016,0.4022994367467152,15.0,,,0.34818742043669926,15.0,,,1.5364024000000427,-23.630858112552534,,-23.631137117187855,,3.5,3.788,2.707716068522542,3.788,-0.17600000000000016,0.2879999999999998,0.347,-0.003640946121422291,,-0.0035836735614433817,,0.4022994367467152,0.4022994367467152,0.008236320763970358,,,0.006345803067900455,,,0.0004928085418414586,,,0.0054983969488359135,,,0.00803065416518572,,,0.001621256845337313,,,0.0068673588564031355,,,0.007188228616543087,,,0.0010570326935893859,,,0.006566187236738347,,,0.007373562237244466,,,0.0011811620069739298,,,0.0,0.0
2014-09-26,-0.0022523381999999814,-0.010167768789999976,,-0.020872437199999982,0.09299999999999997,-0.14890409102241697,15.0,,,-0.13397506295049721,15.0,,,-183.4563409000002,-177.7508626288244,,-177.90513357155638,,3.5,3.881,2.707716068522542,3.881,0.09299999999999997,0.3809999999999998,-0.17600000000000016,-0.028121195170882646,,-0.02820374428074493,,-0.14890409102241697,-0.14890409102241697,0.005699018539969616,,,0.005972842520567588,,,0.0003427083726631119,,,0.0051641231892121,,,0.00804859979474274,,,0.001850321390669964,,,0.005431570864590857,,,0.007010721157655164,,,0.001096514881666538,,,0.0053727323760075305,,,0.0072390544578144304,,,0.0012623523136472917,,,0.0,-0.0
2014-10-03,-0.017420396409999983,-0.008713747270000016,,0.04615981930000013,-0.028999999999999915,0.11515116320259411,15.0,,,0.09825745760290938,15.0,,,-317.6573515,-325.6706525540894,,-325.7191673999203,,3.5,3.852,3.0483021094674063,3.852,-0.028999999999999915,0.35199999999999987,0.09299999999999997,-0.0537454011380494,,-0.05374250143269397,,0.11515116320259411,0.11515116320259411,0.005562662609362023,,,0.006166842831086299,,,0.0002697499484643378,,,0.00409366234655765,,,0.008039177818542215,,,0.0014007883134343876,,,0.004828162477959837,,,0.007103010324814257,,,0.0008352691309493627,,,0.004666572449051356,,,0.007308967173434408,,,0.0009596833510960681,,,0.0,0.0
2014-10-10,-0.00853106842000001,-0.0009341616899999905,,-0.1219554406000003,-0.11199999999999966,-0.058552600262337884,15.0,,,-0.05538851855859117,15.0,,,-68.53891219999969,-92.99369717709995,,-93.19292727790852,,3.5,3.74,3.0483021094674063,3.74,-0.11199999999999966,0.2400000000000002,-0.028999999999999915,-0.012383307378950735,,-0.012536779363818902,,-0.058552600262337884,-0.058552600262337884,0.006864392831297535,,,0.0075830624734276805,,,0.0008288413904572085,,,0.0034885665316175323,,,0.0077822677348092445,,,0.0013672008870885984,,,0.005176479681457534,,,0.007682665104118462,,,0.0010980211387729036,,,0.004805138788492733,,,0.0077045776828704345,,,0.0011572406834023563,,,0.0,-0.0
2014-10-17,0.0061432788799999916,0.0012047260499999934,0.00037797536000000465,0.12614492610000028,-0.09100000000000019,-0.023796226855794855,15.0,,,-0.021457396229468295,15.0,,,207.6330912000003,187.15327094328953,,187.060821801082,,3.5,3.649,3.0483021094674063,3.649,-0.09100000000000019,0.14900000000000002,-0.11199999999999966,0.03382412234247463,,0.03373940615750655,,-0.023796226855794855,-0.023796226855794855,0.007385619495956299,,,0.008191729132056288,,,0.0009175798341954011,,,0.0015030913527146507,,,0.007478465584050839,,,0.0016381190851087694,,,0.004444355424335475,,,0.007835097358053563,,,0.0012778494596520852,,,0.003797277328578893,,,0.007756638367772965,,,0.0013571087772525556,,,0.0,-0.0
2014-10-24,0.001972874560000004,0.005574981270000001,-0.00581197135,-0.007659844700000029,0.08000000000000007,-0.10676446186253097,15.0,,,-0.10117910347985914,15.0,,,-44.6807673000003,-40.155439314732774,,-40.390766588230974,,3.5,3.729,3.0483021094674063,3.729,0.08000000000000007,0.2290000000000001,-0.09100000000000019,-0.010291146071082427,,-0.010405563365507301,,-0.10676446186253097,-0.10676446186253097,0.007597239357354794,,,0.008149018394782118,,,0.0006985663876850848,,,0.0018195318630324776,,,0.007494232695660953,,,0.0013930269065286008,,,0.004708385610193636,,,0.007821625545221535,,,0.0010457966471068428,,,0.004072837785818181,,,0.007749599118318207,,,0.0011221873041796296,,,0.0,-0.0
2014-10-31,0.007040432920000006,-0.0025678907000000195,-0.0011958136100000405,-0.012058841800000053,-0.040999999999999925,-0.05228623950947797,15.0,,,-0.05074758089765108,15.0,,,-149.33101729999998,-162.58449053842926,,-162.77428179574764,,3.5,3.688,3.0483021094674063,3.688,-0.040999999999999925,0.18800000000000017,0.08000000000000007,-0.029729656096295298,,-0.02985073833096779,,-0.05228623950947797,-0.05228623950947797,0.004329625369899251,,,0.007551502609905246,,,6.597733690714004e-05,,,0.0025552527086115844,,,0.006764876835695945,,,0.0017034232203886786,,,0.0034424390392554178,,,0.007158189722800596,,,0.0008847002786479093,,,0.0032472580465137744,,,0.007071660887637573,,,0.0010648193258308786,,,0.0,-0.0
2014-11-07,-0.002666449310000041,-0.003324624070000004,-0.0005483301199999957,-0.0275398763000001,-0.02900000000000036,-0.005908754314443487,15.0,,,-0.00811283358582049,15.0,,,-82.59080390000054,-93.03943856278201,,-93.15482513345401,,3.5,3.659,3.11708476633048,3.659,-0.02900000000000036,0.1589999999999998,-0.040999999999999925,-0.013994612319980984,,-0.014060819502583359,,-0.005908754314443487,-0.005908754314443487,0.004061075361688835,,,0.00820125744530776,,,8.532322514097183e-05,,,0.00279894775178512,,,0.007492585658616483,,,0.0010004800510732097,,,0.0034300115567369774,,,0.007846921551962122,,,0.0005429016381070908,,,0.003291177519647569,,,0.0077689676554260805,,,0.000643568888959637,,,0.0,-0.0
2014-11-14,-0.0005209729299999744,-0.004626123079999989,-0.00036430578999996355,0.028719650499999805,0.010000000000000231,-0.09934205580664585,15.0,,,-0.09059776561291799,15.0,,,-73.22783069999969,-79.47245130589614,,-79.63413855770641,,3.5,3.669,3.11708476633048,3.669,0.010000000000000231,0.16900000000000004,-0.02900000000000036,-0.012725748509439212,,-0.012828057413869208,,-0.09934205580664585,-0.09934205580664585,0.0026222859788712525,,,0.007744255576312217,,,-0.00016005583307771064,,,0.002127875918825029,,,0.007681513081895745,,,0.0010098801756218303,,,0.0023750809488481406,,,0.007712884329103981,,,0.00042491217127205985,,,0.0023206958422430563,,,0.007705982654718169,,,0.0005536051322290094,,,0.0,-0.0
2014-11-21,0.0016734022300000095,0.0013320083000000205,0.0012794429299999854,-0.13873681249999992,-0.05500000000000016,0.06961121479764565,16.0,,,0.045934458590419225,16.0,,,47.36671980000028,34.38157602476183,,34.00871489428763,,3.5,3.614,3.11708476633048,3.614,-0.05500000000000016,0.11399999999999988,0.010000000000000231,0.007919754738827608,,0.007742919327443355,,0.06961121479764565,0.06961121479764565,0.0023815712181604514,,,0.0069121474901801695,,,-0.0001302044890277008,,,0.0018980675845845472,,,0.007340342957862352,,,0.0008391700911034419,,,0.0021398194013724993,,,0.0071262452240212605,,,0.00035448280103787057,,,0.00208663400167915,,,0.0071733467254663005,,,0.00046111400485229623,,,0.0,0.0
2014-11-28,0.001080098099999982,0.00848034487999999,0.00036781473999997205,-0.10404319359999992,-0.016999999999999904,0.011963888101067632,16.0,,,0.005399336628193141,16.0,,,-82.03884850000031,-90.2560697393663,,-90.40869245082378,,3.5,3.597,3.11708476633048,3.597,-0.016999999999999904,0.09699999999999998,-0.05500000000000016,-0.01839547371636205,,-0.01847036771185641,,0.011963888101067632,0.011963888101067632,0.0024857902644097925,,,0.007134135378783877,,,0.0015050854361385833,,,0.0018088713090117611,,,0.007419609086267235,,,0.004894115892828175,,,0.0021473307867107766,,,0.007276872232525556,,,0.0031996006644833793,,,0.0020728697016169934,,,0.007308274340348726,,,0.003572394014719234,,,0.0,0.0
2014-12-05,-0.005788307599999987,-0.0041795112699999915,-0.0069912376099999785,-0.025806446699999874,0.04300000000000015,-0.1391274280633592,17.0,,,-0.08210297581201442,17.0,,,-175.56676700000025,-177.4640877584507,,-176.61335838763236,,3.5,3.64,3.1801588437344943,3.64,0.04300000000000015,0.14000000000000012,-0.016999999999999904,-0.03173136547181393,,-0.0313478953420419,,-0.1391274280633592,-0.1391274280633592,0.002193779048063552,,,0.007126166846233786,,,0.0015045375144258674,,,0.001572489210968446,,,0.00762685889469422,,,0.004804985368482347,,,0.0018831341295159991,,,0.007376512870464003,,,0.0031547614414541075,,,0.0018147922474355373,,,0.007431588995794651,,,0.0035178107054003203,,,0.0,-0.0
2014-12-12,-0.012472011220000023,0.006512127719999983,0.013576517160000023,0.09266262570000006,0.21799999999999997,0.031179120075255806,17.0,,,0.021664948530149553,17.0,,,-34.065733099999306,-5.238879050346235,,-5.308288404103735,,3.5,3.858,3.1801588437344943,3.858,0.21799999999999997,0.3580000000000001,0.04300000000000015,0.0101588821339232,,0.010220582150976008,,0.031179120075255806,0.031179120075255806,-0.006801002363349848,,,0.003943677140940708,,,-0.00043571912593560547,,,0.001407087404187861,,,0.008286061707189292,,,0.005353935731111588,,,-0.0026969574795809937,,,0.006114869424065,,,0.002459108302587991,,,-0.0017940676051518456,,,0.006592531726352344,,,0.0030959703368631823,,,0.0,0.0
2014-12-19,-9.887319999996036e-05,0.009502078440000006,-0.00804261029000003,-0.040372735800000115,-0.15300000000000002,0.0412173185438956,17.0,,,0.028926650987855185,17.0,,,-55.66968200000065,-84.51298776189594,,-84.75107734039885,,3.5,3.705,3.1801588437344943,3.705,-0.15300000000000002,0.20500000000000007,0.21799999999999997,-0.01927024456814867,,-0.01942875988293668,,0.0412173185438956,0.0412173185438956,-0.007983828324063635,,,0.0027613131303689843,,,-0.0007779876813012779,,,-0.0004685010592059603,,,0.005041181020418806,,,0.0043164169035133865,,,-0.004226164691634798,,,0.003901247075393895,,,0.0017692146111060543,,,-0.0033994786925004533,,,0.004152032543299375,,,0.0023295991154356674,,,0.0,0.0
2014-12-26,0.005365190649999962,0.00464198170000002,,0.10640649599999996,-0.0040000000000000036,0.08294207613218513,17.0,,,0.06818352367274216,17.0,,,27.449946900000214,22.688440209242106,,22.58969254682704,,3.5,3.701,3.1801588437344943,3.701,-0.0040000000000000036,0.20100000000000007,-0.15300000000000002,0.0071214464210503405,,0.007099500829953994,,0.08294207613218513,0.08294207613218513,-0.00710973684728359,,,0.0009852444537377363,,,-0.0003698383364628176,,,-0.005675167712022725,,,0.004604276439815307,,,0.004256513961493993,,,-0.006392452279653157,,,0.0027947604467765215,,,0.0019433378125155876,,,-0.006234649674774462,,,0.003192853965245054,,,0.0024522365652908367,,,0.0,0.0
2015-01-02,-0.0010875906099999666,-0.001717837940000022,,0.015482677700000114,-0.12700000000000022,-1.5210910692675226,17.0,,,0.23607626846555008,17.0,,,23.803082800000084,-32.41308335287399,,3.65994593955935,,3.5,3.574,3.033608014092002,3.574,-0.12700000000000022,0.07399999999999984,-0.0040000000000000036,-0.01799876889273207,,-0.0012185428467445004,,-1.5210910692675226,-1.5210910692675226,-0.0023249359727254546,,,-0.0006846299455575151,,,-0.0005875094985609347,,,-0.0010605472623778202,,,0.0023407631891870753,,,0.0023729903627261015,,,-0.0016927416175516374,,,0.0008280666218147801,,,0.0008927404320825834,,,-0.0015536588594133977,,,0.001160859866636685,,,0.0012183954168241574,,,0.0,-0.0
2015-01-09,-0.010830445690000023,0.01872642685999998,0.01622660449000002,-0.0638225081999999,0.007000000000000117,-0.04867862434036363,17.0,-0.04802793124851945,17.0,-0.04172479999162282,17.0,-0.04867862434036363,17.0,-139.1000710999997,-144.7934759179497,-150.34766979330288,-144.82579482645914,-150.2648289618962,3.5,3.581,3.033608014092002,3.581,0.007000000000000117,0.08099999999999996,-0.12700000000000022,-0.029710798586385364,-0.03039988417801533,-0.02973726351299289,-0.030395466866657696,-0.04867862434036363,-0.04867862434036363,-0.0025071617389934935,,,-0.0010792119846761428,,,-0.0006507402273411113,,,-6.868171563051515e-05,,,0.0022819842794827394,,,0.002605741676340182,,,-0.0012879217273120043,,,0.0006013861474032983,,,0.0009775007244995355,,,-0.0010196889247420767,,,0.0009711177364607753,,,0.0013357137339044776,,,0.0,-0.0
2015-01-16,-0.008611777990000014,0.00490419627000005,,-0.0067855509000001035,0.006000000000000227,0.0029874620018837117,17.0,0.0029677375180650056,17.0,0.0032649956861898755,17.0,0.0029874620018834896,17.0,-313.01413240000056,-317.82417230654124,-323.7780339831766,-317.8378973374716,-323.80100397427276,3.25,3.587,3.033608014092002,3.587,0.006000000000000227,0.3370000000000002,0.007000000000000117,-0.06337177134391259,-0.06458149858465075,-0.06337313369857643,-0.06457777888357127,0.0029874620018837117,0.0029874620018837117,-0.0021549858993496463,,,-0.001761449374699683,,,-0.0006417349009889863,,,0.0007350567175143362,,,0.002179257396629922,,,0.002287123812310777,,,-0.0007099645909176551,,,0.00020890401096511954,,,0.0008226944556608954,,,-0.00039205990306261703,,,0.0006423817558113761,,,0.0011448689141238693,,,0.0,0.0
2015-01-23,-0.00018225805999999567,0.002023626189999961,,-0.012625657300000093,-0.11400000000000032,0.09816843174403411,17.0,0.09691364187203999,17.0,0.08614668238390821,17.0,0.09816843174403411,17.0,-29.352662299999793,-50.96670645127556,-56.76578686320618,-50.989989581479335,-56.85326900950106,3.25,3.473,3.033608014092002,3.473,-0.11400000000000032,0.22299999999999986,0.006000000000000227,-0.0034371563411462903,-0.005868159870638826,-0.003458965765254518,-0.005852429442385605,0.09816843174403411,0.09816843174403411,-0.002033580628293677,,,-0.0017930616604924059,,,-0.0006548746445828096,,,0.0004371664708804874,,,0.0019773965394099193,,,0.0022261361470825936,,,-0.0007982070787065948,,,9.21674394587567e-05,,,0.000785630751249892,,,-0.0005264248977974368,,,0.0005069178414480125,,,0.0011025419383330862,,,0.0,0.0
2015-01-30,-0.020846549319999963,9.714916000003182e-05,,-0.014985616700000204,-0.137,0.09697710208322918,17.0,0.09573777086892632,17.0,0.08510929631852115,17.0,0.0969771020832293,17.0,-8.148030999999719,-33.37379881185992,-38.99003992741615,-33.40604752806226,-39.049670677520595,3.25,3.336,3.033608014092002,3.336,-0.137,0.08599999999999985,-0.11400000000000032,-0.00842100292005768,-0.01014874863369026,-0.008457719542552004,-0.010143013153668359,0.09697710208322918,0.09697710208322918,-0.002839502305387278,,,-0.002186210437008299,,,-0.0010066230914527593,,,-0.0003286882863832719,,,0.0018613782645512738,,,0.002164348231292723,,,-0.0015840952958852748,,,-0.00016241608622851258,,,0.0005788625699199817,,,-0.0013079057537948341,,,0.0002828186709430403,,,0.0009276694154219847,,,0.0,0.0
2015-02-06,0.006012740339999989,-0.0005293885700000112,,0.026038825800000165,0.07900000000000018,-0.24077434535056053,18.0,-0.24756369296454184,18.0,-0.22005267075616997,18.0,-0.24077434535056041,18.0,-57.164835000000494,-55.49134148994574,-60.19762152292967,-55.827521154268716,-59.6736135103061,3.25,3.415,2.736238248084642,3.415,0.07900000000000018,0.16500000000000004,-0.137,-0.010890836762419365,-0.011142793601034293,-0.011093928705561303,-0.011036582082279853,-0.24077434535056053,-0.24077434535056053,-0.003885432630227722,,,-0.0022005360879352527,,,-0.001080462937449978,,,-0.0006388915181140801,,,0.0018396826560828994,,,0.0023327284119617035,,,-0.002262162074170901,,,-0.00018042671592617666,,,0.0006261327372558628,,,-0.0019050425518384005,,,0.00026399734591581994,,,0.0010015837856911477,,,0.0,-0.0
2015-02-13,0.004741353239999968,-0.021468862680000034,,-0.013298565399999962,-0.04300000000000015,0.08643543687715294,18.0,0.08532115688481401,18.0,0.07590408915238012,18.0,0.08643543687715294,18.0,139.67957040000056,128.90474922528028,122.6625656753987,128.90288043160356,122.52114265950878,3.25,3.372,2.736238248084642,3.372,-0.04300000000000015,0.12199999999999989,0.07900000000000018,0.030714600424473135,0.029365365073584563,0.030725297635222235,0.029359691780159243,0.08643543687715294,0.08643543687715294,-0.003611807249319062,,,-0.001590273645300183,,,-0.0011043131820962717,,,-0.0019884537170911445,,,0.0012098348928034585,,,0.0014565244192615953,,,-0.002800130483205103,,,-0.00019021937624836226,,,0.00017610561858266184,,,-0.0026215615946600323,,,0.00011779256294303824,,,0.00045779775473202717,,,0.0,0.0
2015-02-20,-0.00755901229,0.008992054720000031,,0.041318321799999946,-0.028000000000000025,-0.01962425371497245,18.0,-0.01936230636600822,18.0,-0.016450570300313938,18.0,-0.01962425371497245,18.0,-91.05494640000052,-101.62350303003305,-107.1428907196554,-101.65874040792565,-107.08139661951478,3.25,3.344,2.736238248084642,3.344,-0.028000000000000025,0.09399999999999986,-0.04300000000000015,-0.026841136838475325,-0.027384338595485433,-0.026874138615875516,-0.027385088964747617,-0.01962425371497245,-0.01962425371497245,-0.003523163456934089,,,-0.0021228746330515485,,,-0.0010637011439982706,,,-0.0016727069113702158,,,0.0004968232892900199,,,0.001597264926593815,,,-0.0025979351841521523,,,-0.0008130256718807643,,,0.00026678189129777225,,,-0.0023943849641401265,,,-0.000524858900423192,,,0.0005594881590629017,,,0.0,-0.0
2015-02-27,-0.003625747349999986,-0.005123700309999979,,-0.04165612029999988,-0.17499999999999982,0.18281213250978268,18.0,0.1804648159721487,18.0,0.1598087059496699,18.0,0.1828121325097828,18.0,-130.177772,-159.6044170064387,-165.61053045741482,-159.62028464508953,-165.80591253307503,3.25,3.169,2.736238248084642,3.169,-0.17499999999999982,-0.08099999999999996,-0.028000000000000025,-0.03569166842234789,-0.037901116398050716,-0.03570852130694518,-0.037900371716709236,0.18281213250978268,0.18281213250978268,-0.003412874846644571,,,-0.0024648018047033734,,,-0.0008574463282402659,,,-0.0015315059203064665,,,0.000628629287836338,,,0.0031658917334932367,,,-0.0024721903834755187,,,-0.0009180862584335177,,,0.0011542227026264855,,,-0.002265239801578327,,,-0.0005778088382541495,,,0.0015967898894171705,,,0.0,0.0
2015-03-06,0.01080420577000002,-0.0008128513600000331,,-0.004064414000000127,0.3700000000000001,-0.24530458919603793,18.0,-0.2421142206311575,18.0,-0.21296849725409206,18.0,-0.24530458919603826,18.0,-134.76179109999975,-87.7864937016252,-94.52860452524274,-87.75699326263322,-94.43939213214914,3.25,3.539,2.982343499559267,3.539,0.3700000000000001,0.28900000000000015,-0.17499999999999982,-0.009148010922766306,-0.008295534634032254,-0.009065337461528229,-0.008307793635193923,-0.24530458919603793,-0.24530458919603793,-0.0028873170072453757,,,-0.0026121349638864653,,,6.047377056516345e-07,,,-0.001743100153250388,,,-0.00033317521865292493,,,0.002915845491952406,,,-0.002315208580247882,,,-0.0014726550912696952,,,0.001458225114829029,,,-0.0021893447263084333,,,-0.0012219695192940058,,,0.0017789015977961718,,,0.0,-0.0
2015-03-13,-0.0035597072000000396,0.015110099779999997,,-0.016603076700000052,0.09399999999999986,-0.33377649190102665,18.0,-0.3294381145991794,18.0,-0.2900080624256858,18.0,-0.33377649190102665,18.0,-121.79938660000016,-119.65695303296727,-123.62037050405097,-119.76226682026966,-123.04344629203815,3.25,3.633,2.982343499559267,3.633,0.09399999999999986,0.383,0.3700000000000001,-0.023363957189806314,-0.023736012574603824,-0.023478323785648948,-0.023690363711881633,-0.33377649190102665,-0.33377649190102665,-0.002986852651340658,,,-0.0024061926506716703,,,0.0003631406672400669,,,-0.002461278456251273,,,-0.001597096512352138,,,0.0016831849464945489,,,-0.0027240655537959656,,,-0.002001644581511904,,,0.001023162806867308,,,-0.0026662523923361332,,,-0.0019126440062967557,,,0.0011683676775853008,,,0.0,-0.0
2015-03-20,0.010157958730000027,0.0016881261500000244,0.00041944124000004024,-0.046774227899999854,-0.27300000000000013,0.38341441416331,18.0,0.3784465439327598,18.0,0.33450744881472516,18.0,0.38341441416331,18.0,33.170893900000465,-7.5072513692332805,-14.355593367221928,-7.485393311541188,-14.857704771936348,3.25,3.36,2.982343499559267,3.36,-0.27300000000000013,0.10999999999999988,0.09399999999999986,-0.0004529235907772839,-0.0035283477804163837,-0.0004276790099881616,-0.003542741983046471,0.38341441416331,0.38341441416331,-0.0018598660998898366,,,-0.0016813712638073762,,,0.0011301399059345028,,,-0.0015546447605950917,,,-0.0013923785376648613,,,0.0015398203689849905,,,-0.001707255430242464,,,-0.0015368749007361186,,,0.0013349801374597466,,,-0.0016736810829200421,,,-0.0015050857008604421,,,0.0013800449883953003,,,0.0,0.0
2015-03-27,-0.006708019120000019,-0.004300415200000018,0.008905218830000006,-0.035961177799999966,-0.06899999999999995,0.21715580171753268,19.0,0.20545600445465761,19.0,0.1796061376089954,19.0,0.21715580171753257,19.0,-102.0525947000001,-114.25347173652744,-121.44005357377756,-114.45521291266468,-121.71309156296476,3.25,3.291,2.982343499559267,3.291,-0.06899999999999995,0.040999999999999925,-0.27300000000000013,-0.028748311025899385,-0.030191084740699294,-0.02880395948925463,-0.030146953336014398,0.21715580171753268,0.21715580171753268,-0.0020241072337045273,,,-0.0021221505115205765,,,0.000916414134828819,,,-0.0015353763913192116,,,-0.0016575511765727087,,,0.0012022543009554438,,,-0.0017797418125118695,,,-0.0018898508440466427,,,0.0010593342178921313,,,-0.0017259814198494847,,,-0.001838744917202377,,,0.00109077663616606,,,0.0,0.0
2015-04-03,0.003140779610000033,-0.004047231390000017,-0.0026825403900000433,-0.042508133600000164,-0.07799999999999985,0.029541638973414774,19.0,0.029155109561712078,19.0,0.026339079991571757,19.0,0.029541638973414663,19.0,103.03345239999953,85.65448051977648,80.1245236787429,85.61820864933432,80.13959438043481,3.25,3.213,2.9796279472767524,3.213,-0.07799999999999985,-0.03699999999999992,-0.06899999999999995,0.02410718857684456,0.0225038171007262,0.024070949362275617,0.02251574499631768,0.029541638973414774,0.029541638973414774,-0.002120406079251304,,,-0.002243090736134017,,,0.0008436396823340623,,,-0.001608878463928928,,,-0.0019269933896742374,,,0.0010660815470897457,,,-0.001864642271590116,,,-0.0020850420629041273,,,0.000954860614711904,,,-0.0018083742339046547,,,-0.0020502713547935515,,,0.0009793292198350292,,,0.0,0.0
2015-04-10,0.00553684057999998,-0.008906397029999957,0.008172224320000032,-0.02548339910000008,0.03100000000000014,-0.08698096211616146,19.0,-0.0858554977760061,19.0,-0.0751264728691764,19.0,-0.08698096211616124,19.0,18.801528800000597,16.081352391374217,10.647773760584334,16.042726162520484,10.783660848584603,3.25,3.244,2.9796279472767524,3.244,0.03100000000000014,-0.005999999999999783,-0.07799999999999985,0.0014676731520544776,0.0012209607394990888,0.0014351676852809776,0.0012233731199467316,-0.08698096211616146,-0.08698096211616146,-0.0018180119051367186,,,-0.0022651425351927013,,,0.001075030809194374,,,-0.0015671006663644381,,,-0.0019299257987214337,,,0.0010383685031447455,,,-0.0016925562857505784,,,-0.0020975341669570674,,,0.0010566996561695598,,,-0.0016649560494856276,,,-0.002060660325945228,,,0.0010526668025041006,,,0.0,-0.0
2015-04-17,0.0007518994799999845,0.0018868781499999931,-0.00070372447,-0.004209442799999685,0.006999999999999673,-0.032896863782335695,19.0,-0.03241971632890861,19.0,-0.028086851647945665,19.0,-0.032896863782335695,19.0,44.878760699999475,39.5028338109922,33.82464235173438,39.47384973716633,33.87443816677662,3.25,3.251,2.9796279472767524,3.251,0.006999999999999673,0.0009999999999998899,0.03100000000000014,0.009718153781164866,0.009004487938374555,0.009698110878811896,0.009006138770347508,-0.032896863782335695,-0.032896863782335695,-0.0016884751631473256,,,-0.0021603327195516,,,0.001007159656144144,,,-0.001347973978640952,,,-0.001984755143608987,,,0.001129903556388119,,,-0.0015182245708941387,,,-0.0020725439315802934,,,0.0010685316062661316,,,-0.0014807694405984378,,,-0.0020532303982266063,,,0.0010820334352929688,,,0.0,-0.0
2015-04-24,-0.00447719500999999,0.007947565639999987,-0.00012079585000002169,-0.004169625000000288,-0.07899999999999974,0.15325835728814619,19.0,0.15137560493170588,19.0,0.13395540505434833,19.0,0.15325835728814619,19.0,-1.954786199999944,-17.00096771760772,-23.497110694749615,-16.994873767023684,-23.738300562614985,3.25,3.172,2.9796279472767524,3.172,-0.07899999999999974,-0.07799999999999985,0.006999999999999673,-0.005613282910521032,-0.006907777716604763,-0.005592695298368477,-0.006924898543330891,0.15325835728814619,0.15325835728814619,-0.001856617344245374,,,-0.0022781796250832746,,,0.0008967105715733058,,,-0.0010152072195681347,,,-0.0016815389282671385,,,0.0014017938963712382,,,-0.0014359122819067544,,,-0.0019798592766752067,,,0.001149252233972272,,,-0.0013433571681922582,,,-0.0019142288000254313,,,0.0012048113997000446,,,0.0,0.0
2015-05-01,-0.0012076326000000082,-0.005686321489999979,,0.009746766900000203,0.09299999999999997,-0.20264552700868455,19.0,-0.19913970435514972,19.0,-0.19557749269436353,19.0,-0.20264552700868477,19.0,105.13467060000039,109.7590451671504,104.7804252276969,109.23677097817546,105.07632683292826,3.25,3.265,3.318962884297997,3.265,0.09299999999999997,0.015000000000000124,-0.07899999999999974,0.027833735383816765,0.027701890043950975,0.027558393507976123,0.027712242776292632,-0.20264552700868455,-0.20264552700868455,-0.0016455990819820216,,,-0.001976635495537554,,,0.0011361877169692124,,,-0.0008740193119654207,,,-0.0013070660943536225,,,0.0013198714418832726,,,-0.0012598091969737212,,,-0.0016418507949455883,,,0.0012280295794262425,,,-0.0011749354222718952,,,-0.001568198160815356,,,0.0012482347891667892,,,0.0,-0.0
2015-05-08,-0.0006986860400000072,-0.001593960370000036,,-0.025321708299999912,0.11599999999999966,-0.07707876647350642,19.0,-0.08478313548913352,19.0,-0.052563553711196476,19.0,-0.07707876647350598,19.0,16.384320299999672,27.122449531193894,20.861953842337435,27.44690042431742,20.99139398187355,3.25,3.381,3.318962884297997,3.381,0.11599999999999966,0.13099999999999978,0.09299999999999997,0.005760443020833298,0.0058293262943137115,0.0059374937939060905,0.0058872698588575915,-0.07707876647350642,-0.07707876647350642,-0.0017634590426680247,,,-0.0020436449301417517,,,0.0013183816119952097,,,-0.0010653092123453875,,,-0.0014597749072979061,,,0.0015661144643302103,,,-0.001414384127506706,,,-0.001751709918719829,,,0.0014422480381627101,,,-0.001337587646171216,,,-0.0016874842162070058,,,0.00146949865191956,,,0.0,-0.0
2015-05-15,0.001424327520000046,0.042944650249999994,,0.25231736589999976,0.019000000000000128,-0.06437209921818421,19.0,-0.06354000680003113,19.0,-0.06344415728696096,19.0,-0.06437209921818421,19.0,83.04432030000044,78.90708729590301,73.38581120140091,78.68400376390892,73.4881578616915,3.25,3.4,3.318962884297997,3.4,0.019000000000000128,0.1499999999999999,0.11599999999999966,0.018560655018536317,0.01793692922625009,0.018442563827640267,0.01794243447770836,-0.06437209921818421,-0.06437209921818421,-0.0017939628940070132,,,-0.0021118718650294695,,,0.0011520241651830655,,,-0.0009420670647097869,,,-0.0012702136260317057,,,0.001564628466447966,,,-0.0013680149793584,,,-0.0016910427455305876,,,0.0013583263158155156,,,-0.001274306438135705,,,-0.0015984603392408337,,,0.0014037127889546547,,,0.0,-0.0
2015-05-22,0.001169301059999961,-0.011374709769999991,,-0.10376427599999971,0.04400000000000004,-0.08361487831001035,19.0,-0.08253309217164251,19.0,-0.06965505162680563,19.0,-0.08361487831001058,19.0,-121.41848740000023,-122.04308590268805,-127.60123133216916,-122.01589932757493,-127.48665849138243,3.25,3.444,3.318962884297997,3.444,0.04400000000000004,0.19399999999999995,0.019000000000000128,-0.02959283536477743,-0.0298654765813388,-0.02958764836658641,-0.0298642234401979,-0.08361487831001035,-0.08361487831001035,-0.0017610422610470913,,,-0.002030554086137865,,,0.0008188612778164819,,,-0.0012008764725029153,,,-0.0012654806667021282,,,0.0013270058850358673,,,-0.0014809593667750032,,,-0.0016480173764199966,,,0.0010729335814261747,,,-0.0014193411300351439,,,-0.0015638593002820656,,,0.0011288294882203069,,,0.0,-0.0
2015-05-29,-0.0007675868700000033,-0.03338445029999998,,-0.048876490800000116,-0.053999999999999826,0.2674780281112574,20.0,0.2565130279985428,20.0,0.22300189120478686,20.0,0.2674780281112574,20.0,-79.05193529999997,-87.90064990888645,-95.57976558555988,-88.0883278756144,-95.99069637908595,3.25,3.39,3.318962884297997,3.39,-0.053999999999999826,0.14000000000000012,0.04400000000000004,-0.016020177792844367,-0.017934170513697115,-0.01604712031470063,-0.017903543422141063,0.2674780281112574,0.2674780281112574,-0.0013286677792482607,,,-0.001758122665982947,,,0.0010371466711322746,,,-0.004733380551884673,,,-0.004504791483226883,,,-0.0009328906422926095,,,-0.003031024165566467,,,-0.003131457074604915,,,5.212801441983254e-05,,,-0.003405542570556472,,,-0.003433590644501748,,,-0.0001645760900569047,,,0.0,0.0
2015-06-05,0.0004258956400000069,0.0021545659499999648,,0.0426546339999998,0.2679999999999998,-0.42775554724894826,20.0,-0.41727866157623694,20.0,-0.37695785549572625,20.0,-0.42775554724894826,20.0,-34.18607190000057,-6.792023718515193,-11.265948599582849,-6.987631327485744,-10.747578319390172,3.25,3.658,3.4921267317034275,3.658,0.2679999999999998,0.4079999999999999,-0.053999999999999826,0.005180507613214513,0.0059797811621290515,0.005060344636389406,0.005970940547070761,-0.42775554724894826,-0.42775554724894826,-0.001366165209292197,,,-0.0017289072185881506,,,0.0010249875896237574,,,-0.0038380298358084543,,,-0.004425339354189298,,,-0.0009497412614224649,,,-0.0026020975225503258,,,-0.0030771232863887246,,,3.762316410064624e-05,,,-0.0028740026314671143,,,-0.0033737308213048506,,,-0.0001795970095144382,,,0.0,-0.0
2015-06-12,-0.0021332130999999754,-0.000401140579999959,,0.00665624170000001,0.07699999999999996,-0.09457215438116817,20.0,-0.08995758313831703,20.0,-0.07846238971553865,20.0,-0.0945721543811684,20.0,-13.329099299999143,-9.026469991012737,-14.70508763252768,-8.973801979187726,-14.646294195565506,3.25,3.735,3.4921267317034275,3.735,0.07699999999999996,0.4849999999999999,0.2679999999999998,0.0008864508871964782,0.0004471164996151236,0.0009137754721557732,0.0004238435318398709,-0.09457215438116817,-0.09457215438116817,-0.001382284071848824,,,-0.0015512564049069487,,,0.001021489002809722,,,-0.004250163830653696,,,-0.0044844054208072635,,,-0.0009306650194356582,,,-0.00281622395125126,,,-0.003017830912857106,,,4.541199168703195e-05,,,-0.0031316907247197962,,,-0.0033404773046061403,,,-0.00016932495075995985,,,0.0,-0.0
2015-06-19,-0.0028812270899999937,-0.01727434481000001,-0.0006976554299999993,,-0.05600000000000005,-0.06377686173777142,20.0,-0.06534206269799037,20.0,-0.05248437094715119,20.0,-0.0637768617377712,20.0,18.66624369999954,2.841774192333494,-2.1482174796089737,2.8367196800146015,-1.9347004532440906,3.25,3.679,3.4921267317034275,3.679,-0.05600000000000005,0.4289999999999998,0.07699999999999996,0.0005950789683978486,-0.0005014540889268591,0.0005531961465559095,-0.00046344358347337813,-0.06377686173777142,-0.06377686173777142,-0.0016822685254880268,,,-0.0015270764985401027,,,0.0009907045866570806,,,-0.004035302196691827,,,-0.004243296793897814,,,-0.0010837073755369634,,,-0.002858785361089927,,,-0.0028851866462189586,,,-4.650139443994144e-05,,,-0.0031176190649223447,,,-0.003183970878708307,,,-0.0002746867102812863,,,0.0,-0.0
2015-06-26,-0.004691628469999987,0.01054257935999997,0.007493010670000022,,0.07200000000000006,0.16258262305953664,20.0,0.16154654095848753,20.0,0.14216778668551977,20.0,0.16258262305953664,20.0,43.13023390000035,51.82603740829343,44.12966448705802,51.893731673359376,43.69051889389248,3.25,3.751,3.4921267317034275,3.751,0.07200000000000006,0.5009999999999999,-0.05600000000000005,0.014812077248058744,0.014149691820187127,0.014922886961131728,0.014101117316344001,0.16258262305953664,0.16258262305953664,-0.0022458129587652398,,,-0.002227032057756631,,,-0.0002443476957360324,,,-0.0023066791917290045,,,-0.004040016367763513,,,-0.0008055213655286785,,,-0.002276246075247122,,,-0.003133524212760072,,,-0.0005249345306323555,,,-0.002282941360873136,,,-0.0033329524868608287,,,-0.0005866636343095466,,,0.0,0.0
2015-07-03,0.0,-0.00552621126999997,,0.05032564709999976,-0.09499999999999975,-0.0693504095972648,20.0,-0.06688094586270643,20.0,-0.06153151217967534,20.0,-0.0693504095972648,20.0,-72.38388680000025,-94.4040676386135,-99.0069031844884,-94.52428218129381,-98.7879239844683,3.25,3.656,3.509600545051222,3.656,-0.09499999999999975,0.40600000000000014,0.07200000000000006,-0.025500360653374046,-0.026561849235571006,-0.0256143757051777,-0.026551940661857218,-0.0693504095972648,-0.0693504095972648,-0.002316522623371601,,,-0.002404611848298899,,,-0.0006561595947896705,,,-0.002177854524451163,,,-0.003916324619611776,,,-0.0006374820669936274,,,-0.0022471885739113817,,,-0.0031604682339553374,,,-0.000646820830891649,,,-0.002231935083030134,,,-0.0033267566387997537,,,-0.0006447663028340842,,,0.0,-0.0
2015-07-10,-0.0036774473300000277,-0.025714456330000024,,0.023621393500000032,0.020000000000000018,0.0008541729779054652,20.0,0.0008462298896043663,20.0,0.002620890595149916,20.0,0.0008541729779054652,20.0,-120.34043999999994,-123.0095421009847,-129.0523653602242,-122.99031275698601,-129.08617618674657,3.25,3.676,3.509600545051222,3.676,0.020000000000000018,0.42600000000000016,-0.09499999999999975,-0.026652456794425818,-0.027644983982460743,-0.026633589173224097,-0.02764547648399492,0.0008541729779054652,0.0008541729779054652,-0.0025855289649613835,,,-0.0023545296119640807,,,-0.000909886985058042,,,-0.0023264048431036947,,,-0.00465502829443903,,,-0.0015493686300395873,,,-0.0024559669040325393,,,-0.003504778953201555,,,-0.0012296278075488148,,,-0.0024274632506281935,,,-0.0037578338082738,,,-0.0012999707884967847,,,0.0,0.0
2015-07-17,0.00526351412999998,0.00686074968,,0.0705131897000002,0.1389999999999998,-0.34330611216681994,20.0,-0.33886403188270076,20.0,-0.3006704849213164,20.0,-0.3433061121668204,20.0,-62.29295050000019,-53.32269558779326,-57.55061041158198,-53.47043635068791,-57.00338738117721,3.25,3.815,3.509600545051222,3.815,0.1389999999999998,0.565,0.020000000000000018,-0.007403768516160019,-0.007522021787460621,-0.0075242344077173125,-0.007482119271153068,-0.34330611216681994,-0.34330611216681994,-0.002916573217255318,,,-0.0026063350253076973,,,-0.00180648846230659,,,-0.0029829880836635134,,,-0.004820892352857642,,,-0.002186637228714969,,,-0.0029497806504594154,,,-0.0037136136890826696,,,-0.0019965628455107793,,,-0.002957086285764317,,,-0.0039572149951131634,,,-0.002038379209815701,,,0.0,-0.0
2015-07-24,-0.0011915932999999601,0.022039037710000042,,-0.10414902300000017,-0.017999999999999794,0.09779710699447453,20.0,0.09569448900828204,20.0,0.08832119437810859,20.0,0.09779710699447497,20.0,-181.24508689999993,-187.8916111371945,-194.42229862931651,-187.82067584859703,-194.60440243669382,3.25,3.797,3.509600545051222,3.797,-0.017999999999999794,0.5470000000000002,0.1389999999999998,-0.04565280562997058,-0.046942918336576274,-0.04559412042236075,-0.046946903049103775,0.09779710699447453,0.09779710699447453,-0.002582122732996531,,,-0.002010209209236337,,,-0.0016163267034907185,,,-0.0014429113660440465,,,-0.003457348955015953,,,-0.001458288811602385,,,-0.002012517049520289,,,-0.002733779082126145,,,-0.0015373077575465519,,,-0.0018872037991555155,,,-0.0028929644541619026,,,-0.001519923589438835,,,0.0,0.0
2015-07-31,-0.0017766390300000268,0.000129354979999996,,-0.02263011199999987,-0.07000000000000028,0.25460040486806146,19.0,0.2604756565952555,19.0,0.22329150667969788,19.0,0.2546004048680617,19.0,7.102362000000085,-4.5012403248520965,-11.75151823039094,-4.428982149430302,-12.324822326900026,3.25,3.727,3.509600545051222,3.727,-0.07000000000000028,0.47699999999999987,-0.017999999999999794,0.0062094480995783016,0.004116589523132585,0.0062975210088305105,0.004021450775293375,0.25460040486806146,0.25460040486806146,-0.0027249711913853664,,,-0.0021901179211206117,,,-0.0018041622343233537,,,-0.0011469570498691545,,,-0.0033930073977599283,,,-0.0014939626306691366,,,-0.0019359641206272604,,,-0.00279156265944027,,,-0.0016490624324962452,,,-0.001762382565060477,,,-0.002923880501870595,,,-0.0016149404760942812,,,0.0,0.0
2015-08-07,-0.0017731724899999746,-0.029166993150000042,,-0.14215602009999984,0.12600000000000033,-0.23082406875837047,19.0,-0.23052682468597507,19.0,-0.1925733151454323,19.0,-0.2308240687583707,19.0,-134.70488449999993,-125.49971823274188,-130.54941642778937,-125.37222626462709,-130.1873212220745,3.25,3.853,3.9724463003387913,3.853,0.12600000000000033,0.6030000000000002,-0.07000000000000028,-0.032219130960104175,-0.03215214072091065,-0.0321790519477829,-0.032114010602069906,-0.23082406875837047,-0.23082406875837047,-0.0021490864817304725,,,-0.0028012383142558554,,,-0.00178230097697559,,,-0.0006214518148953848,,,-0.0032976390456187577,,,-0.0012806401162799121,,,-0.0013852691483129285,,,-0.0030494386799373068,,,-0.001531470546627751,,,-0.001217229334961069,,,-0.003104042760387226,,,-0.0014762878519512265,,,0.0,-0.0
2015-08-14,-0.042649418570000014,-0.02230109873999997,,-0.05035415940000032,-0.0050000000000003375,-0.11929536665520502,19.0,-0.11775059157789536,19.0,-0.10326521068708194,19.0,-0.11929536665520502,19.0,-256.8083770000003,-265.7942357722002,-270.70164005920344,-265.8580720347511,-270.4591487466435,3.25,3.848,3.9724463003387913,3.848,-0.0050000000000003375,0.5979999999999999,0.12600000000000033,-0.07036261715088112,-0.0715657474831942,-0.07042933845661299,-0.07153839277039761,-0.11929536665520502,-0.11929536665520502,-0.00234319584819562,,,-0.002352224373700731,,,-0.0007129541576016796,,,-0.0007132285840240238,,,-0.0035264341765437017,,,-0.0009472659531741073,,,-0.0015282122161098218,,,-0.0029393292751222163,,,-0.0008301100553878935,,,-0.0013489158170509464,,,-0.003068492353434943,,,-0.0008558843529008606,,,1.0,-0.11929536665520502
2015-08-21,-0.009375486570000008,-0.007241170999999991,-0.002089845909999999,-0.18590817709999996,0.18799999999999972,-0.5817154026021021,20.0,-0.5821201006320524,20.0,-0.5150492587305093,20.0,-0.5817154026021019,20.0,-255.471321,-243.65360480107907,-246.47043642279118,-244.03010023887168,-245.38551832821946,3.25,4.036,3.9724463003387913,4.036,0.18799999999999972,0.7859999999999996,-0.0050000000000003375,-0.0639086728483285,-0.06411806040177363,-0.06419179480235172,-0.06397287896022062,-0.5817154026021021,-0.5817154026021021,-0.003379265831892077,,,-0.002575653838109162,,,-0.0014870570308405133,,,-0.0004913813281317951,,,-0.003359167405927667,,,-0.0020952150090629445,,,-0.0019353235800119361,,,-0.0029674106220184144,,,-0.0017911360199517289,,,-0.0016176562845983053,,,-0.00305359711447845,,,-0.0018580333975561961,,,1.0,-0.5817154026021021
2015-08-28,0.023388636830000004,-0.030136682010000027,-0.01723269705999997,0.0075380762999999185,0.04500000000000082,0.04366482073119515,19.0,0.05140544094282351,19.0,0.04753226061308835,19.0,0.04366482073119471,19.0,110.75641220000034,112.84825865044236,106.38242634066988,113.07202045805222,106.12949444025327,3.25,4.081,3.9724463003387913,4.081,0.04500000000000082,0.8310000000000004,0.18799999999999972,0.04826087773311315,0.046573810866411956,0.04840188787201804,0.04650933391815719,0.04366482073119515,0.04366482073119515,-0.003190764992987602,,,-0.0025374703680454327,,,-0.0017596134603324134,,,-0.0005448313310825551,,,-0.004001742934122296,,,-0.0025684192190868066,,,-0.0018677981620350784,,,-0.0032696066510838643,,,-0.0021640163397096098,,,-0.0015767454592255235,,,-0.003430676633352319,,,-0.0022529849731725933,,,1.0,0.04366482073119515
2015-09-04,0.005481975740000006,-0.006270316489999983,,0.02721773580000031,0.04899999999999949,0.22551421382841141,19.0,0.22245035228203092,19.0,0.19697527950072535,19.0,0.22551421382841186,19.0,-85.17684290000034,-78.80281749134342,-86.83675330410965,-78.72036537576348,-87.36572559098487,3.25,4.13,3.83948197108412,4.13,0.04899999999999949,0.8799999999999999,0.04500000000000082,-0.027230728910896854,-0.02769101986800453,-0.027103154797222754,-0.027743392103766307,0.22551421382841141,0.22551421382841141,-0.0023395105885509453,,,-0.001708614404264984,,,-0.0009737310051917308,,,0.0007318685933268375,,,-0.003439361281539108,,,-0.0030918949385721995,,,-0.000803820997612054,,,-0.002573987842902046,,,-0.0020328129718819653,,,-0.00046596928760549785,,,-0.0027643699994021995,,,-0.002265811004553817,,,0.0,0.0
2015-09-11,-0.004007618049999995,-0.0033417351800000272,,0.021076250099999694,-0.12899999999999956,0.09754967029635475,19.0,0.09670259557985972,19.0,0.08544539350368652,19.0,0.09754967029635475,19.0,72.48571880000009,48.519385020720314,42.84325535647244,48.486490642921964,42.76865527758941,3.5,4.001,3.83948197108412,4.001,-0.12899999999999956,0.5010000000000003,0.04899999999999949,0.019479058434106255,0.017520948801353124,0.01944575066958105,0.017526715728087467,0.09754967029635475,0.09754967029635475,-0.0024977012077346,,,-0.001570884038215658,,,-0.0008209112597625575,,,0.0007203338812083685,,,-0.0034837918415098652,,,-0.0031410721374428084,,,-0.0008886836632631158,,,-0.0025273379398627616,,,-0.001980991698602683,,,-0.0005346998034793893,,,-0.0027377577982251244,,,-0.0022362093951475105,,,0.0,0.0
2015-09-18,-0.005272636140000009,0.006343508860000013,,0.043508989300000245,-0.07000000000000028,0.05706476968568408,19.0,0.05888007300252385,19.0,0.04670228091384865,19.0,0.05706476968568408,19.0,7.100245800000266,-8.477133982665439,-14.252625075546597,-8.585101291584412,-14.335060145443709,3.5,3.931,3.83948197108412,3.931,-0.07000000000000028,0.43100000000000005,-0.12899999999999956,-0.004978068870959835,-0.0059175787566652215,-0.005038371630062267,-0.0059429591642479965,0.05706476968568408,0.05706476968568408,-0.0024127093891935713,,,-0.0014456777836831655,,,-0.0009667824710756492,,,0.001487746489031464,,,-0.003020253610781098,,,-0.003083873356684313,,,-0.00046248145008105364,,,-0.002232965697232132,,,-0.002025327913879981,,,-3.343130347629986e-05,,,-0.0024061690382129043,,,-0.002258207911296934,,,0.0,0.0
2015-09-25,-0.005380701670000015,-0.008938439470000004,,0.08951327889999972,0.18599999999999994,-0.03632140083359614,19.0,-0.03585329343033461,19.0,-0.03189247465937273,19.0,-0.03632140083359614,19.0,-115.4415371,-92.96423825323978,-99.9659935957026,-92.94748106365195,-100.10601869736219,3.5,4.117,3.83948197108412,4.117,0.18599999999999994,0.617,-0.07000000000000028,-0.027053013281342325,-0.02693883165686549,-0.026983724283293004,-0.026963573559515813,-0.03632140083359614,-0.03632140083359614,-0.0023292640320673286,,,-0.001510571479106031,,,-0.001227303351343469,,,0.0009326359064310257,,,-0.003215229350171671,,,-0.003369424391653403,,,-0.0006983140628181514,,,-0.0023629004146388513,,,-0.0022983638714984362,,,-0.0003395050695833325,,,-0.0025504127804560715,,,-0.002533997185932529,,,0.0,-0.0
2015-10-02,-0.0026136927399999788,-0.003009281340000003,,-0.08326125789999983,0.022999999999999687,-0.275201148276742,19.0,-0.27163334448666765,19.0,-0.23858518248499894,19.0,-0.275201148276742,19.0,19.067430199999762,11.312957195268394,7.423176646625693,11.212618607832507,7.95738477424506,3.5,4.14,3.603423019375521,4.14,0.022999999999999687,0.6399999999999997,0.18599999999999994,0.009358251886600916,0.008501081767947505,0.00923714080538161,0.008549468636792542,-0.275201148276742,-0.275201148276742,-0.0012809374751596037,,,-0.000980251265853793,,,-0.0009691414771422549,,,0.0023458997557604146,,,-0.0030085992915349804,,,-0.0032713444163839497,,,0.0005324811403004054,,,-0.0019944252786943868,,,-0.0021202429467631024,,,0.0009314332357016074,,,-0.0022175435615193174,,,-0.002373485270079689,,,0.0,-0.0
2015-10-09,0.013338126859999994,0.009360330179999987,,0.11223061219999986,-0.22499999999999964,0.4433686852717236,19.0,0.4376903957413376,19.0,0.38885725723135933,19.0,0.44336868527172335,19.0,162.8372902000001,130.85272564632115,123.17070594690395,130.96479570387524,122.49071186947711,3.5,3.915,3.603423019375521,3.915,-0.22499999999999964,0.41500000000000004,0.022999999999999687,0.04066658488433897,0.038215589453424174,0.04077085946502997,0.03817531247494844,0.4433686852717236,0.4433686852717236,-0.0009005229260204512,,,-0.0003940005549842183,,,-0.00072875435335318,,,0.0032044403318211767,,,-0.0023160301013663755,,,-0.002672885009160019,,,0.0011519587029003627,,,-0.0013550153281752968,,,-0.0017008196812565994,,,0.001603504661262942,,,-0.0015664385782773343,,,-0.0019146740533953518,,,0.0,0.0
2015-10-16,-0.00851902839999999,0.00835927232,,-0.13154073669999988,-0.16599999999999993,0.2174821928241062,19.0,0.2146560891386784,19.0,0.19160531269639258,19.0,0.2174821928241062,19.0,1.6913684999999532,-25.6339218467605,-31.981519292576465,-25.595933084746633,-32.25822076297725,3.5,3.749,3.603423019375521,3.749,-0.16599999999999993,0.2490000000000001,-0.22499999999999964,-0.014541814108953081,-0.015804512336823406,-0.014520537185187591,-0.015826733130731574,0.2174821928241062,0.2174821928241062,-0.0010642334067704562,,,-0.00044878242539669893,,,-0.0007501780863012124,,,0.0034829977110499653,,,-0.0019602372314348124,,,-0.0025885479524671334,,,0.0012093821521397545,,,-0.0012045098284157556,,,-0.001669363019384173,,,0.0017095775751000005,,,-0.0013707698570799482,,,-0.0018715837046624241,,,0.0,0.0
2015-10-23,0.001064401829999978,0.009526600300000021,,-0.006345579400000023,0.05899999999999972,-0.02709370563808089,19.0,-0.02934091570380648,19.0,-0.023080271014157328,19.0,-0.02709370563808111,19.0,19.956597200000033,22.808863854968187,16.65994933657489,22.800192864738765,16.673179575467756,3.5,3.808,3.603423019375521,3.808,0.05899999999999972,0.30799999999999983,-0.16599999999999993,0.008553681949209638,0.008004887357390607,0.008565113869526336,0.008019802058685778,-0.02709370563808089,-0.02709370563808089,-0.0010620492028259013,,,-0.0004991868803480196,,,-0.0007707453395482597,,,0.0036149204939218524,,,-0.0017765822341502227,,,-0.0024652372048291804,,,0.0012764356455479756,,,-0.0011378845572491212,,,-0.00161799127218872,,,0.0017909023121902283,,,-0.0012783980461673634,,,-0.0018043853773696214,,,0.0,-0.0
2015-10-30,-0.0033837396899999983,-0.00372055122999998,,0.04043678719999999,0.050000000000000266,0.029373334783107108,19.0,0.028988989281494293,19.0,0.026192524065436817,19.0,0.02937333478310733,19.0,-95.61983000000009,-93.03553459447686,-99.5294505925066,-93.02440643416871,-99.65531096211394,3.5,3.858,3.603423019375521,3.858,0.050000000000000266,0.3580000000000001,0.05899999999999972,-0.027585047987355324,-0.02815877748306276,-0.027550460133051038,-0.028173880196474266,0.029373334783107108,0.029373334783107108,-0.00095007479469121,,,-0.0004062864895073592,,,-0.0006497772651031447,,,0.003441865170006678,,,-0.0018531772285054484,,,-0.002444915539313799,,,0.001245895187657734,,,-0.001129731859006404,,,-0.0015473464022084718,,,0.001729008583774502,,,-0.0012888898402961936,,,-0.0017448116123716438,,,0.0,0.0
2015-11-06,-0.002668635409999981,0.011976871090000007,-0.002231836789999997,0.18039380790000026,0.09299999999999997,0.03423857063844338,18.0,0.016856875751964706,18.0,0.05342158579785483,18.0,0.03423857063844382,18.0,-19.58141220000016,-10.191696500980123,-17.258151332068767,-9.621973129928435,-17.231622988254244,3.5,3.951,4.096955402916155,3.951,0.09299999999999997,0.45100000000000007,0.050000000000000266,0.003029991333528618,0.002044272107779862,0.0033511125886742455,0.0021665076827447312,0.03423857063844338,0.03423857063844338,-0.0007838627508711085,,,-0.00043356967316168825,,,-0.0007018715710809841,,,0.0044226238860931326,,,-0.0013647054560004981,,,-0.0019813136765056126,,,0.001819380567611012,,,-0.0008991375645810932,,,-0.0013415926237932982,,,0.0023920940976770782,,,-0.0010015625006933623,,,-0.0014823312553900075,,,0.0,0.0
2015-11-13,-0.007634193980000009,0.017633860019999947,-0.0016614987399999892,-0.0848160494000001,0.16100000000000003,-0.3646727957409295,18.0,-0.35995251186940913,18.0,-0.31695361386359,18.0,-0.3646727957409299,18.0,-61.896386399999756,-49.92419149860493,-54.14960032698324,-50.016983027928376,-53.58245658431659,3.5,4.112,4.096955402916155,4.112,0.16100000000000003,0.6120000000000001,0.09299999999999997,-0.013466944866640107,-0.013135577320373858,-0.013559753276947431,-0.013100987522316284,-0.3646727957409295,-0.3646727957409295,-0.0007569867547772157,,,-0.00023478506586304825,,,-0.0004837097641959804,,,0.003833987085358431,,,-0.001967173032164118,,,-0.0028080059865376213,,,0.0015385001652906075,,,-0.0011009790490135833,,,-0.0016458578753668009,,,0.0020435072877055286,,,-0.0012915417253067008,,,-0.0019015304598243815,,,0.0,-0.0
2015-11-20,0.004811678850000001,0.008300006680000027,,-0.05489510080000004,-0.19300000000000006,0.43249613553164523,18.0,0.4270890164333576,18.0,0.3769793946658785,18.0,0.43249613553164523,18.0,-28.69283059999998,-55.90445239925302,-63.74048832968738,-55.84120571174489,-64.43491585545158,3.5,3.919,4.096955402916155,3.919,-0.19300000000000006,0.41900000000000004,0.16100000000000003,-0.014083134490980795,-0.016709637609086433,-0.013992737399711137,-0.016748341363082536,0.43249613553164523,0.43249613553164523,0.000556927220753941,,,0.0003730901513139187,,,0.00012080563873859205,,,0.004664924749016573,,,-0.00130346015521462,,,-0.0021020063499307498,,,0.0026109259848852567,,,-0.00046518500195035065,,,-0.000990600355596079,,,0.0030628057129941464,,,-0.0006496055356684899,,,-0.0012351096743497066,,,0.0,0.0
2015-11-27,-0.005782790640000007,-0.02339355595999998,,-0.034075547800000106,0.03399999999999981,-0.09203743943296239,18.0,-0.09096775904813859,18.0,-0.07943053865000838,18.0,-0.09203743943296216,18.0,-71.10571269999991,-73.45964063170021,-78.877495081524,-73.49668136585086,-78.73295083039288,3.5,3.953,4.096955402916155,3.953,0.03399999999999981,0.45299999999999985,-0.19300000000000006,-0.021384728447552355,-0.022074556553258014,-0.02141603880434109,-0.022062941896522626,-0.09203743943296239,-0.09203743943296239,0.00026471599339486686,,,0.0005954394381794569,,,0.00011796399151633324,,,0.005147238307102972,,,-0.0010314181248114566,,,-0.0020107849352951714,,,0.0027059771502489192,,,-0.00021798934331599985,,,-0.0009464104718894191,,,0.003243054604756811,,,-0.0003969436752450003,,,-0.0011805728538386846,,,0.0,-0.0
2015-12-04,0.0015494491399999921,0.020234549820000003,,0.054856484600000144,0.020000000000000018,-0.013702377835387303,19.0,-0.02079625084232961,19.0,-0.022846615559371175,19.0,-0.013702377835387303,19.0,9.657104799999615,6.695172023516868,0.6768979827949853,6.408146254872151,0.7633886077586922,3.5,3.973,4.313785323899444,3.973,0.020000000000000018,0.47299999999999986,0.03399999999999981,0.00684592353037365,0.005737265799275141,0.006713680611816111,0.005799219238260062,-0.013702377835387303,-0.013702377835387303,0.00015099259119809565,,,0.0004633694085497101,,,7.46127455839218e-05,,,0.005432436697788278,,,-0.0005155721275914685,,,-0.002025798538503036,,,0.002791714644493187,,,-2.6101359520879186e-05,,,-0.0009755928964595571,,,0.003372673496218107,,,-0.00013378492849640882,,,-0.0012066381377091226,,,0.0,-0.0
2015-12-11,-0.0003085730199999803,-0.0071441778900000474,,-0.032528369400000035,0.13400000000000034,-0.08600660824800599,19.0,-0.08488143821239302,19.0,-0.07434913044380753,19.0,-0.08600660824800599,19.0,-73.26500529999976,-59.89866476029882,-66.11652303820118,-59.90041406794694,-66.09649102113356,3.75,4.107,4.313785323899444,4.107,0.13400000000000034,0.3570000000000002,0.020000000000000018,-0.018509048759579455,-0.018562338736450433,-0.01848368999284115,-0.018571200329730357,-0.08600660824800599,-0.08600660824800599,0.0028914770514384806,,,0.0005663626119885824,,,0.0002162963973458608,,,0.004956199655645365,,,-0.0009049626195928778,,,-0.0020604151676904357,,,0.003923838353541923,,,-0.00016930000380214772,,,-0.0009220593851722874,,,0.00415095784000468,,,-0.0003311457792761083,,,-0.00117249765732628,,,0.0,-0.0
2015-12-18,-0.011023806639999995,-0.026469029679999978,,-0.001297537600000176,-0.04600000000000026,0.12257250134504516,19.0,0.12096080349231886,19.0,0.10730902179616697,19.0,0.12257250134504516,19.0,-102.14838640000016,-112.6642152616363,-119.16894452838856,-112.65540213308222,-119.38148274814957,3.75,4.061,4.313785323899444,4.061,-0.04600000000000026,0.31099999999999994,0.13400000000000034,-0.033711793831951255,-0.035279294667316975,-0.03368581393445618,-0.03528753392837216,0.12257250134504516,0.12257250134504516,0.002795781391345608,,,0.0003371529551205147,,,0.00014897502146698284,,,0.002713283712152787,,,-0.0013979161385291052,,,-0.002478765051089891,,,0.0027545325517491976,,,-0.0005303815917042953,,,-0.0011648950148114541,,,0.0027454578070379874,,,-0.0007212391920057535,,,-0.0014539464227927101,,,0.0,0.0
2015-12-25,-0.004883982150000021,-0.006065178579999997,,-0.011609024199999762,0.051000000000000156,-0.1083408477568788,19.0,-0.10695622096702184,19.0,-0.09376570886095492,19.0,-0.10834084775687902,19.0,46.33453120000013,46.30445257951736,40.888174012620155,46.2644732729595,41.046410177102544,3.75,4.112,4.313785323899444,4.112,0.051000000000000156,0.3620000000000001,-0.04600000000000026,0.0222356512125272,0.021304208462917425,0.022205072373166285,0.021320863767598577,-0.1083408477568788,-0.1083408477568788,0.002821864825739248,,,0.0004749715278003414,,,0.0004115446050296217,,,0.002918328802142302,,,-0.0010040152294029342,,,-0.002847018609576155,,,0.002870096813940775,,,-0.00026452185080129637,,,-0.0012177370022732666,,,0.0028807078513451113,,,-0.0004272103940936567,,,-0.001576178955879902,,,0.0,-0.0
2016-01-01,-0.004333523990000004,0.0030365478400000145,,0.04472862270000011,0.041999999999999815,-0.06926592579425317,19.0,-0.0770896767756657,19.0,-0.03803304023632181,19.0,-0.06926592579425317,19.0,-22.516840499999944,-23.164763486292056,-28.929003901630725,-22.68311146052004,-28.733830878475278,3.75,4.154,4.516009849319152,4.154,0.041999999999999815,0.4039999999999999,0.051000000000000156,-0.008774141516050687,-0.00918805825913648,-0.00854741211120444,-0.009117689048661008,-0.06926592579425317,-0.06926592579425317,0.015452690365282866,0.015452690365282865,-0.009229452286230875,0.0006453817872302683,,,0.0003600454337904745,,,-0.0036016627657440396,-0.0036016627657439342,-0.061419461423828745,-0.0010277706253250724,,,-0.002893037941878791,,,0.005925513799769413,0.005925513799769465,-0.03532445685502981,-0.00019119441904740208,,,-0.0012664962540441583,,,0.003829534955356454,0.0038295349553565177,-0.041065357860165574,-0.0003752411844284895,,,-0.0016243354253677772,,,0.0,-0.0
2016-01-08,-0.009044834149999986,-0.0017334008200000084,,-0.08579857640000021,-0.008000000000000007,0.1139328862425919,19.0,0.11243329577445227,19.0,0.09978581758790717,19.0,0.1139328862425919,19.0,-166.22775430000002,-170.9897841310646,-177.71298897619582,-170.97005205507097,-177.94959122373407,3.75,4.146,4.516009849319152,4.146,-0.008000000000000007,0.3959999999999999,0.041999999999999815,-0.05814024293625652,-0.0592916852139223,-0.05809754693310122,-0.059308225217013615,0.1139328862425919,0.1139328862425919,0.016052069762407126,0.016052069762406945,0.004296401575108177,0.0008006417241961589,,,0.0005463890393934674,,,-0.0025836199528245407,-0.0025836199528247684,-0.026769324516251084,-0.0003673489082210537,,,-0.00273010607025112,,,0.006734224904791293,0.006734224904791088,-0.011236461470571453,0.00021664640798755262,,,-0.0010918585154288262,,,0.004684299036115809,0.0046842990361156,-0.01465369134062097,8.816743842165924e-05,,,-0.0014522729774897308,,,0.0,0.0
2016-01-15,-0.020955931690000013,-0.02157330730000001,,0.0031231973999998885,0.19899999999999984,-0.25651052021901144,19.0,-0.2531479551718736,19.0,-0.22275726805164986,19.0,-0.2565105202190112,19.0,-84.2694434,-64.19377357505064,-69.55767085874564,-64.23251859191502,-69.25686130578161,4.0,4.345,4.516009849319152,4.345,0.19899999999999984,0.34499999999999975,-0.008000000000000007,-0.014802701731674441,-0.015148957490128415,-0.01482078673164542,-0.015126193104624073,-0.25651052021901144,-0.25651052021901144,0.01653003173923514,0.01653003173923518,,0.0010049190403534265,,,0.0007638669452404328,,,-0.0022364433753476283,-0.002236443375347539,,-2.7583153159035337e-05,,,-0.002286915837833884,,,0.007146794181943755,0.007146794181943821,,0.0004886679435971955,,,-0.0007615244462967256,,,0.005082481919339651,0.005082481919339722,,0.00037509270231082483,,,-0.0010971105524349002,,,0.0,-0.0
2016-01-22,0.003989288180000022,0.002903278740000015,,-0.04616807820000002,-0.05900000000000016,0.3268006041077345,20.0,0.3271162940579744,20.0,0.31030904914475266,20.0,0.3268006041077345,20.0,-15.3097972999999,-23.745081120447804,-31.704666282750342,-23.07421819660827,-32.38221496228208,4.0,4.286,4.516009849319152,4.286,-0.05900000000000016,0.2859999999999996,0.19899999999999984,-0.0023641361512633896,-0.004329937385996298,-0.0019632525790325883,-0.004404779984570188,0.3268006041077345,0.3268006041077345,0.018219588488730783,0.018219588488730582,,0.0016324880945671704,,,0.0014397638895260404,,,-0.0016826003968819542,-0.001682600396882035,,0.00016121774165165042,,,-0.0020094692087821494,,,0.008268494045924415,0.008268494045924274,,0.0008968529181094104,,,-0.0002848526596280545,,,0.006079253268507013,0.006079253268506887,,0.0007350131792887032,,,-0.0006642683004419553,,,0.0,0.0
2016-01-29,0.005466765779999994,0.0024271782799999975,,0.0671918436000003,-0.1819999999999995,0.1886367696597835,19.0,0.19332030229395514,19.0,0.17796283683532277,19.0,0.18863676965978327,19.0,84.1652896999999,53.763891198648395,47.8527513251245,54.05530449465472,47.5649506085257,4.0,4.104,4.516009849319152,4.104,-0.1819999999999995,0.10400000000000009,-0.05900000000000016,0.023160318390054495,0.021159459548922004,0.023289520457604553,0.02109967416713408,0.1886367696597835,0.1886367696597835,0.014575970508632421,0.014575970508632359,,0.0014359938877248398,,,0.0013680475171615456,,,-0.0019692422980470987,-0.001969242298047159,,0.0002629020341606101,,,-0.0019757233457331005,,,0.006303364105292661,0.0063033641052926,,0.0008494479609427249,,,-0.00030383791428577746,,,0.004483390696557914,0.004483390696557853,,0.0007204078570506597,,,-0.0006716527092041884,,,0.0,0.0
2016-02-05,0.02128849522000001,0.027929576909999976,,0.26024819349999984,-0.017999999999999794,-0.1009502099116859,19.0,-0.09964348103411513,19.0,-0.08729061473837552,19.0,-0.10095020991168613,19.0,79.87898929999983,69.23431249153148,64.28035666909322,69.17238970461393,64.49923434568711,4.0,4.086,4.386632161789314,4.086,-0.017999999999999794,0.0860000000000003,-0.1819999999999995,0.02218818518642015,0.02180945197376883,0.022121376558750492,0.021820372478887164,-0.1009502099116859,-0.1009502099116859,0.010642169038016593,0.01064216903801654,,0.0010130650109742363,,,7.137570714526318e-05,,,-0.007900648275159542,-0.007900648275159546,,-0.0005568249178008509,,,-0.00310702942375188,,,0.0013707603814285254,0.0013707603814284968,,0.00022812004658669273,,,-0.0015178268583033083,,,-0.0006689495230208491,-0.0006689495230208726,,5.543215442143317e-05,,,-0.001867451422701994,,,0.0,-0.0
2016-02-12,0.008389387469999982,-0.005946699629999996,-0.0017149333400000022,0.08363259030000014,0.09299999999999997,-0.06383943506177125,19.0,-0.05431291171337471,19.0,-0.0766823007992633,19.0,-0.06383943506177103,19.0,122.64724320000005,130.0639469520922,124.08827921992626,129.54617885959328,123.99998414059007,4.25,4.179,4.386632161789314,4.179,0.09299999999999997,-0.07099999999999973,-0.017999999999999794,0.043227942503179025,0.04336560299204727,0.042996421589136274,0.04328344959450037,-0.06383943506177125,-0.06383943506177125,0.01071056861234854,0.010710568612348452,-0.06763753481465844,0.001040498241934634,,,0.00011811853214899366,,,-0.007503808951895542,-0.007503808951895713,0.04269323421123235,-0.0005004181760980939,,,-0.0031807786764689256,,,0.001603379830226499,0.0016033798302263693,-0.012472150301713045,0.00027004003291827003,,,-0.001531330072159966,,,-0.00040020170184034993,-0.0004002017018404887,-0.0003357657088650587,0.00010053922693466997,,,-0.0018942087651079372,,,0.0,-0.0
2016-02-19,0.0028793795400000044,0.007103563580000027,,0.004293076799999795,-0.17300000000000004,0.22250582040242106,20.0,0.23122744588845512,20.0,0.1830918553556845,20.0,0.22250582040242084,20.0,61.28693650000014,32.97077893901472,26.780330937122336,32.70484639349433,26.357005719323823,4.25,4.006,4.386632161789314,4.006,-0.17300000000000004,-0.24399999999999977,0.09299999999999997,0.006504323678479605,0.005191195925942169,0.006378959159531199,0.005077206750910692,0.22250582040242106,0.22250582040242106,0.010325714004672245,0.010325714004672215,-0.00784286090492417,0.0008440293282758694,,,0.0002941586163644212,,,-0.007058477049275167,-0.007058477049275255,-0.0038218222364861587,-0.00016397001029252176,,,-0.002966209116509972,,,0.001633618477698539,0.00163361847769848,-0.005832341570705165,0.00034002965899167383,,,-0.0013360252500727752,,,-0.00027864253823567647,-0.0002786425382357415,-0.005390027317176983,0.0002291497317491508,,,-0.0016946657006889586,,,0.0,0.0
2016-02-26,0.0009117904900000084,0.03219916051999999,,-0.021113055599999875,-0.14100000000000001,0.15068270201180822,20.0,0.15237733492172567,20.0,0.12915205356229043,20.0,0.15068270201180822,20.0,72.34515180000017,47.57580887979283,41.611457491151455,47.49773555226146,41.40009852752975,4.25,3.865,4.386632161789314,3.865,-0.14100000000000001,-0.3849999999999998,-0.17300000000000004,0.01395026909909323,0.01252611948701736,0.013905793204859178,0.012488179092733134,0.15068270201180822,0.15068270201180822,0.01041854289693537,0.010418542896935232,,0.0007329775753786809,,,0.00018283315294793261,,,-0.009482562461884145,-0.009482562461884461,,-0.00026145131438319754,,,-0.0030481009504830145,,,0.0004679902175256127,0.00046799021752538545,,0.00023576313049774168,,,-0.0014326338987675409,,,-0.0017211313719445332,-0.0017211313719447804,,0.00012637595262393508,,,-0.001788036650144945,,,0.0,0.0
2016-03-04,0.011958073959999982,0.008566644439999993,,0.11728409490000002,-0.2320000000000002,0.3336660310986509,20.0,0.3294637320456585,20.0,0.2880830323257756,20.0,0.3336660310986509,20.0,232.08248219999996,196.79912906984902,190.03517661596283,196.74489973010913,189.5892698679563,4.25,3.633,4.220086129598276,3.633,-0.2320000000000002,-0.617,-0.14100000000000001,0.05943081812729783,0.0573367694484872,0.05941878186951246,0.05731094694301332,0.3336660310986509,0.3336660310986509,0.007335597001425782,0.00733559700142582,0.014092417096625556,0.0010031582077941058,,,6.60355671482846e-05,,,-0.010536164233062497,-0.010536164233062315,-0.845692742641922,-3.288794641724969e-05,,,-0.0031078332810909877,,,-0.0016002836158183573,-0.0016002836158182476,-0.4158001627726482,0.00048513513068842805,,,-0.0015208988569713516,,,-0.0035661773516120674,-0.003566177351611942,-0.5103765303438884,0.0003711700537251789,,,-0.0018700244302776714,,,0.0,0.0
2016-03-11,0.011802762160000008,-0.01071132130000002,,0.040856731699999926,-0.13100000000000023,0.21341992066318172,20.0,0.21636025759335198,20.0,0.20415514808966645,20.0,0.21341992066318194,20.0,61.85109899999998,39.903720574452976,33.3950225682541,40.33162343897436,33.01726852256843,4.25,3.502,4.220086129598276,3.502,-0.13100000000000023,-0.7480000000000002,-0.2320000000000002,0.002489124657656959,0.0017489458240793065,0.0027088976487848575,0.0016706194496535452,0.21341992066318172,0.21341992066318172,0.008543698372286178,0.008543698372286131,0.0024349632495237515,0.0013754980721016265,,,0.00028712452174569194,,,-0.008621961339062366,-0.008621961339062706,-0.5217865146382639,-0.00038093337673422413,,,-0.0034438943947688603,,,-3.913148338809385e-05,-3.913148338828727e-05,-0.25967577569437006,0.0004972823476837012,,,-0.0015783849365115842,,,-0.0019273540516364335,-0.001927354051636659,-0.31734013826202667,0.0003040748883117577,,,-0.001988797017328185,,,0.0,0.0
2016-03-18,0.017784343100000016,-0.007445637670000005,0.019360540869999998,,-0.12199999999999989,0.2865821620244319,20.0,0.28287648505324925,20.0,0.2530713811679173,20.0,0.28658216202443165,20.0,216.49842790000002,197.42674219827418,190.20292415713797,197.5368775391033,189.73445520722953,4.25,3.38,4.220086129598276,3.38,-0.12199999999999989,-0.8700000000000001,-0.13100000000000023,0.05539924157865507,0.053822373378292,0.05549378069110232,0.053789202437001624,0.2865821620244319,0.2865821620244319,0.009326524565178046,0.009326524565178051,,0.0014629302769094577,,,0.0005230506207746349,,,-0.010553799939763454,-0.010553799939763658,,-0.0008623348800389504,,,-0.003483279321109204,,,-0.0006136376872927039,-0.0006136376872928036,,0.00030029769843525363,,,-0.0014801143501672845,,,-0.0028004733828362683,-0.002800473382836391,,4.4518531170928866e-05,,,-0.001920810643774507,,,0.0,0.0
2016-03-25,0.0019626397699999965,0.008182250350000031,0.0025935211199999975,,0.07900000000000018,-0.09360074456160533,20.0,-0.10084335338320649,20.0,-0.07500433520562419,20.0,-0.09360074456160522,20.0,-68.97207300000036,-64.33792311692997,-70.1861056120871,-64.22270946653461,-69.98470379422233,4.25,3.459,4.220086129598276,3.459,0.07900000000000018,-0.7909999999999999,-0.12199999999999989,-0.025178465126240075,-0.024753224310110997,-0.025121808230987985,-0.024697451121557773,-0.09360074456160533,-0.09360074456160533,0.00999951873577817,0.00999951873577817,,0.0013993305440074583,,,0.00048077622677422205,,,-0.010189747198072257,-0.010189747198072256,,-0.0005617596913614635,,,-0.0035235740637904285,,,-9.511423114704366e-05,-9.511423114704279e-05,,0.0004187854263229974,,,-0.001521398918508103,,,-0.002315933483870591,-0.002315933483870589,,0.000203065500432416,,,-0.001961877450470215,,,0.0,-0.0
2016-04-01,-0.012743013210000015,0.010353770330000012,0.01367461163,,-0.09200000000000008,0.3957250530764897,19.0,0.3844408465065491,19.0,0.33356975286362905,19.0,0.39572505307648986,19.0,31.85112079999999,19.654721017727027,11.268060298298,19.473984916214043,10.617013694917777,4.25,3.367,3.840986199158387,3.367,-0.09200000000000008,-0.883,0.07900000000000018,0.009670964061977975,0.007525572440984331,0.009671773003095283,0.0075284367338243705,0.3957250530764897,0.3957250530764897,0.005807621580449045,0.005807621580449162,-0.14415555724554313,0.00042017374193262117,,,-0.00032564126488378157,,,-0.010072343505919162,-0.010072343505919339,-0.027316152642934518,0.00028025238311477193,,,-0.003208561874704332,,,-0.002132360962735058,-0.0021323609627350885,-0.08573585494423883,0.00035021306252369655,,,-0.0017671015697940566,,,-0.0038791571222355605,-0.0038791571222356234,-0.07288352043795188,0.00033482171305373315,,,-0.002084222836874317,,,0.0,0.0
2016-04-08,-0.013545222979999993,-0.006332237920000039,,-0.029761386000000112,0.028999999999999915,-0.1891489788969974,19.0,-0.18668878406678646,19.0,-0.1683715771800478,19.0,-0.18914897889699755,19.0,-107.12726729999986,-112.21471239053211,-116.82785401890816,-112.39224501421121,-116.47845091940592,4.25,3.396,3.840986199158387,3.396,0.028999999999999915,-0.8540000000000001,-0.09200000000000008,-0.0328516785960377,-0.033186587773132215,-0.03298232995980196,-0.03316359475566187,-0.1891489788969974,-0.1891489788969974,0.006707269725346662,0.0067072697253462285,-0.005634354112981108,0.0005469896349485288,,,0.0002557178608596346,,,-0.008484858483381484,-0.00848485848338173,0.03246255178416388,0.0005669548921563255,,,-0.0029659114889606097,,,-0.0008887943790174108,-0.0008887943790177508,0.013414098835591385,0.0005569722635524271,,,-0.0013550968140504877,,,-0.0025599284819775065,-0.0025599284819778265,0.01760475848427733,0.0005591684418452848,,,-0.0017094760425307145,,,0.0,-0.0
2016-04-15,0.039562691370000014,0.06999793465000004,,0.24874830190000008,-0.2559999999999998,0.341938222091969,19.0,0.337668920980843,19.0,0.3041224744781721,19.0,0.3419382220919689,19.0,503.1866915999999,464.3260007299286,457.67834163688553,464.47376698824917,457.24130678450473,4.25,3.14,3.840986199158387,3.14,-0.2559999999999998,-1.1099999999999999,0.028999999999999915,0.1298910011067513,0.12693468798386037,0.12997047123702268,0.126923440909749,0.341938222091969,0.341938222091969,0.005397271825894862,0.0053972718258950125,,0.00012266963736392656,,,5.9385328515228816e-05,,,-0.01432298335155551,-0.014322983351555778,,-0.001150345335252637,,,-0.004178400115884955,,,-0.004462855762830323,-0.004462855762830383,,-0.0005138378489443552,,,-0.002059507393684863,,,-0.006632083832349864,-0.006632083832349971,,-0.0006538694959321771,,,-0.002525663792568883,,,0.0,0.0
2016-04-22,-0.006081093779999991,0.018295211849999993,-0.00762931158000002,-0.09370607419999999,-0.006000000000000227,0.2387221993558601,19.0,0.23998102208419303,19.0,0.19765556598294493,19.0,0.23872219935586036,19.0,125.40364200000022,123.46394809655307,115.79639276424794,123.27630730149741,115.24508590554316,4.25,3.134,3.840986199158387,3.134,-0.006000000000000227,-1.116,-0.2559999999999998,0.013870441302805698,0.014541467418205948,0.01384908981603785,0.014435864858454522,0.2387221993558601,0.2387221993558601,0.0032285062271120504,0.0032285062271121758,,-0.00037939672824623865,,,-0.0004152688097156191,,,-0.011804846824927186,-0.011804846824927422,,-0.0007699755868683647,,,-0.0036738314541217777,,,-0.004288170298907568,-0.0042881702989076235,,-0.0005746861575573017,,,-0.002044550131918698,,,-0.005941839134631884,-0.005941839134631978,,-0.0006176498320057355,,,-0.0024029920228033756,,,0.0,0.0
2016-04-29,0.017357916969999998,0.00964944537000001,0.0012950126200000356,-0.08289686859999978,0.01100000000000012,-0.5277770097957374,19.0,-0.520922787865761,19.0,-0.4589431267302322,19.0,-0.5277770097957375,19.0,149.51423290000002,134.8068775556823,132.9983946355239,134.59950009223394,134.06840080988,4.25,3.145,3.840986199158387,3.145,0.01100000000000012,-1.105,-0.006000000000000227,0.02714708824787883,0.027489078663080924,0.026891343337523972,0.027564919391688973,-0.5277770097957374,-0.5277770097957374,-0.003370221491030662,-0.00337022149103084,,-0.0020733535268020646,,,-0.001931689786532735,,,-0.007205064690543401,-0.007205064690543759,,4.8947811401358786e-05,,,-0.0027272978659386073,,,-0.005287643090787031,-0.005287643090787299,,-0.0010122028577003528,,,-0.002329493826235671,,,-0.005709475842733433,-0.005709475842733721,,-0.0007787497104979763,,,-0.002417010714970317,,,0.0,-0.0
2016-05-06,-0.007039473750000025,-0.019760690700000028,-0.004583061980000025,0.2200966500999999,-0.0009999999999998899,0.23559766155197776,19.0,0.22704264802386925,19.0,0.18457035052152196,19.0,0.23559766155197778,19.0,-164.87217850000025,-166.09478060472395,-173.89757166463176,-166.52552236993748,-174.32577605194572,4.25,3.144,3.4861845096868294,3.144,-0.0009999999999998899,-1.1059999999999999,0.01100000000000012,-0.043599148227977856,-0.044336462790493775,-0.04373363797802168,-0.04433970041383314,0.23559766155197776,0.23559766155197776,-0.0018849692018484314,-0.001884969201848046,,-0.0017667675471482523,,,-0.0016640525628247188,,,-0.010153333967229223,-0.01015333396722926,,-0.002006127373820198,,,-0.004043195420091673,,,-0.006019151584538827,-0.006019151584538653,,-0.001886447460484225,,,-0.0028536239914581955,,,-0.006928671708730714,-0.006928671708730587,,-0.001912777041418139,,,-0.003115329705757561,,,0.0,0.0
2016-05-13,0.027324492169999992,0.08387170590999998,0.031582650990000016,-0.09082926250000023,-0.017000000000000348,0.1161060941882527,19.0,0.11459630702059628,19.0,0.10210180033653077,19.0,0.11610609418825271,19.0,68.83033960000012,62.70812238648562,56.03588409483797,62.73527949862074,55.80449528743992,4.25,3.127,3.4861845096868294,3.127,-0.017000000000000348,-1.1230000000000002,-0.0009999999999998899,0.022065363986637315,0.02043407474550327,0.022109623472102838,0.02042580717385014,0.1161060941882527,0.1161060941882527,-0.0011414571917846682,-0.0011414571917843185,0.009551673724229,-0.001200121596704544,,,-0.0013771415223577939,,,-0.005977666878716632,-0.0059776668787184465,0.011528688907040925,-0.00018048749953824433,,,-0.0026598282780445153,,,-0.00355956203525065,-0.0035595620352513826,0.010540181315634962,-0.0006903045481213942,,,-0.0020184849002011546,,,-0.004091545100813166,-0.004091545100814137,0.010757652985744274,-0.0005781447974331012,,,-0.002159580443326694,,,0.0,0.0
2016-05-20,0.0036117955100000154,-0.004557661709999938,0.008138191640000014,-0.013811492199999886,0.18800000000000017,-0.19819989388920342,19.0,-0.18978001214574325,19.0,-0.1438296190934934,19.0,-0.19819989388920345,19.0,-67.13962859999992,-47.60682199808332,-53.275273338692934,-46.96600942356666,-53.15505706364373,4.25,3.315,3.4861845096868294,3.315,0.18800000000000017,-0.935,-0.017000000000000348,-0.010518315659260888,-0.009928689305465501,-0.010198886748567233,-0.009978002286359278,-0.19819989388920342,-0.19819989388920342,-0.000922743461934058,-0.0009227434619337868,,-0.0011442556035139086,,,-0.0013923364231507294,,,-0.0064799607895490545,-0.006479960789550408,,-0.00031541422566140793,,,-0.0026383922778587523,,,-0.0037013521257415563,-0.003701352125742097,,-0.0007298349145876583,,,-0.002015364350504741,,,-0.004312646031779206,-0.004312646031779926,,-0.0006386623630238832,,,-0.0021524304945226233,,,0.0,-0.0
2016-05-27,0.006336717260000013,-0.014076783930000003,0.00792408151999996,-0.1076735338999999,-0.02300000000000013,-0.0247157849665455,19.0,-0.02438927029362617,19.0,-0.020985167463688004,19.0,-0.02471578496654568,19.0,8.871186599999874,-1.0198477713311718,-6.536831345806018,-1.0574758052650193,-6.4703012769907495,4.25,3.292,3.4861845096868294,3.292,-0.02300000000000013,-0.9580000000000002,0.18800000000000017,0.002381683686648709,0.0012304205377634742,0.002349039784735206,0.0012405772880681094,-0.0247157849665455,-0.0247157849665455,-0.0012060069688928678,-0.0012060069688925549,,-0.0012069873860482954,,,-0.0013486607018056572,,,0.001501672166215389,0.0015016721662152411,,-0.0003526305775423831,,,-0.0021346564592177575,,,0.00014783259866126062,0.00014783259866134313,,-0.0007798089817953393,,,-0.0017416585805117074,,,0.00044567730352316885,0.00044567730352320067,,-0.000685829732859689,,,-0.0018281181138270384,,,0.0,-0.0
2016-06-03,-0.0007233985500000317,-0.026695196250000053,,0.15649379679999997,-0.12299999999999978,0.33478667913175575,19.0,0.3468771955244483,19.0,0.22933788203498823,19.0,0.3347866791317557,19.0,127.91009140000006,109.65213504351493,102.25949602487557,108.23388495478746,101.48881513147397,4.25,3.169,3.293351689950794,3.169,-0.12299999999999978,-1.081,-0.02300000000000013,0.026437161475883666,0.024701287730233678,0.02581378716763949,0.02453152514364159,0.33478667913175575,0.33478667913175575,-0.002119654277905651,-0.0021196542779051207,,-0.0017435178006223323,,,-0.001709262365092395,,,-0.001981147896034166,-0.0019811478960329683,,-0.0027162716241717674,,,-0.0031387909825256683,,,-0.0020504010869699086,-0.0020504010869690443,,-0.00222989471239705,,,-0.0024240266738090317,,,-0.0020351653849640453,-0.0020351653849631076,,-0.0023368976329874876,,,-0.0025812748217266916,,,0.0,0.0
2016-06-10,-0.007656189469999963,-0.01316258939999998,,0.1253659612,-0.09699999999999998,0.12409465734506447,19.0,0.1264291757463771,19.0,0.11888043534296977,19.0,0.1240946573450647,19.0,-7.033570599999621,-25.474241924021193,-31.557199775767394,-25.2427596519526,-31.765759226768385,4.25,3.072,3.293351689950794,3.072,-0.09699999999999998,-1.178,-0.12299999999999978,-0.010958660085166565,-0.011994935181444469,-0.01084630207288042,-0.012040149852518691,0.12409465734506447,0.12409465734506447,-0.0017213700798581043,-0.0017213700798572695,0.006401066676383064,-0.0005518550564305945,,,-0.0016544527363854427,,,-0.0010822725057830283,-0.0010822725057812535,0.041427698495777945,-0.003271087858588604,,,-0.0034329953636582527,,,-0.0014018212928205663,-0.0014018212928192616,0.023914382586080505,-0.0019114714575095993,,,-0.0025437240500218476,,,-0.001331520559672308,-0.0013315205596708998,0.02776731208621394,-0.0022105870657469803,,,-0.0027393637390218566,,,0.0,0.0
2016-06-17,0.00505838507999995,-0.0026522361599999877,,-0.11536849179999997,-0.016000000000000014,-0.05658787692165068,19.0,-0.05744548225539042,19.0,-0.04446965093433408,19.0,-0.05658787692165079,19.0,-40.76934770000025,-50.20961903840454,-55.54799510488023,-50.15592628390192,-55.40343206204737,4.25,3.056,3.293351689950794,3.056,-0.016000000000000014,-1.194,-0.09699999999999998,-0.011629727654272603,-0.01251799233694768,-0.011626008252562239,-0.01249420878706132,-0.05658787692165068,-0.05658787692165068,-0.0029776195629268778,-0.0029776195629260707,,-0.0005865321096005893,,,-0.00198821723513138,,,-0.0032946801343393256,-0.003294680134337319,,-0.0031035718591042646,,,-0.0032426021822921365,,,-0.0031361498486331017,-0.003136149848631695,,-0.001845051984352427,,,-0.0026154097087117585,,,-0.003171026511488471,-0.003171026511486932,,-0.002121926356797831,,,-0.0027533920528994412,,,0.0,-0.0
2016-06-24,0.004951585810000048,0.008585861309999998,0.0035106116000000465,0.03547328719999987,-0.010000000000000231,0.12512730596068933,19.0,0.12426351627092647,19.0,0.10289584750803904,19.0,0.12512730596068916,19.0,-44.92194500000005,-49.77075830175093,-56.55742793607992,-49.903804399689534,-56.824669781652645,4.25,3.046,3.293351689950794,3.046,-0.010000000000000231,-1.2040000000000002,-0.016000000000000014,-0.009579234699696479,-0.01077730814746878,-0.009607070583711791,-0.0108011912969386,0.12512730596068933,0.12512730596068933,-0.00013734822540485692,-0.00013734822540413188,,-0.0005475546382893237,,,-0.0018550390741334383,,,-0.004788816256547649,-0.004788816256545847,,-0.0030557760389584034,,,-0.002989786150963106,,,-0.002463082240976253,-0.002463082240974989,,-0.0018016653386238636,,,-0.002422412612548272,,,-0.00297474372440196,-0.0029747437244005775,,-0.0020775696926974624,,,-0.0025472347909995356,,,0.0,0.0
2016-07-01,-0.002162331790000027,-0.0018549529299999867,,-0.09580014460000008,-0.3049999999999997,0.20770492858397616,19.0,0.2050245604893305,19.0,0.18151958716572492,19.0,0.20770492858397627,19.0,182.20108309999978,132.99656858546567,127.77450494152745,132.94245176824157,127.67122260840077,4.25,2.741,2.9243123428975513,2.741,-0.3049999999999997,-1.509,-0.010000000000000231,0.02922755240894516,0.02648642429975046,0.029150069765880048,0.026501376483832793,0.20770492858397616,0.20770492858397616,0.0034477736435749445,0.003447773643575735,,0.0025697919569064058,0.0025697919569063698,,-0.0013520072068092944,,,-0.0014562610633406514,-0.0014562610633387944,,-0.00601563316095275,-0.0060156331609527835,,-0.002444942217641676,,,0.0009957562901171464,0.0009957562901184705,,-0.001722920602023172,-0.0017229206020232069,,-0.001898474712225485,,,0.00045631247235643115,0.0004563124723578723,,-0.0026673173649876787,-0.002667317364987714,,-0.0020186975634170472,,,0.0,0.0
2016-07-08,0.01354645593999998,0.0022991813199999545,,0.3388106929000001,-0.17100000000000026,0.010723908337617938,19.0,0.012322838074246056,19.0,0.008143926548105251,19.0,0.010723908337617938,19.0,35.90743900000052,3.6428939661358513,-1.0158245195690156,3.522675603018314,-0.8807503249698883,4.25,2.57,2.9243123428975513,2.57,-0.17100000000000026,-1.6800000000000002,-0.3049999999999997,-0.007893319585070169,-0.008977588456226069,-0.008012737061694846,-0.008977836773438493,0.010723908337617938,0.010723908337617938,0.0013295246144998949,0.0013295246145005333,,0.00070454525647436,0.0007045452564743505,,-0.001811540865598919,,,-8.527855023906118e-05,-8.527855023721607e-05,,-0.004917778560384693,-0.004917778560384564,,-0.0019905800099272756,,,0.0006221230321304169,0.0006221230321316586,,-0.0021066166519551665,-0.0021066166519551066,,-0.0019010604377630975,,,0.0004664946840091317,0.00046649468401050614,,-0.0027250722718096623,-0.002725072271809587,,-0.0019207547436392164,,,0.0,0.0
2016-07-15,0.002659608530000024,0.034850968460000076,0.015493350930000038,-0.09060751210000006,0.03000000000000025,-0.011923023577557479,19.0,-0.013312861144095023,19.0,-0.007879521375980691,19.0,-0.01192302357755759,19.0,111.32726229999935,109.96101913779974,103.92430184460977,109.9939854490983,103.92507916835567,4.25,2.6,2.9243123428975513,2.6,0.03000000000000025,-1.65,-0.17100000000000026,0.025530196611071202,0.02493644804045749,0.025554948050859175,0.02494310370438896,-0.011923023577557479,-0.011923023577557479,0.0012567089465884418,0.001256708946588913,0.001975258685969034,0.0003818164153817456,0.00038181641538172093,,-0.001877151426578555,,,0.0024022781657136406,0.002402278165715136,0.0028162683232502593,-0.004505370374490397,-0.004505370374490279,,-0.0017281508564524553,,,0.0018294935561510412,0.0018294935561520244,0.0023957635046096466,-0.0020617769795543256,-0.002061776979554279,,-0.0018026511415155052,,,0.001955506170254813,0.001955506170255909,0.0024882745647105816,-0.002599367526440261,-0.0025993675264401987,,-0.001786261078801634,,,0.0,-0.0
2016-07-22,-0.00922977639,0.009670363059999909,,-0.015022011199999685,0.054999999999999716,-0.18276764862208095,19.0,-0.17889344441104038,19.0,-0.1605632080443563,19.0,-0.18276764862208095,19.0,47.175416200000654,46.27206920995397,41.43111371350849,46.15948601012837,41.720059733844295,4.25,2.655,2.9243123428975513,2.655,0.054999999999999716,-1.5950000000000002,0.03000000000000025,0.008019620221725867,0.00803386652821507,0.007931587180563424,0.008035913091854837,-0.18276764862208095,-0.18276764862208095,0.0017484138604631737,0.0017484138604638025,,0.001098966261685366,0.0010989662616853698,0.0006574121763779877,-0.0015495430747566646,,,0.0007820011153507582,0.0007820011153526477,,-0.004335425800035661,-0.004335425800035578,0.04985112782108131,-0.0017809138127233952,,,0.0012652074879069659,0.001265207487908225,,-0.0016182297691751477,-0.0016182297691751041,0.025254269998729647,-0.00166522844374003,,,0.0011589020859446002,0.001158902085945998,,-0.002216012895964461,-0.0022160128959644084,0.030665578719647014,-0.0016906792249163703,,,0.0,-0.0
2016-07-29,0.008132570880000023,0.01714612803000004,,0.20422072969999983,0.0810000000000004,-0.10141376761417786,19.0,-0.10008302084472348,19.0,-0.08769729163794371,19.0,-0.1014137676141777,19.0,93.90957509999953,98.69853120738739,93.00186397961556,98.67307596494446,93.11220700314541,4.25,2.736,2.9243123428975513,2.736,0.0810000000000004,-1.5139999999999998,0.054999999999999716,0.022573024112921686,0.02238790865367142,0.02256188511308892,0.022388073913912943,-0.10141376761417786,-0.10141376761417786,0.0022851389202855933,0.002285138920286216,,0.0002507135110937134,0.0002507135110936913,,-0.0015708516242581294,,,0.001076514014022953,0.0010765140140249505,,-0.004142964790984069,-0.004142964790984115,,-0.001673386671120377,,,0.001680826467154273,0.0016808264671555832,,-0.0019461256399451777,-0.0019461256399452118,,-0.0016221191476892532,,,0.0015478777274653827,0.0015478777274668442,,-0.002429430253173734,-0.0024294302531737704,,-0.0016333980028441003,,,0.0,-0.0
2016-08-05,0.007383854359999997,-0.007272922119999969,,0.12259850359999991,-0.0860000000000003,0.12507187624178812,19.0,0.12373402647022197,19.0,0.1092827088117494,19.0,0.12507187624178795,19.0,77.06805020000047,60.36292160043939,54.143941804140496,60.353051679340226,53.9665846675249,4.25,2.65,2.9053720756337102,2.65,-0.0860000000000003,-1.6,0.0810000000000004,0.009632906207982163,0.008480128118532415,0.009634319658972408,0.008464946175938735,0.12507187624178812,0.12507187624178812,0.002482331050333385,0.0024823310503341153,,0.0009688153422818305,0.0009688153422818126,0.01836416406835471,-0.0011819752038389477,,,0.00016824850715170688,0.00016824850715478704,,-0.004282620308360502,-0.004282620308360626,0.021395282241849015,-0.001838126166244806,,,0.001325289778742546,0.0013252897787444512,,-0.0016569024830393358,-0.0016569024830394067,0.019879723155101864,-0.0015100506850418767,,,0.0010707406989925615,0.001070740698994725,,-0.0022345604046099922,-0.002234560404610075,0.020213146154186235,-0.0015822272909065214,,,0.0,0.0
2016-08-12,0.004864483659999974,0.008347792679999966,,-0.03764234069999972,-0.1120000000000001,0.01940177420019379,19.0,0.01898488014681088,19.0,0.01773648993716026,19.0,0.0194017742001939,19.0,26.925992399999814,4.039397059625845,-1.1562452863714867,3.992136064047145,-1.0806570475028892,4.25,2.538,2.9053720756337102,2.538,-0.1120000000000001,-1.7120000000000002,-0.0860000000000003,-0.003302272339079206,-0.0044931860348719835,-0.0033608758098211886,-0.004482542467057626,0.01940177420019379,0.01940177420019379,-0.0008475291164343006,-0.0008475291164336187,0.0016440345335824137,0.0008306432986260391,0.0008306432986260597,,-0.001170025888276582,,,-0.0008306372267464638,-0.0008306372267451385,0.0037206498771951723,-0.004063247334777247,-0.004063247334777196,,-0.0018408355945351263,,,-0.0008390831715903822,-0.0008390831715893786,0.002682342205388793,-0.0016163020180756037,-0.0016163020180755684,,-0.0015054307414058541,,,-0.0008372250637247202,-0.0008372250637236458,0.0029107698931861966,-0.002154629987749965,-0.0021546299877499265,,-0.001579219809094294,,,0.0,0.0
2016-08-19,0.0,-0.005539717520000043,,0.015318362699999977,-0.09899999999999975,0.16719972011663176,19.0,0.16504494638348888,19.0,0.14624846094258492,19.0,0.16719972011663176,19.0,65.42560619999949,47.54009023275002,41.08376401052669,47.5474893288289,40.83692916920393,4.25,2.439,2.9053720756337102,2.439,-0.09899999999999975,-1.811,-0.1120000000000001,0.00852109296279125,0.00704439435728047,0.008539040290410417,0.007029994107193761,0.16719972011663176,0.16719972011663176,-9.787776315985791e-05,-9.787776316050046e-05,,0.0004881050497327951,0.00048810504973284286,,-0.0014547686892212074,,,-0.0001530659981313204,-0.00015306599813251647,,-0.004184578408762322,-0.004184578408762251,,-0.0020059342731621977,,,-0.00012547188064558916,-0.00012547188064650845,,-0.0018482366795147635,-0.0018482366795147041,,-0.0017303514811917026,,,-0.00013154258649245005,-0.00013154258649343022,,-0.002362231859949226,-0.002362231859949164,,-0.0017909796954252116,,,0.0,0.0
2016-08-26,0.0011686257799999877,-0.012720955639999976,-0.005602073350000014,-0.012866580500000335,0.053999999999999826,-0.06865055190097857,19.0,-0.06774493962891726,19.0,-0.059125243547826556,19.0,-0.06865055190097868,19.0,-154.44543929999963,-153.2091092350987,-158.96038660289165,-153.23155019107477,-158.8880406158786,4.25,2.493,2.9053720756337102,2.493,0.053999999999999826,-1.7570000000000001,-0.09899999999999975,-0.03338480746525027,-0.0336991187107544,-0.033394896659650834,-0.03370083343402765,-0.06865055190097857,-0.06865055190097857,-0.0006224431936225935,-0.0006224431936230675,,0.0007413743072587835,0.0007413743072587533,,-0.0015745878854221374,,,0.002437105859100433,0.0024371058590989614,,-0.004350136741069629,-0.004350136741069573,,-0.0022904868249397758,,,0.0009073313327389197,0.0009073313327379469,,-0.001804381216905423,-0.0018043812169054097,,-0.0019325373551809565,,,0.0012438817285384527,0.00124388172853737,,-0.0023644474322215485,-0.002364447432221526,,-0.002011286238527897,,,0.0,-0.0
2016-09-02,-0.01013353119999999,-0.0064266309999999605,,0.08930421550000034,0.028000000000000025,0.5506433821674087,19.0,0.5431518676594849,19.0,0.47060916816973763,19.0,0.5506433821674088,19.0,12.650733700000274,22.289526357950407,11.848846204332848,22.260482036479505,10.67283872831331,4.25,2.521,3.0842979885765716,2.521,0.028000000000000025,-1.729,0.053999999999999826,0.013570071449350683,0.011649180100295977,0.013737067052950948,0.011564352905156682,0.5506433821674087,0.5506433821674087,-0.01041023878443188,-0.010410238784432783,-0.003626646718947193,-0.005811063897089243,-0.005811063897089267,-0.02432797682309579,-0.0031735559891470227,,,-0.007293336515426955,-0.007293336515430492,-0.07432659401363519,-0.009184848955652001,-0.009184848955652032,0.3505337823022232,-0.003760654177691337,,,-0.008851787649929417,-0.008851787649931638,-0.03897662036629119,-0.007497956426370622,-0.007497956426370649,0.1631029027395637,-0.00346710508341918,,,-0.008508928400338876,-0.008508928400341384,-0.04675361456870687,-0.007869072782812524,-0.007869072782812552,0.2043376962433488,-0.0035316858841590547,,,0.0,0.0
2016-09-09,0.005342682370000018,-0.0032537075099999813,,0.004088337799999842,0.040000000000000036,-0.0048475905131144525,18.0,-0.0009156339316833684,18.0,-0.015405399438336298,18.0,-0.0048475905131142305,18.0,9.790654999999788,10.126641411605453,4.025853123651898,9.843945609535334,3.933844178439853,4.25,2.561,3.0842979885765716,2.561,0.040000000000000036,-1.689,0.028000000000000025,0.0034504657419377575,0.002863046955668011,0.003330018509617479,0.002824542835446997,-0.0048475905131144525,-0.0048475905131144525,-0.011010115052128525,-0.01101011505212953,0.00046338585146521314,-0.005627062519234607,-0.005627062519234616,,-0.0031707412546532797,,,-0.007917910464986551,-0.007917910464990331,-0.02784187667422644,-0.0068518208007379185,-0.006851820800737945,,-0.00361913055570939,,,-0.009464012758557537,-0.009464012758559931,-0.013689245411380613,-0.006239441659986263,-0.006239441659986281,,-0.003394935905181335,,,-0.00912387025397192,-0.009123870253974618,-0.016802824289206694,-0.006374165070951628,-0.006374165070951647,,-0.003444258728297507,,,0.0,-0.0
2016-09-16,-0.01168194546000001,-0.0066372841200000865,-0.017364454470000013,-0.12151164459999997,0.20100000000000007,-0.12296769270948382,18.0,-0.12135526255007223,18.0,-0.10641913844630002,18.0,-0.12296769270948404,18.0,-115.77269140000044,-92.69859327730306,-99.1303125676182,-92.68636191212958,-99.10784138573966,4.25,2.762,3.0842979885765716,2.762,0.20100000000000007,-1.488,0.040000000000000036,-0.016101593834729765,-0.015798210340794545,-0.01605519098340827,-0.01581132811294816,-0.12296769270948382,-0.12296769270948382,-0.011495915986620558,-0.011495915986621698,-0.003104898768665676,-0.006113709717136364,-0.006113709717136407,,-0.0034553736248216864,,,-0.00810182155896854,-0.008101821558973002,0.01931678711234035,-0.007120822859134793,-0.007120822859134817,,-0.004071664724074451,,,-0.00979886877279455,-0.00979886877279735,0.008105944171837338,-0.006617266288135579,-0.006617266288135612,,-0.0037635191744480687,,,-0.009425518385752826,-0.009425518385755994,0.010572329618747999,-0.006728048733755406,-0.006728048733755437,,-0.0038313111953658724,,,0.0,-0.0
2016-09-23,0.01141500551000002,0.0006619953900000031,,0.042992473099999984,-0.053999999999999826,-0.19219369957838084,18.0,-0.1896829948449975,18.0,-0.16669976206450143,18.0,-0.19219369957838084,18.0,112.27429329999995,94.17847171823327,90.21539101811904,94.07074000309943,90.66256912261161,4.25,2.708,3.0842979885765716,2.708,-0.053999999999999826,-1.5419999999999998,0.20100000000000007,0.02295041074213636,0.021758134330010115,0.022821411498772065,0.02180237480812626,-0.19219369957838084,-0.19219369957838084,-0.012861641623541682,-0.012861641623542676,,-0.006661111289996399,-0.006661111289996422,,-0.0037630840898261603,,,-0.005180783027127756,-0.005180783027130666,,-0.00610909626477333,-0.0061090962647733504,,-0.0034196760815299702,,,-0.009021212325334718,-0.009021212325336671,,-0.006385103777384864,-0.006385103777384886,,-0.0035913800856780653,,,-0.008176317879729188,-0.00817631787973135,,-0.006324382124610327,-0.006324382124610348,,-0.003553605204765484,,,0.0,-0.0
2016-09-30,-0.0036283790300000174,-0.007118704589999969,,0.05212960990000015,-0.10099999999999998,-0.25549583057948466,18.0,-0.25193487740319886,18.0,-0.22206048139205237,18.0,-0.25549583057948466,18.0,-71.40785109999979,-98.10861202293043,-101.21549593857056,-98.26261703902746,-100.58828509014816,4.25,2.607,3.0842979885765716,2.607,-0.10099999999999998,-1.6429999999999998,-0.053999999999999826,-0.02790061445833702,-0.0285529973454626,-0.028090291624104723,-0.02850444516544602,-0.25549583057948466,-0.25549583057948466,-0.012146956794999574,-0.012146956794999825,,-0.0064849724960728584,-0.00648497249607284,,-0.0035136986135668336,,,-0.005639385720388673,-0.005639385720389496,,-0.005566581976896836,-0.00556658197689681,,-0.0030315942511980037,,,-0.008893171257694123,-0.00889317125769466,,-0.006025777236484847,-0.006025777236484825,,-0.0032726464323824186,,,-0.008177338439486925,-0.008177338439487524,,-0.0059247542793754845,-0.005924754279375462,,-0.0032196149525218474,,,0.0,-0.0
2016-10-07,-0.0019280137800000152,-0.022020015020000006,-0.0002795466699999638,0.0399479388999997,0.08999999999999986,-0.09815735338056308,18.0,-0.0970957033380645,18.0,-0.08457630222553336,18.0,-0.09815735338056314,18.0,-73.47266880000006,-67.21429889032922,-73.00731531496518,-67.22850878045973,-72.91083267395484,4.25,2.697,3.35485312478777,2.697,0.08999999999999986,-1.553,-0.10099999999999998,-0.01059676304274329,-0.01109888739601407,-0.010597443223254325,-0.011092818885914804,-0.09815735338056308,-0.09815735338056308,-0.01279222700905217,-0.012792227009052427,0.004576010221434595,-0.00642522665282423,-0.006425226652824237,,-0.0036074434221080934,,,-0.005146309829572411,-0.005146309829573436,0.0029911584287315575,-0.005977730837951919,-0.005977730837951914,,-0.0029237226101423404,,,-0.00896926841931229,-0.00896926841931293,0.0037835843250830763,-0.006201478745388074,-0.006201478745388076,,-0.003265583016125217,,,-0.008128217529569517,-0.008128217529570242,0.003609250627885742,-0.0061522542057521196,-0.0061522542057521196,,-0.003190373726808984,,,0.0,-0.0
2016-10-14,0.0,-0.010786155879999981,,-0.06433956299999988,0.07299999999999995,-0.20172782028487513,18.0,-0.1990934010892083,18.0,-0.1750018838801819,18.0,-0.20172782028487501,18.0,-14.118884599999546,-12.595838279201867,-17.44151964516333,-12.659978597205372,-17.114787832175118,4.25,2.77,3.35485312478777,2.77,0.07299999999999995,-1.48,0.08999999999999986,0.000823411011850976,0.0003736676050853948,0.0007607021649466898,0.00039756850136367546,-0.20172782028487513,-0.20172782028487513,-0.012210242838676747,-0.012210242838676954,,-0.006341558018546939,-0.006341558018546931,,-0.0036151881338073316,,,-0.004000043159867199,-0.004000043159867873,,-0.0052872324678260064,-0.005287232467825995,,-0.0027359341749035393,,,-0.008105142999271973,-0.008105142999272414,,-0.005814395243186473,-0.005814395243186463,,-0.0031755611543554355,,,-0.007202021034602923,-0.007202021034603415,,-0.00569841943260717,-0.00569841943260716,,-0.0030788432188760184,,,0.0,-0.0
2016-10-21,0.012932867200000031,0.03402775367000005,,-0.02451030970000012,-0.020000000000000018,-0.009518786523627976,18.0,-0.009183950326094648,18.0,-0.00783281287963744,18.0,-0.009518786523628142,18.0,121.31383679999999,112.19648526720806,106.5396494374697,112.16364509258995,106.56887294882338,4.25,2.75,3.35485312478777,2.75,-0.020000000000000018,-1.5,0.07299999999999995,0.025763126273020815,0.024785955074000162,0.025738241510261307,0.0247884729877373,-0.009518786523627976,-0.009518786523627976,-0.012474150480830178,-0.012474150480830497,0.0044354021470948595,-0.006331924395621531,-0.006331924395621498,0.005054718852188142,-0.0037199687608308273,,,-0.0049635553383160485,-0.004963555338317036,0.0064415921644295085,-0.006181074705979287,-0.006181074705979205,-0.007291991917056154,-0.0031365366464644476,,,-0.008718852909573114,-0.008718852909573766,0.005438497155762184,-0.006256499550800409,-0.006256499550800352,-0.0011186365324340063,-0.0034282527036476372,,,-0.007892687443896559,-0.007892687443897286,0.005659178057668995,-0.006239906084939762,-0.006239906084939699,-0.0024767747170508785,-0.003364075171067336,,,0.0,-0.0
2016-10-28,-0.004167148260000031,-0.006548737500000068,,0.0,0.133,-0.1718226590626399,18.0,-0.16957628833562632,18.0,-0.1489610670049108,18.0,-0.17182265906263994,18.0,-42.500899100000424,-31.016889149763507,-36.550747336512046,-31.04780468732114,-36.352124088683574,4.25,2.883,3.35485312478777,2.883,0.133,-1.367,-0.020000000000000018,-0.00769572154301749,-0.007316032942495592,-0.0077114979208662325,-0.007316267279457861,-0.1718226590626399,-0.1718226590626399,-0.012870927586810837,-0.012870927586811217,0.015316202066760917,-0.006715789338583303,-0.006715789338583293,-0.0011096391575021378,-0.0037081852441331912,,,-0.005104299422287977,-0.005104299422289115,0.08512831599974251,-0.006813327219549322,-0.006813327219549288,0.0022364792692336336,-0.003094937369544681,,,-0.008987613504549408,-0.008987613504550166,0.05022225903325171,-0.006764558279066312,-0.00676455827906629,0.0005634200558657479,-0.003401561306838936,,,-0.008133284406451892,-0.008133284406452734,0.057901591565879686,-0.0067752874459725745,-0.006775287445972549,0.0009314930828066827,-0.0033341040406342,,,0.0,-0.0
2016-11-04,-0.008443112269999997,-0.0014898215899999956,0.0019344857199999899,0.09381375580000029,0.06499999999999995,-0.029465123469917448,17.0,-0.017994732552880796,17.0,-0.014250247406424388,17.0,-0.029465123469917434,17.0,5.279261600000609,9.019759866030073,3.013950781786865,9.268732272246842,2.8558030754529606,4.25,2.948,3.3008454479529665,2.948,0.06499999999999995,-1.302,0.133,0.00536921224317848,0.00482986874977613,0.0055059550853561465,0.0047359326919557574,-0.029465123469917448,-0.029465123469917448,-0.012967408748792549,-0.012967408748792786,-0.05307413573924526,-0.006812683737472903,-0.006812683737472839,-0.01783693325126857,-0.003795819911305278,,,-0.005560217491802581,-0.005560217491803482,0.0012777255289857406,-0.006764559739064254,-0.006764559739064113,-0.481041753092162,-0.0031142529061099176,,,-0.009263813120297565,-0.009263813120298134,-0.02589820510512976,-0.006788621738268578,-0.006788621738268476,-0.2494393431717153,-0.003455036408707598,,,-0.008449022082028669,-0.008449022082029311,-0.01991950036562435,-0.0067833280984436264,-0.006783328098443515,-0.3003918733542136,-0.0033800640381361083,,,0.0,-0.0
2016-11-11,0.012082030470000005,0.006255334790000067,0.007597181240000028,0.21379063089999972,0.5350000000000001,-0.5715551830182488,17.0,-0.5641095991182076,17.0,-0.49701320080777645,17.0,-0.5715551830182488,17.0,53.346823899999436,119.49727924779243,114.08248704967473,119.46933093416679,114.66443390069588,4.25,3.483,3.3008454479529665,3.483,0.5350000000000001,-0.7669999999999999,0.06499999999999995,0.03639931094343747,0.03889778390031679,0.036417159192662314,0.038905745380668655,-0.5715551830182488,-0.5715551830182488,-0.013252318623406183,-0.013252318623406334,,-0.00681843875253766,-0.006818438752537755,,-0.003805872532288385,,,-0.0029396806824487673,-0.0029396806824493844,,-0.005841445312433523,-0.005841445312433642,,-0.003119222174939596,,,-0.008095999652927476,-0.008095999652927859,,-0.006329942032485592,-0.006329942032485698,,-0.0034625473536139904,,,-0.0069616094794221605,-0.006961609479422596,,-0.006222472754074136,-0.006222472754074246,,-0.0033870158143056235,,,0.0,-0.0
2016-11-18,0.0038157691899999846,0.017831566939999988,-0.0018859486100000211,,0.18399999999999972,-0.3578888722543706,17.0,-0.353183508856209,17.0,-0.31099051549087653,17.0,-0.3578888722543705,17.0,-78.83916080000017,-63.14273735628163,-67.59415757124498,-63.22319801243769,-67.06734443362679,4.25,3.667,3.3008454479529665,3.667,0.18399999999999972,-0.5830000000000002,0.5350000000000001,-0.0124527083450987,-0.011780294510836583,-0.012529177740790109,-0.01175505865659818,-0.3578888722543706,-0.3578888722543706,-0.015592484417224254,-0.01559248441722408,,-0.007270782208691262,-0.00727078220869125,-0.009537470360255457,-0.0038707468223501433,,,-0.008004459448732265,-0.008004459448732577,,-0.007294270986715035,-0.007294270986714914,1.4191270444202624,-0.0032469699134397775,,,-0.011798471932978258,-0.011798471932978328,,-0.007282526597703148,-0.0072825265977030824,0.7047947870300034,-0.0035588583678949604,,,-0.01096378918644414,-0.010963789186444264,,-0.0072851103632857635,-0.007285110363285685,0.8619478836558604,-0.00349024290791482,,,0.0,-0.0
2016-11-25,-0.010040687979999963,-0.002609427910000073,0.00044693217000002505,,0.038000000000000256,0.1930276529736955,17.0,0.1905520330902003,17.0,0.16877025610392848,17.0,0.19302765297369529,17.0,35.30975269999999,39.31436943556598,31.62149885754795,39.38278535853351,31.16982703566093,4.25,3.705,3.3008454479529665,3.705,0.038000000000000256,-0.5449999999999999,0.18399999999999972,0.013701212695127595,0.012531923995040205,0.013809199882148838,0.012497130607908278,0.1930276529736955,0.1930276529736955,-0.01682160524098096,-0.016821605240980662,,-0.008736430678764121,-0.008736430678763969,0.004986426010266277,-0.004641179747186498,,,-0.008797258324753005,-0.008797258324752746,,-0.004964487714604924,-0.004964487714604818,0.003994117327432339,-0.004040330588670921,,,-0.012809431782866983,-0.012809431782866705,,-0.0068504591966845226,-0.006850459196684393,0.004490271668849308,-0.004340755167928709,,,-0.011926753622081909,-0.011926753622081634,,-0.0064355454706270104,-0.006435545470626887,0.004381117713737575,-0.0042746617604919965,,,0.0,0.0
2016-12-02,0.003568518829999978,0.004142639670000059,0.0005380486699999576,0.1966617313000003,0.041999999999999815,-0.07094591923608606,17.0,-0.06999622602062383,17.0,-0.061092656279068625,17.0,-0.07094591923608595,17.0,31.596120400000473,30.914401384641167,25.271887828811565,30.887405740148843,25.36205142633171,4.25,3.747,3.1893191949906354,3.747,0.041999999999999815,-0.5030000000000001,0.038000000000000256,0.007088104236772103,0.006637615331589355,0.007070693423221572,0.0066394241965481585,-0.07094591923608606,-0.07094591923608606,-0.016909588886809046,-0.016909588886808685,,-0.008950869252305009,-0.008950869252304896,,-0.00462430315397846,,,-0.008858501321502957,-0.008858501321502461,,-0.004894812991531306,-0.004894812991531203,,-0.004058437207999886,,,-0.012884045104156002,-0.012884045104155573,,-0.006922841121918157,-0.006922841121918049,,-0.004341370180989173,,,-0.011998425471972333,-0.011998425471971889,,-0.00647667493323305,-0.006476674933232943,,-0.00427912492693153,,,0.0,-0.0
2016-12-09,0.011765351019999981,-0.007233431690000014,0.0009913561200000087,0.01224887429999999,-0.06599999999999984,0.2461358752211265,17.0,0.2429711246500263,17.0,0.21501583491352438,17.0,0.24613587522112645,17.0,52.3632176000001,41.21329424949668,33.88614289798008,41.26264147944972,33.43936171427343,4.25,3.681,3.1893191949906354,3.681,-0.06599999999999984,-0.569,0.041999999999999815,0.008464612014106466,0.007053596108424924,0.008539344376493953,0.0070208131516628376,0.2461358752211265,0.2461358752211265,-0.015951578282075662,-0.01595157828207555,,-0.008390439985739953,-0.008390439985739932,0.005325540411615364,-0.003425405356520485,,,-0.009447559199342644,-0.009447559199342264,,-0.005384503711432061,-0.005384503711431821,0.0032555586693201032,-0.004880979348809898,,,-0.012699568740709153,-0.012699568740708909,,-0.006887471848586007,-0.006887471848585876,0.004290549540467734,-0.004153192352665191,,,-0.011984126641608521,-0.011984126641608247,,-0.006556818858412139,-0.006556818858411985,0.004062851548815255,-0.004313305491817027,,,0.0,0.0
2016-12-16,0.00834050081000004,0.016341483729999995,,0.09324662269999973,0.08099999999999996,-0.07395559416864467,17.0,-0.0729668475021727,17.0,-0.06371342107583475,17.0,-0.0739555941686445,17.0,-59.90572130000055,-54.5643956387859,-60.47729874965717,-54.578035001617344,-60.42395317087305,4.25,3.762,3.1893191949906354,3.762,0.08099999999999996,-0.488,-0.06599999999999984,-0.011318892499752148,-0.011530660699362524,-0.011316004836452696,-0.011535264239111134,-0.07395559416864467,-0.07395559416864467,-0.01604056240143186,-0.016040562401431764,-0.004562351441815878,-0.00883212805471974,-0.00883212805471986,0.051349666611023435,-0.003289062119337965,,,-0.008971745224500546,-0.008971745224500345,0.00570065573472687,-0.006887205721045658,-0.006887205721045642,0.004609609167227289,-0.00458755203981105,,,-0.012506153812966204,-0.012506153812966055,0.000569152146455496,-0.0078596668878827,-0.007859666887882751,0.027979637889125362,-0.003938307079574508,,,-0.01172858392350376,-0.011728583923503597,0.0016980829358751984,-0.00764572543117855,-0.0076457254311785875,0.022838231570307788,-0.004081140970826546,,,0.0,-0.0
2016-12-23,-0.0033134544700000323,0.03804437395000004,,0.011465952400000035,-0.03699999999999992,0.08273560700766053,17.0,0.08169113338095069,17.0,0.07273014615578294,17.0,0.08273560700766053,17.0,19.25258490000033,9.339271986880636,3.0812712869874055,9.339394203130054,2.940611795204049,4.25,3.725,3.1893191949906354,3.725,-0.03699999999999992,-0.5249999999999999,0.08099999999999996,0.004148675738914989,0.0028297742973883446,0.004161496878153895,0.0028236520161028524,0.08273560700766053,0.08273560700766053,-0.016582845413965083,-0.01658284541396524,,-0.007810301915380025,-0.007810301915380077,,-0.003434517601781285,,,-0.009947505861214942,-0.009947505861215502,,-0.008216929027827712,-0.008216929027827993,,-0.004143673996367649,,,-0.013265175637590013,-0.01326517563759037,,-0.008013615471603869,-0.008013615471604035,,-0.003789095799074467,,,-0.012535288286787497,-0.012535288286787901,,-0.008058344453973115,-0.008058344453973305,,-0.003867103002478967,,,0.0,0.0
2016-12-30,-0.008644982179999983,0.03603947181,,0.0030677267999998925,-0.020000000000000018,-0.02473486870910052,17.0,-0.024384808689346615,17.0,-0.020852996795394416,17.0,-0.024734868709100744,17.0,91.3254377000003,81.9019878557364,76.36281960812998,81.86896523248794,76.42578913303568,4.25,3.705,3.1893191949906354,3.705,-0.020000000000000018,-0.5449999999999999,-0.03699999999999992,0.017349333771766732,0.01649101985963446,0.017319537854866292,0.016495797475862283,-0.02473486870910052,-0.02473486870910052,-0.016019293714077735,-0.016019293714077867,0.006603732193615429,-0.006783374070090018,-0.006783374070089937,,-0.005297403310856781,-0.005297403310856796,,-0.011152998126892482,-0.011152998126892848,-0.00839822583661145,-0.009254402415049984,-0.009254402415050262,,-0.010655423733757986,-0.010655423733758149,,-0.01358614592048511,-0.013586145920485357,-0.0008972468214980107,-0.00801888824257,-0.0080188882425701,,-0.007976413522307383,-0.007976413522307473,,-0.01305085340589473,-0.013050853405895006,-0.0025474622048229675,-0.008290701360515598,-0.008290701360515735,,-0.008565795768826516,-0.008565795768826621,,0.0,-0.0
2017-01-06,0.004762209020000019,0.0020047510399999746,,0.24822468139999998,-0.1259999999999999,0.25980481553982804,17.0,0.2564626972120599,17.0,0.22691847503216922,17.0,0.2598048155398281,17.0,97.74667999999929,77.51236287181014,70.52995666799526,77.54447973165092,70.12111452923108,4.25,3.579,3.054642043942533,3.579,-0.1259999999999999,-0.6709999999999998,-0.020000000000000018,0.012741518065718353,0.011197763861753113,0.012788928092903164,0.011169183510293413,0.25980481553982804,0.25980481553982804,-0.016176456514849565,-0.01617645651484928,,-0.006768406715314002,-0.006768406715313895,,-0.005351305178096154,-0.0053513051780961565,,-0.013046194177810368,-0.01304619417781046,,-0.009130442164683622,-0.009130442164683835,,-0.010600362609829035,-0.010600362609829085,,-0.014611325346329966,-0.014611325346329869,,-0.007949424439998812,-0.007949424439998866,,-0.007975833893962595,-0.00797583389396262,,-0.014266996489255654,-0.014266996489255598,,-0.00820924833942947,-0.008209248339429558,,-0.008553230211453211,-0.008553230211453242,,0.0,0.0
2017-01-13,0.005802372720000004,-0.011631383130000006,0.00080861454000003,0.009879645599999876,-0.20400000000000018,0.33266402953217244,17.0,0.32837649224454935,17.0,0.2903628228205413,17.0,0.3326640295321725,17.0,21.154170600000725,-9.7816342093045,-16.750063361007207,-9.751695517911283,-17.223583696365168,4.25,3.375,3.054642043942533,3.375,-0.20400000000000018,-0.875,-0.1259999999999999,-0.0075657205594283124,-0.009568588562064708,-0.007526940032350413,-0.009597088696095095,0.33266402953217244,0.33266402953217244,-0.01682428690049298,-0.016824286900492945,-0.007622879535678732,-0.006045771070874643,-0.006045771070874618,,-0.005307460924520211,-0.0053074609245202615,,-0.014830111459484065,-0.014830111459484272,-0.05130114375886006,-0.008908733384679388,-0.008908733384679794,,-0.011248964060667645,-0.011248964060667783,,-0.015827199179988524,-0.015827199179988607,-0.029462011647269394,-0.007477252227777015,-0.007477252227777205,,-0.008278212492593928,-0.008278212492594023,,-0.015607839881477542,-0.015607839881477653,-0.03426662071181934,-0.007792178082295537,-0.007792178082295775,,-0.008931777837570147,-0.00893177783757025,,0.0,0.0
2017-01-20,0.004778170759999978,0.013486835139999931,,0.1444600801,0.07699999999999996,0.04763653107349175,16.0,0.03400136600341136,16.0,0.05054712349891549,16.0,0.047636531073491986,16.0,-8.065414200000305,-0.9020065405999071,-7.904800148845985,-0.6753569999574873,-7.936934064109438,4.25,3.452,3.054642043942533,3.452,0.07699999999999996,-0.798,-0.20400000000000018,0.0019925179020064843,0.0013963116683714837,0.0021463475172088095,0.001479510113806421,0.04763653107349175,0.04763653107349175,-0.01749936756345555,-0.01749936756345498,-0.269898674978049,-0.006377252573287668,-0.006377252573287699,,-0.005222221287403388,-0.0052222212874034465,,-0.015195157909404556,-0.01519515790940506,-0.21150989623938582,-0.010135331030947676,-0.010135331030948281,,-0.010939056994102955,-0.010939056994103158,,-0.016347262736430054,-0.01634726273643002,-0.2407042856087174,-0.008256291802117672,-0.00825629180211799,,-0.008080639140753172,-0.008080639140753302,,-0.016093799674484443,-0.01609379967448453,-0.23428151994746446,-0.008669680432460272,-0.008669680432460653,,-0.008709491068490123,-0.00870949106849027,,0.0,0.0
2017-01-27,0.008195323079999983,0.0046553727200000505,,0.20153941610000015,0.02499999999999991,-0.026061096352109084,16.0,-0.025701372525793062,16.0,-0.02202439372710413,16.0,-0.026061096352109195,16.0,118.33223579999958,115.90163300197837,110.0334657202288,115.88442017997842,110.0496046681419,4.25,3.477,3.054642043942533,3.477,0.02499999999999991,-0.7730000000000001,0.07699999999999996,0.02545758365442646,0.02473651159000615,0.0254522982998704,0.024735897069730957,-0.026061096352109084,-0.026061096352109084,-0.016881699797388926,-0.016881699797389908,0.017141873432803836,-0.006202973261552717,-0.006202973261552719,0.41201788576636117,-0.0057733900606220375,-0.005773390060622016,0.08567729176239262,-0.013749388144741023,-0.01374938814474387,0.05939677014973344,-0.01014728636132746,-0.010147286361327952,-0.7969951806288504,-0.010738675622887715,-0.010738675622887718,-0.008323686376545215,-0.015315543971064974,-0.015315543971066888,0.03826932179126864,-0.008175129811440088,-0.008175129811440335,-0.19248864743124464,-0.008256032841754876,-0.008256032841754867,0.0386768026929237,-0.014970989689273705,-0.014970989689275824,0.04291736043013089,-0.008609004252415309,-0.008609004252415611,-0.3254800847347179,-0.0088022142536041,-0.008802214253604093,0.02833669509764054,0.0,-0.0
2017-02-03,0.0076289558000000035,0.047847088699999984,,0.25510162200000064,-0.06800000000000006,0.027718576464155528,16.0,0.027419073951741132,16.0,0.024765625895433352,16.0,0.027718576464155584,16.0,95.65970540000035,79.80395417153878,74.21373850521162,79.77105116695773,74.22075873992901,4.25,3.409,3.2037221732114345,3.409,-0.06800000000000006,-0.8410000000000002,0.02499999999999991,0.011856165030401496,0.01096978151309985,0.011823608372896262,0.010968625127333232,0.027718576464155528,0.027718576464155528,-0.017009334544732482,-0.017009334544732496,0.031632827478781905,-0.0061401412045158045,-0.006140141204515833,-0.001067110528950712,-0.005493554898839985,-0.005493554898839989,,-0.015703413639018046,-0.01570341363901822,-0.11463700575608288,-0.012271250618849903,-0.012271250618850245,-0.025002849120835138,-0.012017345981637676,-0.012017345981637555,,-0.016356374091875264,-0.016356374091875358,-0.041502089138650486,-0.009205695911682854,-0.009205695911683038,-0.013034979824892925,-0.008755450440238831,-0.008755450440238772,,-0.016212722792246677,-0.016212722792246788,-0.05759177079448561,-0.009880117947259605,-0.009880117947259823,-0.01566791107000021,-0.009473067459346576,-0.009473067459346503,,0.0,0.0
2017-02-10,-0.00625243987999996,0.0018459644899999628,,-0.08418078540000007,-0.10699999999999976,0.15234835804846208,16.0,0.15039304618381708,16.0,0.13333099447284086,16.0,0.15234835804846208,16.0,86.87854330000027,67.44635019543365,61.16748983834947,67.44567976934947,60.96013374977291,4.25,3.302,3.2037221732114345,3.302,-0.10699999999999976,-0.948,-0.06800000000000006,0.009388073169308123,0.008076044847481985,0.009394234124001985,0.008062157111129821,0.15234835804846208,0.15234835804846208,-0.01719850931208948,-0.01719850931208944,0.011666952775489636,-0.007494326324207509,-0.007494326324207484,,-0.005421123393366366,-0.005421123393366368,,-0.01701298480618024,-0.0170129848061801,0.00753644483093378,-0.012284984921990538,-0.012284984921990929,,-0.011770992703521846,-0.011770992703521962,,-0.01710574705913486,-0.01710574705913477,0.009601698803211708,-0.009889655623099024,-0.009889655623099207,,-0.008596058048444107,-0.008596058048444166,,-0.017085339363484844,-0.01708533936348474,0.009147342929310564,-0.010416628068855157,-0.010416628068855386,,-0.009294543672561209,-0.00929454367256128,,0.0,0.0
2017-02-17,0.010399089469999956,0.001941906770000057,,0.1529145307999995,0.09899999999999975,-0.14857602788409255,16.0,-0.1466265540071127,16.0,-0.12870794820794812,16.0,-0.1485760278840925,16.0,-68.31795359999978,-61.6699389002187,-67.13055379393933,-61.70468347764429,-66.94256723379506,4.25,3.401,3.2037221732114345,3.401,0.09899999999999975,-0.8490000000000002,-0.10699999999999976,-0.012271670465369578,-0.012217031729035484,-0.012294941953537442,-0.01221356464565876,-0.14857602788409255,-0.14857602788409255,-0.01769337169266357,-0.017693371692663513,0.013275575315115298,-0.007309098660412246,-0.0073090986604122605,,-0.005744892480028598,-0.005744892480028593,,-0.01687778185742945,-0.016877781857429403,0.12425767073837414,-0.010324733966208201,-0.010324733966208347,,-0.011448342731763983,-0.011448342731763993,,-0.01728557677504651,-0.017285576775046458,0.06876662302674472,-0.008816916313310223,-0.008816916313310304,,-0.00859661760589629,-0.008596617605896292,,-0.017195861893170756,-0.017195861893170707,0.08097465352330319,-0.00914863619694778,-0.009148636196947873,,-0.009223997133587182,-0.009223997133587188,,0.0,-0.0
2017-02-24,0.003722924810000028,0.007704490910000028,,0.24918264510000032,-0.11699999999999999,0.13396112525736567,16.0,0.13224440556998177,16.0,0.11731975954260071,16.0,0.13396112525736573,16.0,-82.90722180000012,-104.2692012668957,-110.32772869760589,-104.28032890692663,-110.48599794756868,4.25,3.284,3.2037221732114345,3.284,-0.11699999999999999,-0.9660000000000002,0.09899999999999975,-0.02089953081608305,-0.022676999191235468,-0.02090702104574662,-0.022678816621753584,0.13396112525736567,0.13396112525736567,-0.018053926340577033,-0.018053926340577005,-0.0010136483198473656,-0.007710521460206377,-0.007710521460206477,,-0.00575917579532659,-0.005759175795326641,,-0.015390797635302645,-0.015390797635302624,0.19577835054103584,-0.00939145622166408,-0.009391456221664304,,-0.011457124787033209,-0.011457124787033302,,-0.01672236198793984,-0.016722361987939815,0.09738235111059423,-0.008550988840935228,-0.00855098884093539,,-0.0086081502911799,-0.008608150291179971,,-0.016429417830359658,-0.016429417830359633,0.11902947098529139,-0.008735891664695575,-0.008735891664695752,,-0.009234924680267627,-0.009234924680267705,,0.0,0.0
2017-03-03,0.0046647263999999855,0.0008055589100000038,,-0.041970479799999794,0.013000000000000345,-0.21286472224427067,16.0,-0.21008104021128723,16.0,-0.18468925874303127,16.0,-0.21286472224427067,16.0,-62.619672900000296,-70.68003359455433,-74.98540231492657,-70.77026453142615,-74.56945868893885,4.25,3.297,3.9101622591893648,3.297,0.013000000000000345,-0.9529999999999998,-0.11699999999999999,-0.0123368015548417,-0.01306212991223587,-0.012438334698330137,-0.013027024828155773,-0.21286472224427067,-0.21286472224427067,-0.018052066221073318,-0.01582951608753358,0.0038628282215194907,-0.010314930813368517,-0.01031493081336852,,-0.007244531586850253,-0.007244531586850259,,-0.015603337994463166,-0.010448782386106045,-0.0017894440456450492,-0.00975199941461046,-0.009751999414610697,,-0.011879140177548451,-0.01187914017754856,,-0.016827702107768242,-0.013139149236819813,0.0010366920879372207,-0.010033465113989488,-0.010033465113989608,,-0.009561835882199353,-0.00956183588219941,,-0.016558342002841127,-0.012547268529662783,0.00041494213854912157,-0.009971542660126103,-0.009971542660126249,,-0.010071642827176154,-0.010071642827176224,,0.0,-0.0
2017-03-10,-0.021107087209999986,-3.764212000001432e-05,0.009894517360000021,-0.3729641249000002,0.10799999999999965,-0.12898962773705414,16.0,-0.1272943063967221,16.0,-0.11165250230399576,16.0,-0.12898962773705433,16.0,-176.8226536000002,-168.3767186497235,-174.05957647897125,-168.40093663944538,-173.9220544944429,4.25,3.405,3.9101622591893648,3.405,0.10799999999999965,-0.8450000000000002,0.013000000000000345,-0.031009551773366582,-0.03134307590806161,-0.031017633035786057,-0.031337336620178624,-0.12898962773705414,-0.12898962773705414,-0.018325472082715896,-0.01832547208271589,-0.32537014212855964,-0.010707418910241868,-0.01070741891024191,-0.0032976052899638736,-0.007264982193724736,-0.007264982193724784,,-0.015133525090667933,-0.01513352509066798,0.41561577378456155,-0.010609758200981586,-0.010609758200981784,0.008517465977731514,-0.010361743557502984,-0.010361743557503095,,-0.016729498586691913,-0.016729498586691934,0.045122815828000956,-0.010658588555611727,-0.010658588555611847,0.00260993034388382,-0.00881336287561386,-0.00881336287561394,,-0.016378384417566637,-0.016378384417566665,0.12663126657844426,-0.010647845877593095,-0.010647845877593234,0.003909588183330313,-0.009154006625629468,-0.009154006625629554,,0.0,-0.0
2017-03-17,-0.007475918680000027,-0.0003507642800000266,-0.0005051442999999822,-0.0014220349000000354,-0.1419999999999999,0.2753326553207214,15.0,0.28422933058366895,15.0,0.2547408735369542,15.0,0.2753326553207213,15.0,114.15225240000018,91.7344735091407,84.90455495860547,92.10276896011683,84.32702993025578,4.25,3.263,3.9101622591893648,3.263,-0.1419999999999999,-0.9870000000000001,0.10799999999999965,0.02319744413855792,0.020891939471041256,0.02340600402131495,0.020775816063930228,0.2753326553207214,0.2753326553207214,-0.019508825315725738,-0.019402812850996896,,-0.011408200525574293,-0.011408200525574475,,-0.0077868328676407896,-0.007786832867640803,0.0035804426996120207,-0.012882618720685243,-0.013220666297539414,,-0.010853960071811409,-0.010853960071811792,,-0.010629115537885644,-0.010629115537885718,-0.003633891370876028,-0.01619572201820549,-0.016311739574268156,,-0.01113108029869285,-0.011131080298693134,,-0.009207974202763217,-0.009207974202763262,-2.6724335632003632e-05,-0.015466839292751035,-0.01563170345338783,,-0.011070113848778932,-0.011070113848779237,,-0.00952062529649015,-0.009520625296490202,-0.0008203010833856888,0.0,0.0
2017-03-24,0.0015106567600000065,0.009175265800000054,,-0.34595295500000045,-0.06400000000000006,0.0866134298868004,15.0,0.08552534466601447,15.0,0.07612158297069904,15.0,0.08661342988680035,15.0,6.873979799999688,-7.173039742904946,-13.257905634319581,-7.181159659119526,-13.37687167679163,4.25,3.199,3.9101622591893648,3.199,-0.06400000000000006,-1.0510000000000002,-0.1419999999999999,-0.005316134808833173,-0.00626944221123748,-0.005317295136382216,-0.006280524033175482,0.0866134298868004,0.0866134298868004,-0.019497442937002486,-0.01949744293700245,-0.0013005370861871274,-0.01176698218367946,-0.011766982183679435,0.07873794103675752,-0.00772093681503433,-0.007720936815034347,0.08080986265281326,-0.012856873421728327,-0.012856873421728268,0.01548752488884337,-0.01047129163798029,-0.010471291637980388,0.03366781013826618,-0.011022768296093995,-0.011022768296094101,1.0508125219164721,-0.01617715817936541,-0.01617715817936536,0.007093493901328121,-0.011119136910829875,-0.011119136910829911,0.05620287558751185,-0.009371852555564162,-0.009371852555564223,0.5658111922846427,-0.01544669553268525,-0.015446695532685198,0.008940180718581476,-0.010976610950802965,-0.010976610950803017,0.05124516118867781,-0.009735054018480726,-0.009735054018480797,0.6725114848036451,0.0,0.0
2017-03-31,0.027066042459999995,0.013629270309999941,,0.2629141523000005,0.0820000000000003,-0.05269443021127007,15.0,-0.04405020597304343,15.0,-0.017568851383965023,15.0,-0.052694430211269905,15.0,68.07034730000032,73.99536822369994,68.00567041256058,74.63987729924246,67.91559809891936,4.25,3.281,3.9101622591893648,3.281,0.0820000000000003,-0.9689999999999999,-0.06400000000000006,0.017580494357840634,0.017274184126684255,0.017905984184792542,0.017204175560052104,-0.05269443021127007,-0.05269443021127007,-0.016816872608562735,-0.016816872608562863,-0.085342458094037,-0.012657709667673314,-0.012657709667673355,,-0.007531424104520004,-0.007531424104519961,,-0.013963341392457264,-0.01396334139245759,-0.6819106291092588,-0.013593744569441308,-0.01359374456944153,,-0.01122205336752859,-0.01122205336752869,,-0.015390107000509998,-0.015390107000510227,-0.3836265436016479,-0.01312572711855731,-0.013125727118557442,,-0.009376738736024296,-0.009376738736024326,,-0.015076218566738398,-0.015076218566738646,-0.4492490424133223,-0.013228690957751789,-0.013228690957751942,,-0.009782707954955241,-0.009782707954955287,,0.0,-0.0
2017-04-07,0.015392801509999998,0.014879731069999957,-0.0031422127299999825,0.27855370450000017,-0.019000000000000128,0.058453519764147754,14.0,0.055008987622314376,14.0,0.05962764493242878,14.0,0.05845351976414748,14.0,35.88810459999968,28.29412528595369,22.05810483334274,28.48118164688486,21.981482826406733,4.25,3.262,3.640702219331334,3.262,-0.019000000000000128,-0.988,0.0820000000000003,0.004319135233165436,0.0034625639755279077,0.004420374103501112,0.003473322528267551,0.058453519764147754,0.058453519764147754,-0.017666245101406325,-0.0192714823700417,,-0.012921740401264878,-0.012921740401264923,,-0.007358005984926988,-0.007358005984927005,-0.18526952890076903,-0.01388931213132734,-0.08171490364403271,,-0.012780295727906274,-0.01278029572790644,,-0.011306122111117745,-0.011306122111117808,0.2946725273532988,-0.015777778616366832,-0.0504931930070372,,-0.012851018064585575,-0.012851018064585683,,-0.009332064048022367,-0.009332064048022407,0.05470149922626488,-0.015362315989658145,-0.05736196934717621,,-0.01283545915051613,-0.01283545915051625,,-0.00976635682190335,-0.009766356821903395,0.10749512541421234,0.0,0.0
2017-04-14,-0.022978829859999994,0.012020487960000104,0.004372898249999979,,-0.04400000000000004,-0.010530990744529234,14.0,-0.010315230799518571,14.0,-0.008501792542563558,14.0,-0.010530990744528956,14.0,-18.730683699999645,-31.612144946172098,-37.081650862468635,-31.649258704972077,-37.02220399085709,4.25,3.218,3.640702219331334,3.218,-0.04400000000000004,-1.032,-0.019000000000000128,-0.00803197186328328,-0.008982012955860265,-0.008068638487292402,-0.00897692070454564,-0.010530990744529234,-0.010530990744529234,-0.017285740542650026,-0.017285740542650026,0.005566305451323741,-0.012132103942604826,-0.012132103942604772,,-0.00685847280041752,-0.00685847280041749,0.10884023031991351,-0.014471432156891915,-0.014471432156891931,-0.054550613965071215,-0.013172199243795615,-0.013172199243795585,,-0.0115395879781097,-0.011539587978109674,0.16025604265014692,-0.01587858634977097,-0.01587858634977098,-0.024492154256873736,-0.01265215159320022,-0.012652151593200179,,-0.00919903038926361,-0.009199030389263582,0.13454813648503022,-0.015569012427337579,-0.015569012427337589,-0.03110501539267718,-0.012766562076331207,-0.012766562076331167,,-0.00971395305880975,-0.009713953058809722,0.1402038758413559,0.0,-0.0
2017-04-21,-0.0010650798199999811,-0.019910697550000078,-0.010016454240000028,,-0.0040000000000000036,-0.03235745902814546,14.0,-0.031897709530570306,14.0,-0.027466961287486824,14.0,-0.03235745902814541,14.0,-43.79123020000043,-50.87219025568423,-56.47180772943129,-50.90152214306668,-56.41085802840502,4.25,3.214,3.640702219331334,3.214,-0.0040000000000000036,-1.036,-0.04400000000000004,-0.009589880249516696,-0.010469468727272915,-0.009613926037119955,-0.010464195450060302,-0.03235745902814546,-0.03235745902814546,-0.01538025334868209,-0.015785006662276627,-0.0005397469297134011,-0.012095569336814417,-0.012095569336814454,,-0.006762293888315854,-0.006762293888315889,0.009940378835742902,-0.016171240474596883,-0.018031041377415465,-0.07659351312011009,-0.012810464221412795,-0.012810464221412944,,-0.011642587283527413,-0.011642587283527532,0.06463685059605671,-0.015775746911639486,-0.016908024019846046,-0.038566630024911744,-0.012453016779113606,-0.012453016779113698,,-0.009202440585921633,-0.00920244058592171,0.03728861471589981,-0.015862755495490113,-0.017155087838511315,-0.04693254430585538,-0.012531655216419427,-0.01253165521641953,,-0.009739272859394904,-0.009739272859394991,0.04330522660953433,0.0,-0.0
2017-04-28,-0.0007846477300000321,-0.033703339449999925,,-0.03634412800000053,-0.019000000000000128,-0.008602524739025619,14.0,-0.00845101855120406,14.0,-0.0067816391415852495,14.0,-0.00860252473902573,14.0,-25.381266599999435,-34.324196435356846,-39.99792031483777,-34.35037071243141,-39.96957141521947,4.25,3.195,3.640702219331334,3.195,-0.019000000000000128,-1.0550000000000002,-0.0040000000000000036,-0.005750737355602163,-0.006803985598493746,-0.0057716244748872905,-0.006799060163512949,-0.008602524739025619,-0.008602524739025619,-0.01426151629017273,-0.014261516290172764,,-0.012242233639238312,-0.012242233639238312,,-0.007145734559995751,-0.007145734559995802,,-0.02272287186566574,-0.022722871865665812,,-0.012172764566680441,-0.012172764566680585,,-0.011747230810122822,-0.011747230810122867,,-0.018492194077919234,-0.01849219407791929,,-0.012207499102959377,-0.012207499102959448,,-0.009446482685059286,-0.009446482685059335,,-0.019422943191223466,-0.019422943191223525,,-0.01219985750497801,-0.012199857504978099,,-0.009952647272573265,-0.009952647272573311,,0.0,-0.0
2017-05-05,0.009975305180000005,-0.0073402203400000365,,-0.03530798380000011,0.019000000000000128,0.0580679138778617,13.0,0.03703374923072561,13.0,0.08967131020346797,13.0,0.058067913877861865,13.0,5.800051399999575,4.125915059581325,-2.6117395364759357,5.041552017169383,-2.511401763215991,4.25,3.214,3.0078004929857163,3.214,0.019000000000000128,-1.036,-0.019000000000000128,0.0030112318485724906,0.0019347459453573864,0.0034765899604946317,0.002086177357025983,0.0580679138778617,0.0580679138778617,-0.015333711415496155,-0.16152150640536592,0.023253140888333818,-0.011922807636275361,-0.011922807636275434,,-0.0069324314984024315,-0.006932431498402458,0.0030265925987671568,-0.02418544051165546,-1.2790667382018837,0.05473638464764005,-0.01308700717865329,-0.013087007178653551,,-0.011968071539723742,-0.011968071539723856,0.014898563442818282,-0.019759575963575807,-0.7202941223036248,0.03899476276798693,-0.012504907407464325,-0.012504907407464492,,-0.009450251519063087,-0.009450251519063157,0.008962578020792719,-0.02073326616415333,-0.8432240978012417,0.04245791958151062,-0.012632969357125897,-0.012632969357126086,,-0.010004171923608432,-0.010004171923608512,0.010268494813638344,0.0,0.0
2017-05-12,0.01251853417000004,0.027489132839999986,,0.20931936400000062,-0.01100000000000012,0.006831054002089665,13.0,0.0067738371878994785,13.0,0.0066390685860077125,13.0,0.006831054002089498,13.0,132.4811692000003,125.09662881649193,119.24082914771783,125.07864976070225,119.22851564331218,4.0,3.203,3.0078004929857163,3.203,-0.01100000000000012,-0.7970000000000002,0.019000000000000128,0.025901138482544123,0.02500214594434641,0.025891701373741884,0.025001050042999774,0.006831054002089665,0.006831054002089665,-0.016791665161798003,-0.016791665161796945,,-0.01278166471333351,-0.012781664713333514,,-0.007072340356695974,-0.007072340356696059,-0.014338569584056231,-0.02894190070071747,-0.028941900700714864,,-0.011312372484658743,-0.011312372484658743,,-0.011242505740498714,-0.011242505740498988,0.1657086037970435,-0.022866782931257736,-0.022866782931255904,,-0.012047018598996127,-0.012047018598996128,,-0.009157423048597345,-0.009157423048597523,0.07568501710649363,-0.024203308840538874,-0.024203308840536876,,-0.011885396453841903,-0.011885396453841904,,-0.009616141240815645,-0.009616141240815846,0.0954902061784146,0.0,0.0
2017-05-19,-0.02453536596,-0.03363535789000005,0.006420409040000019,0.002864363899999667,-0.028999999999999915,0.04208862412548625,13.0,0.04157390614642542,13.0,0.037340656189145394,13.0,0.04208862412548653,13.0,15.459206300000005,5.9761234998111,-0.021817347850797475,5.9644118522552,-0.08722325402976239,4.0,3.174,3.0078004929857163,3.174,-0.028999999999999915,-0.8260000000000001,-0.01100000000000012,-0.0024536414389112293,-0.0031387163644587697,-0.0024568143153736034,-0.003148654707401394,0.04208862412548625,0.04208862412548625,-0.017829108477955706,-0.01782910847795662,,-0.014151843353198842,-0.014151843353198797,,-0.007006739303219441,-0.00700673930321945,0.0005135123588594801,-0.030544682653271354,-0.030544682653272627,,-0.013037293482880912,-0.013037293482881013,,-0.011199643832728805,-0.011199643832729112,0.004669234705818551,-0.024186895565613528,-0.024186895565614625,,-0.013594568418039878,-0.013594568418039906,,-0.009103191567974123,-0.00910319156797428,0.0025913735323390154,-0.025585608724898252,-0.025585608724899386,,-0.013471967932304905,-0.013471967932304948,,-0.009564411066220153,-0.009564411066220344,0.0030485029905045133,0.0,0.0
2017-05-26,0.01724166160999996,-0.002167904080000005,0.01941015748999997,0.21116659720000008,-0.052999999999999936,-0.1390074599557598,12.0,-0.12180161947505877,12.0,-0.09451319410570869,12.0,-0.1390074599557599,12.0,-42.23319290000018,-59.1030900544003,-63.3021855000008,-58.58230262223178,-63.15688823364803,4.0,3.121,3.0078004929857163,3.121,-0.052999999999999936,-0.879,-0.028999999999999915,-0.013883674447097441,-0.014634414549484288,-0.013695462206648804,-0.014729807100811669,-0.1390074599557598,-0.1390074599557598,-0.01931821121089431,-0.019318211210894828,,-0.015553711126245238,-0.015553711126245227,0.0437393776400816,-0.008548918697112808,-0.008548918697112847,,-0.031801960777301505,-0.031801960777303066,,-0.01327504599812897,-0.013275045998129065,0.027082838803717514,-0.008490980205911821,-0.008490980205911984,,-0.025560085994097908,-0.025560085994098945,,-0.014414378562187104,-0.014414378562187146,0.03541110822189956,-0.008519949451512314,-0.008519949451512417,,-0.026933298446402697,-0.026933298446403853,,-0.014163725398094313,-0.014163725398094369,0.03357888894989951,-0.008513576217480206,-0.00851357621748032,,0.0,-0.0
2017-06-02,-0.007780965679999974,0.04561676231,0.004605114260000043,0.11318481440000028,-0.08999999999999986,0.12394471528798773,12.0,0.1223864726372633,12.0,0.10866017093502267,12.0,0.1239447152879877,12.0,-46.66632589999972,-64.01808723567667,-70.20093138215945,-64.02140980101588,-70.36862775487691,4.0,3.031,2.709093195221661,3.031,-0.08999999999999986,-0.9689999999999999,-0.052999999999999936,-0.01292008357518358,-0.014487039142176942,-0.012916695016054133,-0.014492814696307574,0.12394471528798773,0.12394471528798773,-0.019176982215385385,-0.019176982215385118,-0.011911980276436376,-0.015641321774763215,-0.015641321774763142,0.011342900321305525,-0.008731498541601625,-0.00873149854160164,,-0.021510379048825794,-0.021510379048825547,0.765767369040722,-0.012659219293957273,-0.012659219293957297,0.06887220337498116,-0.008099360498372345,-0.008099360498372512,,-0.02034368063210559,-0.020343680632105333,0.3769276943821428,-0.014150270534360243,-0.014150270534360219,0.040107551848143345,-0.008415429519986986,-0.008415429519987076,,-0.020600354283784036,-0.02060035428378378,0.46247242280703016,-0.013822239261471591,-0.013822239261471577,0.046435775184047665,-0.008345894335231765,-0.008345894335231871,,0.0,0.0
2017-06-09,-0.0005462131800000325,-0.008035649929999944,-0.007259117630000034,-0.0015375359000007194,-0.06300000000000017,0.05705782498993989,12.0,0.05636750460722362,12.0,0.050416403290234224,12.0,0.05705782498994,12.0,92.65517240000008,78.16957924963472,72.31029285746835,78.15171650319606,72.25120691905572,4.0,2.968,2.709093195221661,2.968,-0.06300000000000017,-1.032,-0.08999999999999986,0.01654854136310553,0.015188682084446204,0.01653488224548111,0.015189811720564455,0.05705782498993989,0.05705782498993989,-0.018762478018632647,-0.018762478018633535,,-0.01588536808232438,-0.015885368082324137,,-0.008677227437657432,-0.0086772274376574,,-0.020807490152361947,-0.02080749015236301,,-0.012633848617775228,-0.012633848617775055,,-0.007942620532827228,-0.007942620532827448,,-0.019784984085497295,-0.019784984085498274,,-0.014259608350049805,-0.014259608350049597,,-0.008309923985242329,-0.008309923985242424,,-0.02000993542020752,-0.020009935420208513,,-0.013901941208949397,-0.013901941208949196,,-0.008229117225711007,-0.00822911722571113,,0.0,0.0
2017-06-16,0.002640037410000018,-0.01989417445999997,,-0.48225407239999996,0.0129999999999999,-0.08799701147315958,12.0,-0.08680510467970515,12.0,-0.0758944500483334,12.0,-0.08799701147315958,12.0,-115.91128970000045,-121.45971631332966,-126.74888340790348,-121.50264277398382,-126.59168655450179,4.0,2.981,2.709093195221661,2.981,0.0129999999999999,-1.0190000000000001,-0.06300000000000017,-0.026892138195112377,-0.027310379108581806,-0.026933735883715042,-0.027303941193181414,-0.08799701147315958,-0.08799701147315958,-0.018499436744646644,-0.018499436744647327,0.04108104808573614,-0.016079558150977422,-0.016079558150977582,,-0.009080027576742915,-0.009080027576742965,0.0005647376865814578,-0.021093824142241344,-0.02109382414224265,0.4820222404980245,-0.011694388281647925,-0.011694388281648234,,-0.008894285417553471,-0.008894285417553837,0.0018814651500827261,-0.019796630443443992,-0.019796630443444988,0.2615516442918803,-0.013886973216312673,-0.013886973216312909,,-0.008987156497148194,-0.008987156497148402,0.001223101418332092,-0.02008201305717941,-0.02008201305718047,0.31005517545723205,-0.01340460453068643,-0.01340460453068668,,-0.008966724859637353,-0.008966724859637598,0.0013679414393172316,0.0,-0.0
2017-06-23,0.01574396011000001,-0.01198216153999998,,-0.06779721159999941,0.014000000000000234,-0.025817963387325005,12.0,-0.02543289004354593,12.0,-0.02175017733737472,12.0,-0.02581796338732506,12.0,96.73432000000048,92.59272400608046,86.80594803681352,92.57299192578336,86.83337171241891,4.0,2.995,2.709093195221661,2.995,0.014000000000000234,-1.005,0.0129999999999999,0.023052144961256155,0.02198426558836769,0.023042051600003798,0.02199009039749006,-0.025817963387325005,-0.025817963387325005,-0.02004669665967571,-0.020046696659676105,,-0.016546046529738408,-0.016546046529738408,,-0.008172261025416632,-0.00817226102541673,0.005875082419816053,-0.02298144640274799,-0.0229814464027492,,-0.01238462756530204,-0.012384627565302102,,-0.009888025442801953,-0.009888025442802336,0.022276046412711126,-0.021514071531211848,-0.021514071531212653,,-0.014465337047520224,-0.014465337047520255,,-0.009030143234109292,-0.009030143234109533,0.01407556441626359,-0.021836894002949803,-0.021836894002950694,,-0.014007580961432224,-0.014007580961432262,,-0.009218877320021678,-0.00921887732002195,0.015879670455482046,0.0,-0.0
2017-06-30,0.006632218279999991,0.05471797291999991,-0.009430656060000042,0.3730410710999994,0.06099999999999994,-0.06676730791242416,12.0,-0.06585087711107318,12.0,-0.05740804836559121,12.0,-0.06676730791242438,12.0,21.808221799999956,24.174362974039276,18.355890684657822,24.15702731572623,18.41617636135645,4.0,3.056,2.709093195221661,3.056,0.06099999999999994,-0.944,0.014000000000000234,0.003992026651354617,0.0037863959011681133,0.003987494972996372,0.0037816818966778737,-0.06676730791242416,-0.06676730791242416,-0.022163324421882635,-0.022163324421883592,,-0.016631620337292825,-0.016631620337292864,0.020431076219523545,-0.007782391773380495,-0.007782391773380602,,-0.02544424738348222,-0.025444247383484116,,-0.012133028986177928,-0.012133028986178088,0.017095805191494878,-0.009782018042558132,-0.009782018042558648,,-0.02380378590268243,-0.023803785902683852,,-0.014382324661735377,-0.014382324661735476,0.018763440705509213,-0.008782204907969313,-0.008782204907969625,,-0.024164687428458384,-0.02416468742845991,,-0.013887479613112739,-0.01388747961311285,0.018396560892426056,-0.009002163797578854,-0.00900216379757921,,0.0,-0.0
2017-07-07,0.001420403289999983,-0.018968544399999954,0.011181106980000022,0.05470526300000067,0.14400000000000013,-0.24788599226530883,12.0,-0.2446193708869749,12.0,-0.21512257987651562,12.0,-0.2478859922653086,12.0,7.59820739999941,19.26795358541497,14.251050731024032,19.21491210127368,14.594521256182784,4.0,3.2,2.825631977057704,3.2,0.14400000000000013,-0.7999999999999998,0.06099999999999994,0.006305418299118263,0.006537587120025176,0.006260565984138286,0.006552918684134175,-0.24788599226530883,-0.24788599226530883,-0.020199035890779052,-0.020199035890779676,,-0.01714542606157446,-0.0171454260615745,,-0.007748433335617136,-0.007748433335617095,-0.003978810801748538,-0.024216039497629273,-0.024216039497630407,,-0.013008113056679087,-0.013008113056679645,,-0.008706464888825247,-0.00870646488882555,-0.011179726467687452,-0.022207537694204162,-0.02220753769420504,,-0.015076769559126773,-0.015076769559127073,,-0.008227449112221192,-0.008227449112221322,-0.007579268634717995,-0.022649408090957685,-0.022649408090958622,,-0.014621665128588281,-0.014621665128588639,,-0.008332832583074084,-0.008332832583074252,-0.008371369357971276,0.0,-0.0
2017-07-14,-0.01104930171999996,-0.0037581299900000253,0.011576362680000007,-0.12277281600000034,-0.07200000000000006,-0.00645363126916379,12.0,-0.006319828913997624,12.0,-0.0048881038359605555,12.0,-0.00645363126916379,12.0,124.72615050000059,107.5590071776312,102.26816146179361,107.5144946109599,102.35043586265184,3.75,3.128,2.825631977057704,3.128,-0.07200000000000006,-0.6219999999999999,0.14400000000000013,0.019840134503738754,0.018672328065039736,0.019790607795836503,0.018682685529975204,-0.00645363126916379,-0.00645363126916379,-0.020768362187703282,-0.020768362187703306,0.09081431356619125,-0.017550708190781562,-0.017550708190781347,-0.004461648447406246,-0.0067287036619537175,-0.006728703661953834,0.005597390833217125,-0.021943216356121453,-0.02194321635612137,0.11167650342399503,-0.013461394142583788,-0.01346139414258362,-0.03760834656625597,-0.0075849925636236335,-0.007584992563624087,0.0006371149850679989,-0.021355789271912368,-0.02135578927191234,0.10124540849509314,-0.015506051166682674,-0.015506051166682484,-0.021034997506831105,-0.0071568481127886755,-0.007156848112788961,0.003117252909142562,-0.021485023230438365,-0.021485023230438327,0.10354024937945155,-0.015056226621380921,-0.015056226621380734,-0.024681134299904574,-0.0072510398919723665,-0.007251039891972688,0.0025716225658461585,0.0,-0.0
2017-07-21,0.017561819489999964,0.015095856520000006,,0.010103782399999872,-0.09600000000000009,0.22274996408962155,14.0,0.22537455460464198,14.0,0.12277362201370229,14.0,0.2227499640896213,14.0,29.03656249999949,12.73650602763244,5.887914210227482,11.075315235474847,5.454635349469555,3.75,3.032,2.825631977057704,3.032,-0.09600000000000009,-0.718,-0.07200000000000006,-0.0017162140517829692,-0.0029557643129973516,-0.0024804712953644305,-0.003028423355254316,0.22274996408962155,0.22274996408962155,-0.019429123264713275,-0.01942912326471338,0.006723368537375069,-0.0175146197897104,-0.01751461978971036,,-0.006559986991169987,-0.0065599869911700396,0.007086812085715822,-0.016822708496073042,-0.016822708496072928,0.00582142938077661,-0.012753776493801886,-0.012753776493802086,,-0.008660516056153424,-0.008660516056153684,0.01806032099391365,-0.01812591588039316,-0.018125915880393154,0.00627239895907584,-0.015134198141756143,-0.015134198141756223,,-0.007610251523661705,-0.007610251523661862,0.012573566539814736,-0.017839210255842734,-0.017839210255842702,0.006173185651850009,-0.014610505379206207,-0.014610505379206313,,-0.007841309720809883,-0.007841309720810062,0.013780652519716496,0.0,0.0
2017-07-28,-0.0002515396499999656,-0.00043801141999999516,,0.005913201600000306,0.028999999999999915,0.013629657352072944,14.0,0.013492679416663711,14.0,0.012577700815476378,14.0,0.01362965735207311,14.0,79.50020060000043,78.492005174516,72.28107501066414,78.49178967186684,72.21043826721257,3.75,3.061,2.825631977057704,3.061,0.028999999999999915,-0.6890000000000001,-0.09600000000000009,0.015850612557735524,0.015193482135749267,0.01586694175920822,0.015183953956029578,0.013629657352072944,0.013629657352072944,-0.019586808927826577,-0.019586808927826615,0.09280698431248138,-0.017848141077800545,-0.017848141077800566,-0.011629925833113315,-0.006480563125643312,-0.006480563125643354,,-0.01574521397822541,-0.015745213978225515,-0.04303877651563949,-0.01317932648354345,-0.013179326483543741,-0.0043967854091313515,-0.008919761925586812,-0.008919761925587142,,-0.017666011453025994,-0.017666011453026063,0.024884103898420946,-0.015513733780671998,-0.015513733780672154,-0.008013355621122334,-0.007700162525615062,-0.0077001625256152475,,-0.017243436008569868,-0.017243436008569944,0.009941070207327655,-0.015000164175303718,-0.015000164175303903,-0.007217710174484318,-0.007968474393608847,-0.007968474393609065,,0.0,0.0
2017-08-04,-0.01021098986000002,-0.003937259980000052,,0.13701732769999975,-0.040999999999999925,-0.051315723893499754,14.0,-0.05060997252371774,14.0,-0.043975439538542105,14.0,-0.051315723893499865,14.0,-10.169493999999759,-23.40344360628201,-28.574612590016365,-23.453453787272593,-28.433593279541817,3.75,3.02,3.139571752912405,3.02,-0.040999999999999925,-0.73,0.028999999999999915,-0.007468115987428942,-0.00824086849856731,-0.007522461560938797,-0.008231112249778681,-0.051315723893499754,-0.051315723893499754,-0.019610630372256913,-0.019610630372257083,,-0.016645091932999893,-0.016645091932999984,0.012193428543109827,-0.006060108110219776,-0.00606010811021986,-0.007649585794213485,-0.015621814562087877,-0.01562181456208824,,-0.011671684873375644,-0.011671684873375969,-0.07617989036158866,-0.0093488609836642,-0.009348860983664395,-0.10441522482584482,-0.017616222467172395,-0.017616222467172662,,-0.014158388403187769,-0.014158388403187977,-0.03199323090923942,-0.0077044845469419875,-0.007704484546942128,-0.056032405310029156,-0.0171774527280538,-0.01717745272805409,,-0.013611313626629101,-0.013611313626629335,-0.04171429598875625,-0.008066247363020874,-0.008066247363021027,-0.06667662560350861,0.0,-0.0
2017-08-11,-0.002847180050000009,0.01289124278000009,,-0.013757948500000339,0.016000000000000014,-0.006546809271698317,14.0,-0.006421977985682448,14.0,-0.004991563186651615,14.0,-0.006546809271698456,14.0,7.871631399999387,4.4296875899374415,-1.5241838203211167,4.417245726893674,-1.5387199618270984,3.75,3.036,3.139571752912405,3.036,0.016000000000000014,-0.714,-0.040999999999999925,0.0020857207287171965,0.00129165999789204,0.0020852467741824423,0.0012891827893654491,-0.006546809271698317,-0.006546809271698317,-0.01946923719602004,-0.01946923719601934,,-0.016839688769681244,-0.01683968876968144,,-0.007208741881226388,-0.007208741881226428,0.0029557393016363654,-0.012913734719783082,-0.01291373471978246,,-0.012313746308903823,-0.012313746308904154,,-0.009254331871926178,-0.009254331871926395,-0.0024498124826958694,-0.016191485957901562,-0.0161914859579009,,-0.014576717539292534,-0.014576717539292797,,-0.008231536876576283,-0.008231536876576412,0.000252963409470248,-0.015470380685515497,-0.015470380685514842,,-0.014078863868607017,-0.014078863868607294,,-0.00845655177555326,-0.008456551775553408,-0.0003416472868062977,0.0,-0.0
2017-08-18,-0.0012621580899999651,0.002644650869999987,,0.07669317530000086,-0.006000000000000227,-0.06172075586973723,14.0,-0.060276701990534226,14.0,-0.05869689606645612,14.0,-0.061720755869737035,14.0,119.92551120000007,111.94187772214612,106.59624965511713,111.7678602295764,106.7126910332874,3.75,3.03,3.139571752912405,3.03,-0.006000000000000227,-0.7200000000000002,0.016000000000000014,0.021118496522698222,0.020346020891370425,0.021015238142618495,0.020350297191102477,-0.06172075586973723,-0.06172075586973723,-0.019329090916493572,-0.019329090916493045,-0.3845182309569196,-0.016736822844693848,-0.016736822844694212,-0.0028975285570821564,-0.006430123578174501,-0.006430123578174478,,-0.012704339539327647,-0.012704339539327342,-0.17291189434618162,-0.012179451118257896,-0.012179451118258544,-0.036585743694670214,-0.007285348574170063,-0.007285348574170112,,-0.016016715227910608,-0.01601671522791019,-0.2787150626515506,-0.014458136981475873,-0.01445813698147638,-0.019741636125876184,-0.006857736076172282,-0.006857736076172296,,-0.015287992576422358,-0.015287992576421966,-0.25543836562436945,-0.013956826091567917,-0.013956826091568455,-0.02344733979101087,-0.006951810825731793,-0.006951810825731815,,0.0,-0.0
2017-08-25,0.008593801639999954,0.0011156569299999308,,-0.12622571820000061,-0.06299999999999972,0.04233353628475785,14.0,0.041824097683396455,14.0,0.037572465075106365,14.0,0.04233353628475779,14.0,105.71157640000001,90.92977823080372,85.1864159346245,90.90598566511011,85.15792571193215,3.75,2.967,3.139571752912405,2.967,-0.06299999999999972,-0.7829999999999999,-0.006000000000000227,0.012758756875328021,0.011852224656073254,0.012736982158491592,0.01184847846872207,0.04233353628475785,0.04233353628475785,-0.019515377265301545,-0.019515377265301025,,-0.01698643161172149,-0.01698643161172162,-0.011440767813886813,-0.006834432800806962,-0.006834432800807015,0.12978795762309467,-0.012832983407795203,-0.012832983407794962,,-0.01113750278492185,-0.011137502784922414,-0.027727369270851912,-0.006230971237209596,-0.006230971237209672,0.05829636816781081,-0.016174180336548376,-0.016174180336547994,,-0.01406196719832167,-0.014061967198322017,-0.01958406854236936,-0.006532702019008279,-0.006532702019008343,0.09404216289545274,-0.015439117012222676,-0.015439117012222326,,-0.01341858502737371,-0.013418585027374105,-0.02137559470263552,-0.006466321247012569,-0.006466321247012636,0.08617808805537151,0.0,0.0
2017-09-01,-0.0028711477999999735,0.013376133740000018,,0.05580088319999987,-0.06000000000000005,0.05702809499565642,14.0,0.056327980244351344,14.0,0.05036819319741159,14.0,0.057028094995656364,14.0,84.87371230000008,70.85548950858436,64.97368735878246,70.83820314768957,64.911477900669,3.75,2.907,2.9173376847804624,2.907,-0.06000000000000005,-0.843,-0.06299999999999972,0.00934484808156299,0.008390731260475787,0.0093318992827182,0.008384834807721106,0.05702809499565642,0.05702809499565642,-0.015642507640686993,-0.015642507640686122,0.005010393455810666,-0.017071950951724847,-0.0170719509517249,-0.0251539522241168,-0.009103624187509138,-0.009103624187509185,,-0.0192322183665738,-0.01923221836657331,0.07814451950160323,-0.011149445111527176,-0.01114944511152746,-0.06795499423599936,-0.006401947947145789,-0.0064019479471459145,,-0.0174373630036304,-0.017437363003629715,0.04157745647870695,-0.014110698031626012,-0.014110698031626179,-0.04655447323005808,-0.007752786067327463,-0.007752786067327549,,-0.017832231183477945,-0.017832231183477307,0.04962221034374413,-0.013459222389204268,-0.01345922238920446,-0.05126258785136516,-0.007455601680887495,-0.00745560168088759,,0.0,0.0
2017-09-08,0.02135867464000002,0.05992526057000003,,0.15486084990000037,-0.10099999999999998,0.37513102916213037,14.0,0.3703032203462415,14.0,0.32736587244605075,14.0,0.3751310291621301,14.0,37.752142000000276,23.73755183921738,15.657797014648512,23.821826465250698,14.982578783180305,3.75,2.806,2.9173376847804624,2.806,-0.10099999999999998,-0.944,-0.06000000000000005,0.0018434806915638086,0.00020365696168202652,0.001960754139451279,0.00015329742244013858,0.37513102916213037,0.37513102916213037,-0.0030838105250233314,-0.0030838105250228505,,-0.013401716672068123,-0.013401716672068133,,-0.00700536404103999,-0.007005364041040021,,0.012914228753003534,0.012914228753003862,,-0.002085469408034874,-0.0020854694080349252,,-0.0008641700859397488,-0.0008641700859398124,,0.0049152091139901015,0.004915209113990506,,-0.007743593040051499,-0.007743593040051529,,-0.003934767063489869,-0.003934767063489917,,0.006674993434573056,0.006674993434573444,,-0.006498805841007841,-0.006498805841007877,,-0.003259235728428843,-0.0032592357284288937,,0.0,0.0
2017-09-15,-0.007658159019999999,-0.029414903090000055,0.0008759345500000126,-0.0929739190000003,0.04599999999999982,-0.034032486445967014,14.0,-0.03355100184321724,14.0,-0.02892554169520989,14.0,-0.0340324864459669,14.0,43.88298080000004,44.567798451969175,38.60431808949638,44.556391494246554,38.613546741605845,3.5,2.852,2.9173376847804624,2.852,0.04599999999999982,-0.6480000000000001,-0.10099999999999998,0.008699537334175982,0.00820399394300567,0.00870242052577461,0.008199316008303762,-0.034032486445967014,-0.034032486445967014,0.003902780247640609,0.0039027802476412584,-0.023273375554610065,-0.013779308080665244,-0.013779308080665117,,-0.007258767835225962,-0.007258767835225967,,0.013698618886489662,0.013698618886489898,-0.07787033368708139,-4.692528533040586e-05,-4.692528533033712e-05,,-0.0011609144818625868,-0.0011609144818627687,,0.008800699567065137,0.008800699567065579,-0.05057185462084573,-0.006913116682997825,-0.006913116682997727,,-0.004209841158544275,-0.0042098411585443675,,0.009878241817338531,0.009878241817338929,-0.056577520015417576,-0.005402554575510993,-0.0054025545755109015,,-0.0035390772896743035,-0.0035390772896744162,,0.0,-0.0
2017-09-22,0.0006375002499999782,0.0006015075300001005,-0.0038999531200000215,0.08356652079999982,0.07699999999999996,-0.09319140933906267,14.0,-0.09194228033990731,14.0,-0.0804399497316376,14.0,-0.09319140933906256,14.0,-31.305519399999866,-26.975113970931424,-32.70611015512046,-26.996741282664964,-32.608677820748966,3.5,2.929,2.9173376847804624,2.929,0.07699999999999996,-0.5710000000000002,0.04599999999999982,-0.003714760101249084,-0.003967381574262794,-0.003723015421951517,-0.003967499500540015,-0.09319140933906267,-0.09319140933906267,0.007193688746630069,0.007193688746630752,,-0.013756844498136118,-0.013756844498136151,,-0.007534329847269674,-0.007534329847269751,,0.011193853208309477,0.011193853208309913,,-3.21570141325925e-05,-3.21570141326735e-05,,-0.0008214430173875032,-0.0008214430173876005,,0.009193770977469772,0.009193770977470333,,-0.006894500756134355,-0.0068945007561344125,,-0.004177886432328588,-0.004177886432328676,,0.009633789068254508,0.00963378906825504,,-0.005384785132893967,-0.0053847851328940296,,-0.00343946888104155,-0.003439468881041639,,0.0,-0.0
2017-09-29,0.011932639720000027,0.009510809529999942,-0.002127260779999973,-0.11630159509999949,0.04300000000000015,-0.1335443425866047,14.0,-0.13177159514459857,14.0,-0.11557847773589291,14.0,-0.1335443425866047,14.0,117.1582759999992,115.37326884608949,110.21672052256895,115.32422245051205,110.43518402017308,3.5,2.972,2.9173376847804624,2.972,0.04300000000000015,-0.528,0.07699999999999996,0.022289191182919613,0.02174846921625769,0.022242807803910244,0.021763293891138052,-0.1335443425866047,-0.1335443425866047,0.004715388446089215,0.004715388446090558,,-0.011649779254618063,-0.011649779254618008,,-0.008699174389496482,-0.008699174389496507,,0.012388970572589812,0.012388970572591319,,-0.0003667707060540481,-0.0003667707060540328,,-0.0029487737800286407,-0.0029487737800288774,,0.008552179509339513,0.008552179509340938,,-0.0060082749803360555,-0.006008274980336021,,-0.0058239740847625615,-0.0058239740847626925,,0.009396273543254579,0.009396273543256022,,-0.004767144039994014,-0.004767144039993983,,-0.005191430017721099,-0.005191430017721254,,0.0,-0.0
2017-10-06,-0.005336109660000032,0.024038849480000013,0.014008001960000016,0.14883738199999996,0.06499999999999995,-0.08443558420044447,14.0,-0.0833000705237947,14.0,-0.07281555214580837,14.0,-0.08443558420044442,14.0,284.89473480000015,287.5294053631196,281.81989519271457,287.50654244019853,281.91245370922354,3.5,3.037,2.034737944772128,3.037,0.06499999999999995,-0.4630000000000001,0.04300000000000015,0.04846488727916936,0.048316755705754985,0.04845381522791934,0.04831413360332329,-0.08443558420044447,-0.08443558420044447,0.008204679613031637,0.008204679613032393,,-0.012201509124488415,-0.012201509124488388,,-0.008880855834048358,-0.008880855834048348,,0.014399800278079869,0.014399800278081637,,-0.0002264630650986483,-0.00022646306509860401,,-0.0021824564842154227,-0.002182456484215534,,0.011302239945555754,0.011302239945557015,,-0.006213986094793532,-0.0062139860947934954,,-0.00553165615913189,-0.005531656159131941,,0.011983703218711058,0.011983703218712432,,-0.004896731028260657,-0.00489673102826062,,-0.004794832230650268,-0.004794832230650332,,0.0,-0.0
2017-10-13,0.00730195157000002,-0.015209734939999997,-0.001599062660000039,0.02828085650000034,-0.04400000000000004,0.081087579724379,14.0,0.08007526982601601,14.0,0.07131871178108051,14.0,0.08108757972437905,14.0,78.9044442000004,67.8660519763378,61.67396297005314,67.86352967157546,61.54430640045311,3.5,2.993,2.034737944772128,2.993,-0.04400000000000004,-0.5070000000000001,0.06499999999999995,0.00406667618723227,0.0035484163648462717,0.004073557865239514,0.003529447468981081,0.081087579724379,0.081087579724379,0.008217841864119673,0.008217841864120558,,-0.012374898242023901,-0.012374898242023773,,-0.008798044466914103,-0.008798044466914116,-0.0015166558571324696,0.008779909447188849,0.008779909447190001,,-0.0008591853515710924,-0.0008591853515708827,,-0.0024164893424659176,-0.0024164893424659982,0.024782518796837214,0.008498875655654261,0.00849887565565528,,-0.006617041796797497,-0.0066170417967973275,,-0.00560726690469001,-0.005607266904690057,0.011632931469852371,0.008560703089791871,0.008560703089792919,,-0.005350313378847688,-0.0053503133788475096,,-0.00490529584100071,-0.004905295841000764,0.014525840681789037,0.0,0.0
2017-10-20,-0.0025383320900000395,0.015815442700000015,0.004386693730000002,0.16771162989999944,0.028999999999999915,-0.01644469855883085,14.0,-0.016191432560417607,14.0,-0.013610447414110105,14.0,-0.016444698558830906,14.0,63.42820539999957,61.81501129938155,55.84111382242841,61.80375663420356,55.83271106998139,3.5,3.022,2.034737944772128,3.022,0.028999999999999915,-0.4780000000000002,-0.04400000000000004,0.009582452236246432,0.009066326801720157,0.009584129694317638,0.009059999321818136,-0.01644469855883085,-0.01644469855883085,0.009502960601825913,0.009502960601826533,-0.0064833476983327636,-0.010596317824342057,-0.01059631782434203,,-0.008815264979503705,-0.008815264979503724,0.009731560206511216,0.013564044014300041,0.013564044014301165,-0.0130662907336756,-0.002417493858563536,-0.0024174938585632883,,-0.0024160082615655174,-0.002416008261565669,0.01049978350187443,0.011533502308062977,0.01153350230806385,-0.009774819216004182,-0.006506905841452797,-0.006506905841452659,,-0.005615636620534612,-0.005615636620534697,0.010115671854192824,0.011980221483435131,0.01198022148343606,-0.010498942949891895,-0.00560723520521716,-0.005607235205216997,,-0.004911718381561411,-0.0049117183815615105,0.010200176416682777,0.0,-0.0
2017-10-27,-0.001913017679999962,0.011385924329999964,0.01028752086000001,-0.008298206000000086,0.03100000000000014,0.04614041677980929,14.0,0.04558158021214104,14.0,0.040887420547205955,14.0,0.046140416779809235,14.0,42.60121600000002,42.559010754001896,36.07676266682828,42.571470316546296,35.9366427014934,3.5,3.053,2.034737944772128,3.053,0.03100000000000014,-0.44700000000000006,0.028999999999999915,0.007164357537389872,0.00653616306997577,0.007197336502860326,0.0065199463356756596,0.04614041677980929,0.04614041677980929,0.008911317453982645,0.00891131745398293,,-0.008135292646576297,-0.008135292646576303,-0.008710624728397334,-0.009051716697036085,-0.009051716697036038,,0.013991941231015933,0.013991941231016717,,-0.0038167302434628544,-0.003816730243462758,0.14799111710108814,-0.002372167569210452,-0.0023721675692105057,,0.011451629342499289,0.011451629342499823,,-0.005976011445019576,-0.005976011445019531,0.0696402461863454,-0.005711942133123269,-0.005711942133123272,,0.012010497957972951,0.01201049795797354,,-0.005500969580677097,-0.005500969580677041,0.0868774377875888,-0.004977191729062449,-0.004977191729062464,,0.0,0.0
2017-11-03,0.00550724147999998,0.02070238525000001,0.012228490189999996,0.2405448962000003,-0.06499999999999995,0.06624074579367978,14.0,0.06542108796391255,14.0,0.05839038543989228,14.0,0.06624074579367989,14.0,54.357690200000434,39.74484873302416,33.82814304119972,39.729090012096115,33.752388224354306,3.5,2.988,1.547436548165782,2.988,-0.06499999999999995,-0.512,0.03100000000000014,0.004181136204122571,0.0030201202334726703,0.004170127648816818,0.003016396690371609,0.06624074579367978,0.06624074579367978,0.012575376993750671,0.012575376993750756,-0.06828922686275418,-0.00818279141951021,-0.008182791419510204,,-0.009086081655827381,-0.009086081655827347,0.0022332197312878227,0.014253260047050107,0.014253260047051136,-0.36543254264347935,-0.0019895944903375656,-0.001989594490337422,,-0.0031118079687840086,-0.003111807968784028,0.020257323700449383,0.01341431852040039,0.013414318520400946,-0.21686088475311677,-0.005086192954923888,-0.005086192954923813,,-0.006098944812305695,-0.006098944812305687,0.011245271715868603,0.013598885656263326,0.013598885656263987,-0.24954664948899652,-0.0044049412927148965,-0.004404941292714807,,-0.005441774706730924,-0.005441774706730922,0.013227923152476374,0.0,0.0
2017-11-10,0.009969582229999996,-0.03939687392000002,0.0,0.0,0.05600000000000005,0.07431133244318805,14.0,0.07338695092485092,14.0,0.06541809104074314,14.0,0.074311332443188,14.0,-129.19206639999993,-124.76782710805539,-131.6606381679676,-124.73575717960897,-131.88664688705896,3.25,3.044,1.547436548165782,3.044,0.05600000000000005,-0.20599999999999996,-0.06499999999999995,-0.018919737715420413,-0.019488925122241665,-0.01885916719357394,-0.019513255509422612,0.07431133244318805,0.07431133244318805,0.015901411313479476,0.015901411313479354,,-0.008629352931567334,-0.008629352931567238,,-0.008727935466893946,-0.00872793546689391,0.010156974259722205,0.0013642755075275112,0.0013642755075280015,,-0.011580244496899919,-0.011580244496899752,,-0.0029389360875359634,-0.002938936087535891,0.014434817099077995,0.008632843410503493,0.008632843410503677,,-0.010104798714233625,-0.010104798714233495,,-0.005833435777214955,-0.005833435777214901,0.0122958956794001,0.007033758471848778,0.00703375847184903,,-0.01042939678642021,-0.010429396786420072,,-0.005196645845485577,-0.005196645845485518,0.012766458391729237,0.0,0.0
2017-11-17,-0.01327641596000001,-0.007879374790000004,-0.001538260030000016,-0.2583020453999998,-0.04999999999999982,0.10613685338181567,14.0,0.10479950486515466,14.0,0.09313111878749547,14.0,0.10613685338181572,14.0,-68.65235310000025,-80.12277189512142,-86.46704036158499,-80.11832432794192,-86.64190986178144,3.25,2.994,1.547436548165782,2.994,-0.04999999999999982,-0.2559999999999998,0.05600000000000005,-0.010893612274727628,-0.012412567414935158,-0.01087635088867744,-0.012418759006940058,0.10613685338181567,0.10613685338181567,0.018243076801467636,0.01824307680146748,,-0.009151180392416396,-0.009151180392416336,,-0.00992250561430622,-0.009922505614306168,0.006497732798757549,0.004344816642353762,0.004344816642354208,,-0.011802246214391809,-0.011802246214391693,,-0.004288113443107472,-0.004288113443107484,0.08652924413844068,0.011293946721910699,0.011293946721910843,,-0.010476713303404103,-0.010476713303404014,,-0.007105309528706846,-0.007105309528706826,0.046513488468599117,0.009765138104408173,0.009765138104408384,,-0.010768330543821397,-0.010768330543821304,,-0.006485526389874984,-0.006485526389874971,0.05531695471596426,0.0,0.0
2017-11-24,0.009634277560000015,0.014445520440000026,-0.0027451445999999713,0.11304009179999941,-0.02100000000000035,0.09547758799567352,14.0,0.09427855378467132,14.0,0.08384924346561784,14.0,0.09547758799567352,14.0,187.02008420000038,179.85893031981408,173.37997590720855,179.87021833849965,173.1951554214642,3.25,2.973,1.547436548165782,2.973,-0.02100000000000035,-0.27700000000000014,-0.04999999999999982,0.03137773909157819,0.030141570496642296,0.031405873309286514,0.03013039006195875,0.09547758799567352,0.09547758799567352,0.029992472161254103,0.029992472161253756,0.004186679084369149,-0.008955922850900378,-0.008955922850900244,0.003429813367677761,-0.009976424824816425,-0.009976424824816445,,0.018214491078771274,0.01821449107877072,-0.0010719987537590088,-0.01237096175901278,-0.012370961759012457,-0.07403513608599259,-0.004891188032502356,-0.004891188032502454,,0.02410348162001269,0.02410348162001224,0.0015573401653050704,-0.01066344230495658,-0.01066344230495635,-0.03530266135915741,-0.00743380642865939,-0.007433806428659449,,0.022807903700939575,0.022807903700939103,0.000978885603110973,-0.011039096584848944,-0.011039096584848694,-0.04382380579906116,-0.006874430381504842,-0.006874430381504911,,0.0,0.0
2017-12-01,-0.00526632493000001,-0.02434674799000003,0.0174935685,0.07700683290000043,0.02200000000000024,0.026381081012417762,14.0,0.02555931782414511,14.0,0.026235317360525534,14.0,0.026381081012417762,14.0,-76.79575160000059,-78.63935600129638,-84.90443571168164,-78.57740900364031,-84.98729567892173,3.25,2.995,1.3700931601099937,2.995,0.02200000000000024,-0.2549999999999999,-0.02100000000000035,-0.015766158638121707,-0.016143584819151128,-0.01571941481079165,-0.016155585425567942,0.026381081012417762,0.026381081012417762,0.03057733476434571,0.030577334764345373,,-0.008336706039551327,-0.008336706039551323,0.04656057598902056,-0.009969027100592654,-0.00996902710059266,,0.0169105311179911,0.016910531117990426,,-0.00570580034618527,-0.005705800346185265,0.12227724351041794,-0.004818535505071659,-0.004818535505071687,,0.023743932941168402,0.0237439329411679,,-0.0070212531928682985,-0.007021253192868294,0.08441890974971925,-0.007393781302832156,-0.007393781302832173,,0.0222405845400694,0.022240584540068855,,-0.006731853566598032,-0.0067318535665980275,0.09274774317707296,-0.006827227227324846,-0.006827227227324866,,0.0,0.0
2017-12-08,-0.028735197619999986,0.016288481310000047,,-0.15739639490000013,0.004999999999999893,-0.04651905446973503,14.0,-0.04587554453749931,14.0,-0.04112457783253609,14.0,-0.04651905446973503,14.0,-161.59022069999992,-167.55216091722093,-173.10803464682965,-167.61454562334055,-173.02771353024772,3.25,3.0,1.3700931601099937,3.0,0.004999999999999893,-0.25,0.02200000000000024,-0.025765232398568663,-0.026698275948514167,-0.025805798478916175,-0.026690134688758124,-0.04651905446973503,-0.04651905446973503,0.030692246213691536,0.030692246213691314,-0.007589860171186271,-0.007058897574037139,-0.007058897574037195,,-0.009439483917038888,-0.00943948391703879,,0.025393613111590822,0.025393613111589594,-0.006609353443000806,-0.006205373368308925,-0.006205373368309029,,-0.00557688577511233,-0.005576885775112187,,0.02804292966264118,0.028042929662640454,-0.007099606807093539,-0.006632135471173032,-0.006632135471173112,,-0.007508184846075609,-0.0075081848460754885,,0.0274600800214101,0.027460080021409268,-0.006991751066993138,-0.006538247808542928,-0.006538247808543014,,-0.007083299050463688,-0.0070832990504635625,,0.0,-0.0
2017-12-15,-0.012204250199999989,-0.024772461590000017,,-0.24077170039999984,0.08700000000000019,-0.20058188210637984,14.0,-0.1974199344119782,14.0,-0.17518137712424375,14.0,-0.20058188210638006,14.0,-216.76602550000007,-213.03607393883794,-217.98964159875786,-213.12229800338966,-217.68745714669606,3.25,3.087,1.3700931601099937,3.087,0.08700000000000019,-0.1629999999999998,0.004999999999999893,-0.030840341109445054,-0.03135874315724123,-0.03090768835978396,-0.03133924498913828,-0.20058188210637984,-0.20058188210637984,0.029190213559885485,0.029190213559885526,0.3141172888328507,-0.006371684323769971,-0.0063716843237702075,-0.0022524427923366007,-0.009253611919559578,-0.009253611919559531,,0.028242271871981996,0.02824227187198121,-1.9153375263193029,-0.005077271998779998,-0.0050772719987805135,-0.0464768673033145,-0.0042055868197200825,-0.004205586819719952,,0.02871624271593374,0.028716242715933368,-0.8006101187432261,-0.0057244781612749845,-0.005724478161275361,-0.024364655047825548,-0.00672959936963983,-0.006729599369639742,,0.028611969130264356,0.028611969130263894,-1.045850148409963,-0.005582092805526087,-0.005582092805526494,-0.029229341744033115,-0.0061743166086574855,-0.0061743166086573875,,0.0,-0.0
2017-12-22,0.025179506939999985,0.020185118540000047,,-0.05622170280000027,-0.007000000000000117,0.1280644850333108,14.0,0.12644260423072368,14.0,0.11222526230678931,14.0,0.1280644850333107,14.0,334.2584483999999,329.93669006225014,323.09532211334835,329.9651306379582,322.82761591230087,3.25,3.08,1.3700931601099937,3.08,-0.007000000000000117,-0.16999999999999993,0.08700000000000019,0.062004275687043996,0.060445908776305776,0.062056547857464936,0.060433088073271565,0.1280644850333108,0.1280644850333108,0.031063810638412195,0.03106381063841263,,-0.007076883303196734,-0.00707688330319681,,-0.009414858135060983,-0.009414858135060922,,0.021917362129696423,0.02191736212969699,,-0.006456566569202512,-0.00645656656920266,,-0.005070597188907442,-0.005070597188907332,,0.02649058638405431,0.02649058638405481,,-0.006766724936199623,-0.006766724936199735,,-0.007242727661984213,-0.007242727661984127,,0.025484477048095575,0.025484477048096088,,-0.006698490095460259,-0.006698490095460379,,-0.006764858957907323,-0.006764858957907233,,0.0,0.0
2017-12-29,-0.0002555513599999948,0.0,,0.17001810250000027,-0.0040000000000000036,0.235162698886616,13.0,0.23122927733948873,13.0,0.1660243303393819,13.0,0.23516269888661645,13.0,96.8798024000007,95.18048182445882,87.46096238960558,94.32110974739743,86.97974976120132,3.25,3.076,1.3700931601099937,3.076,-0.0040000000000000036,-0.17399999999999993,-0.007000000000000117,0.009425198962206708,0.008983175638586393,0.009083474778999501,0.008938577072913673,0.235162698886616,0.235162698886616,0.025178439287883034,0.02517843928788323,-0.005771114239991946,-0.008872856092824604,-0.008872856092824856,,-0.009421956216665632,-0.0094219562166656,,0.03218551133695183,0.03218551133695203,-0.006782842238586072,-0.010010627871626375,-0.01001062787162689,,-0.005181773563203183,-0.005181773563203124,,0.02868197531241743,0.028681975312417632,-0.0062769782392890095,-0.009441741982225488,-0.009441741982225874,,-0.007301864889934407,-0.007301864889934362,,0.029452753237815,0.029452753237815196,-0.006388268319134363,-0.009566896877893683,-0.009566896877894096,,-0.006835444798053538,-0.006835444798053489,,0.0,0.0
2018-01-05,0.027011045680000012,0.028085256899999966,,0.6526417939,-0.07299999999999995,0.1542755558901291,13.0,0.15275243732545363,13.0,0.12380905260107622,13.0,0.15427555589012898,13.0,261.41079850000006,247.32101658544877,240.77623039538747,247.0701944823018,240.52169147204592,3.25,3.003,1.2596672074912767,3.003,-0.07299999999999995,-0.2469999999999999,-0.0040000000000000036,0.03603146592858086,0.03483456985390584,0.03593138098678202,0.03481219325245906,0.1542755558901291,0.1542755558901291,0.022264730052576696,0.022264730052576717,,-0.007516918146959428,-0.0075169181469595964,-0.003058859777317233,-0.009885215666042224,-0.009885215666042052,,0.030783501261906536,0.030783501261906442,,-0.01056751529666685,-0.0105675152966673,0.003912583521068818,-0.006416493704270075,-0.006416493704269724,,0.026524115657241616,0.02652411565724158,,-0.00904221672181314,-0.009042216721813448,0.00042686187187579265,-0.00815085468515615,-0.008150854685155888,,0.027461180490267897,0.02746118049026785,,-0.009377782408280955,-0.009377782408281295,0.0011937206346982583,-0.007769295269361214,-0.007769295269360932,,0.0,0.0
2018-01-12,0.00031925384999997863,0.01725832853999998,,-0.01632422960000035,0.05699999999999994,-0.13042748643178503,13.0,-0.12870364057157113,13.0,-0.1128829259434152,13.0,-0.13042748643178514,13.0,32.29382899999928,32.75537557528628,27.4685786224922,32.712228168650256,27.66524470188908,3.0,3.06,1.2596672074912767,3.06,0.05699999999999994,0.06000000000000005,-0.07299999999999995,0.0007725783991032473,0.0009257375574415784,0.0007341894097535502,0.0009272221948843978,-0.13042748643178503,-0.13042748643178503,0.020236888424577954,0.020236888424578135,,-0.007851863288729333,-0.007851863288729435,,-0.01052177419535671,-0.010521774195356612,,0.021965474304423832,0.021965474304424155,,-0.010612740522032676,-0.010612740522032966,,-0.007777931139952045,-0.007777931139951859,,0.02110118136450089,0.021101181364501145,,-0.009232301905381005,-0.0092323019053812,,-0.009149852667654376,-0.009149852667654236,,0.021291325811283943,0.021291325811284206,,-0.009535998401044372,-0.009535998401044589,,-0.008848029931559864,-0.008848029931559713,,0.0,-0.0
2018-01-19,-0.00991299889999997,-0.0063598457300000355,0.0004754482500000101,0.0018092885000005055,0.1160000000000001,-0.413033967811566,12.0,-0.39729852212462186,12.0,-0.3224585503383274,12.0,-0.4130339678115659,12.0,51.00143600000047,54.98123423598056,51.60511053117718,55.71513155789281,52.19323272667418,3.0,3.176,1.2596672074912767,3.176,0.1160000000000001,0.17600000000000016,0.05699999999999994,0.009407822794467625,0.00982315552910765,0.009679069587672316,0.009786200494300772,-0.413033967811566,-0.413033967811566,0.023418329618711646,0.023418329618711757,-0.008767099665593955,-0.007336758904342922,-0.007336758904343007,0.001330922967404372,-0.010218257668213339,-0.010218257668213344,,0.016334692916008392,0.01633469291600839,-0.004290976968750044,-0.006875924516272646,-0.006875924516272761,0.0026809365342489837,-0.0066615864269407455,-0.006661586426940744,,0.01987651126736002,0.01987651126736007,-0.006529038317172,-0.007106341710307784,-0.007106341710307884,0.002005929750826678,-0.008439922047577042,-0.008439922047577044,,0.019097311230062662,0.019097311230062704,-0.006036664820519169,-0.007055649927620054,-0.007055649927620157,0.002154431243179585,-0.008048688211037058,-0.008048688211037058,,0.0,-0.0
2018-01-26,0.009319306259999993,0.007138582730000009,,0.009063357199999622,-0.001000000000000334,0.08117624808632717,12.0,0.08072745764671202,12.0,0.06455276321897707,12.0,0.08117624808632701,12.0,142.81637839999985,138.4873173960149,131.97725357775724,138.33979654029926,131.79295280938084,3.0,3.175,1.2596672074912767,3.175,-0.001000000000000334,0.17499999999999982,0.1160000000000001,0.020755625945807207,0.01989671960211471,0.020710447300461912,0.019875813949526967,0.08117624808632717,0.08117624808632717,0.02548873932771515,0.025488739327715226,,-0.0069986035496885386,-0.006998603549688446,,-0.010083411956544506,-0.010083411956544393,0.0035130388624187436,0.01720437289281427,0.017204372892814488,,-0.006263950381680755,-0.006263950381680535,,-0.0068706807700080665,-0.006870680770007806,-0.08593477517236005,0.02134655611026471,0.021346556110264855,,-0.006631276965684647,-0.006631276965684491,,-0.008477046363276286,-0.008477046363276099,-0.04121086815497065,0.020435275802425615,0.020435275802425774,,-0.00655046511720379,-0.00655046511720362,,-0.008123645932757276,-0.008123645932757075,-0.05105012769879631,0.0,0.0
2018-02-02,-0.0016886900799999993,-0.0012970880999999546,,-0.010872645700000128,0.242,-0.006247397654982223,12.0,-0.007523941348185681,12.0,0.008500392960595793,12.0,-0.0062473976549820565,12.0,-215.27643179999995,-183.45873067717594,-191.13661776797395,-183.07601746531364,-191.3838964789641,3.0,3.417,1.1867163562365208,3.417,0.242,0.4169999999999998,-0.001000000000000334,-0.022625697350044188,-0.02203492227706294,-0.02235087599826969,-0.022066786689915463,-0.006247397654982223,-0.006247397654982223,0.026603495960914353,0.026603495960914634,,-0.005773545333967516,-0.00577354533396755,0.509347376633433,-0.00830431107418234,-0.008304311074182332,,0.03250590326368055,0.03250590326368049,,-0.004565120563467326,-0.0045651205634674435,-0.34401801438539037,-0.004733359495162523,-0.004733359495162482,,0.029554699612297453,0.029554699612297564,,-0.005169332948717421,-0.005169332948717497,0.08266468112402131,-0.006518835284672432,-0.006518835284672407,,0.030203964415601733,0.030203964415601806,,-0.0050364062239624,-0.005036406223962485,-0.011205511888049247,-0.006126030610980252,-0.006126030610980223,,0.0,-0.0
2018-02-09,-0.014625171749999999,-0.015357267980000033,-0.0014236894399999311,-0.014433889799999378,0.2530000000000001,-0.10336411907151627,12.0,-0.10197280915407081,12.0,-0.08927582030404235,12.0,-0.10336411907151627,12.0,-258.70698660000016,-227.12707525246955,-234.10503624946043,-227.08665150748402,-234.18093844503412,3.0,3.67,1.1867163562365208,3.67,0.2530000000000001,0.6699999999999999,0.242,-0.023486930783260786,-0.02343081036200035,-0.02340031799108387,-0.023447534311794697,-0.10336411907151627,-0.10336411907151627,0.0257756156035586,0.025775615603558937,-0.1553354079941583,-0.005934771130511181,-0.005934771130510952,,-0.008628480522348466,-0.008628480522348513,,0.03263658240737682,0.03263658240737691,-0.012049526125377127,-0.004609437058357434,-0.004609437058357162,,-0.005851428610206659,-0.005851428610206811,,0.02920609900546771,0.029206099005467924,-0.08369246705976771,-0.005272104094434307,-0.0052721040944340575,,-0.007239954566277563,-0.007239954566277662,,0.02996080535388771,0.029960805353887898,-0.06793102005420178,-0.005126317346497395,-0.00512631734649714,,-0.006934478855941964,-0.006934478855942075,,0.0,-0.0
2018-02-16,0.00539600736000001,0.005248482850000014,-0.002823658020000064,-0.0818880861000002,-0.08800000000000008,0.11746032884475077,12.0,0.11598622739663567,12.0,0.10301369678088013,12.0,0.11746032884475083,12.0,222.8145016999997,205.64427445575603,199.49745476858433,205.6393133073188,199.34096928974597,3.0,3.582,1.1867163562365208,3.582,-0.08800000000000008,0.5819999999999999,0.2530000000000001,0.036577498928976666,0.034594324493044545,0.03657966750385339,0.034596671131817774,0.11746032884475077,0.11746032884475077,0.025534471482350583,0.025534471482350947,-0.009685730206272829,-0.005800133935707318,-0.005800133935707189,-0.007157581770356028,-0.008637338662762957,-0.008637338662763006,,0.03418389681834289,0.03418389681834277,-0.008920670007779725,-0.0040690413715750405,-0.004069041371575046,-0.005387746112308701,-0.005624071623733448,-0.005624071623733507,,0.02985918415034674,0.029859184150346857,-0.009303200107026278,-0.004934587653641179,-0.004934587653641118,-0.006272663941332364,-0.0071307051432482026,-0.007130705143248256,,0.03081062093730589,0.03081062093730596,-0.009219043485192036,-0.004744167471586629,-0.004744167471586581,-0.006077982018947159,-0.006799245768954957,-0.006799245768955011,,0.0,0.0
2018-02-23,-0.00974704042000002,-0.0002106502199999971,-0.0014000999800000136,,0.0900000000000003,-0.05726279627644726,12.0,-0.05646969573097538,12.0,-0.04913170953691681,12.0,-0.05726279627644737,12.0,-9.088795499999833,-2.007759497613205,-8.119839648529883,-2.0108533418639336,-8.111230616326932,3.0,3.672,1.1867163562365208,3.672,0.0900000000000003,0.6720000000000002,-0.08800000000000008,-0.002242441027431619,-0.0021130317506403763,-0.00222654009112858,-0.0021273724890596415,-0.05726279627644726,-0.05726279627644726,0.026173202150937762,0.026173202150937866,-0.3355457177816019,-0.005641434811097408,-0.0056414348110972136,-0.0095144963852062,-0.008674060296729104,-0.00867406029672911,-0.0064074687084195074,0.0334163949261129,0.03341639492611279,0.022829967664682108,-0.004010373041670344,-0.004010373041670156,-0.00021660200118953966,-0.004738433417435985,-0.004738433417436115,0.08800955016228058,0.02979479853852533,0.02979479853852533,-0.1563578750584599,-0.004825903926383875,-0.0048259039263836845,-0.004865549193197869,-0.006706246857082545,-0.006706246857082613,0.04080104072693054,0.030591549743794594,0.03059154974379457,-0.11693654965936867,-0.0046464871317468985,-0.0046464871317467085,-0.003842780810956037,-0.0062733279003603015,-0.006273327900360384,0.05118691280270755,0.0,-0.0
2018-03-02,0.011603864470000003,0.01837534496000004,-0.001083617099999934,,0.06999999999999984,0.0012743361357898109,12.0,0.0013078606193534514,12.0,0.0018412557724015732,12.0,0.0012743361357898109,12.0,0.2268844000000172,5.365708457867273,-1.0569094315656793,5.376685480977918,-1.1473585813904978,3.0,3.742,0.36928252788337274,3.742,0.06999999999999984,0.742,0.0900000000000003,0.003700111257420634,0.0031606258413963994,0.003733870771390557,0.003148248527876697,0.0012743361357898109,0.0012743361357898109,0.03149787884940057,0.03149787884940065,,0.005915490177144182,0.005915490177144584,-0.004089034670175601,-0.008754588864125112,-0.008754588864125123,,0.0372019300819775,0.037201930081977516,,0.0018136449703803235,0.0018136449703807795,-0.02014588386108085,-0.0047941606393788316,-0.0047941606393789495,,0.034349904465689036,0.034349904465689085,,0.0038645675737622527,0.003864567573762682,-0.012117459265628225,-0.006774374751751972,-0.006774374751752036,,0.034977350101272495,0.034977350101272536,,0.0034133646010182286,0.003413364601018663,-0.013883712676627802,-0.006338727647029881,-0.006338727647029957,,0.0,0.0
2018-03-09,0.003833384080000002,-0.012011991020000057,0.003936745259999985,0.014260143599999608,-0.05900000000000016,0.20326741520320463,12.0,0.20067988359453698,12.0,0.1777327931220044,12.0,0.20326741520320418,12.0,31.86296570000013,20.942594057765454,13.90078357812095,20.97988252266726,13.534725679297328,2.75,3.683,0.36928252788337274,3.683,-0.05900000000000016,0.9329999999999998,0.06999999999999984,0.0029267673082239913,0.0015147918774499106,0.002985475041806614,0.0014893090570428503,0.20326741520320463,0.20326741520320463,0.031937655282143554,0.031937655282143915,,0.00575006040298574,0.005750060402985847,0.006729756984816532,-0.008850501485973019,-0.008850501485972863,0.0022452003450127264,0.03629608069242077,0.03629608069242092,,0.002224911740288561,0.0022249117402884594,0.049022790650033087,-0.00472723744730629,-0.004727237447306019,-0.02582100949964409,0.03411686798728216,0.03411686798728242,,0.00398748607163715,0.003987486071637153,0.02787627381742481,-0.006788869466639654,-0.006788869466639441,-0.011787904577315681,0.034596294782412655,0.03459629478241289,,0.0035997197187404607,0.003599719718740441,0.03252850752059863,-0.006335310422386314,-0.006335310422386088,-0.01487518766022793,0.0,0.0
2018-03-16,-0.019857538630000005,-0.008545210789999924,-0.00046703533000003183,-0.0371801464999999,-0.040000000000000036,0.14632917259888878,12.0,0.14448046990628194,12.0,0.12060859444437866,12.0,0.14632917259888945,12.0,-112.76615969999966,-121.86814438791683,-128.60447757264427,-122.02216082952168,-128.87368218708218,2.75,3.643,0.36928252788337274,3.643,-0.040000000000000036,0.8929999999999998,-0.05900000000000016,-0.019872092424089098,-0.021049473693365028,-0.019915328147451,-0.021069769836643007,0.14632917259888878,0.14632917259888878,0.03892763194527453,0.03892763194527499,-0.21858673454385916,0.010030148662655124,0.010030148662655265,,-0.009096403121234137,-0.009096403121234093,,0.042024603996154014,0.04202460399615408,-0.12832487881037194,0.002075846393851624,0.0020758463938514277,,-0.0021734815043041597,-0.002173481504304161,,0.04047611797071427,0.04047611797071453,-0.17345580667711555,0.006052997528253374,0.0060529975282533465,,-0.005634942312769148,-0.005634942312769127,,0.04081678489631101,0.04081678489631123,-0.16352700254643196,0.005178024278684989,0.005178024278684924,,-0.004873420934906851,-0.004873420934906835,,0.0,0.0
2018-03-23,0.00984009281999998,0.004979208379999989,,-0.023097691999999448,0.016000000000000014,-0.013559808193259859,12.0,-0.013333796300988188,12.0,-0.0055068955240864526,12.0,-0.01355980819325997,12.0,62.94940779999979,59.36638515623555,53.46791327558371,59.48289968829904,53.467763201729106,2.75,3.659,0.36928252788337274,3.659,0.016000000000000014,0.9089999999999998,-0.040000000000000036,0.012600881267948156,0.01160554399107384,0.012660461671145332,0.011607707353130103,-0.013559808193259859,-0.013559808193259859,0.03623669156613026,0.03623669156613072,-0.14650229856640032,0.009771854412016941,0.009771854412017113,0.0016306752004812926,-0.009355835703922673,-0.009355835703922536,,0.04043476538952276,0.04043476538952277,1.2234017201140177,-0.0008959070182317378,-0.0008959070182317482,-0.002844504435445999,-0.0020635261077692883,-0.0020635261077690584,,0.038335728477826514,0.03833572847782675,0.5384497107738087,0.004437973696892602,0.004437973696892682,-0.0006069146174823532,-0.005709680905845981,-0.005709680905845798,,0.03879751659839968,0.038797516598399875,0.6891391528286547,0.0032645199395652472,0.003264519939565308,-0.001099184377434355,-0.004907526850269108,-0.004907526850268915,,0.0,-0.0
2018-03-30,0.010599892040000003,0.01891038347999996,,0.07417847689999935,-0.06699999999999973,0.23458090928444897,11.0,0.20774238173590043,11.0,0.2536270185551839,11.0,0.23458090928444897,11.0,-0.31932400000005146,-11.857685332649513,-19.381544442188044,-10.66798883899137,-19.5079906067266,2.75,3.592,0.36928252788337274,3.592,-0.06699999999999973,0.8420000000000001,0.016000000000000014,-0.003625145851593686,-0.005178269806592261,-0.0030077582881539834,-0.005017240388422644,0.23458090928444897,0.23458090928444897,0.034830872361109586,0.03483087236110992,,0.012593930598484755,0.012593930598484867,-0.005105333042481349,-0.006621153941653915,-0.006621153941653906,-0.030617816987483042,0.040381789036972246,0.04038178903697234,,-0.0010293330630431223,-0.001029333063043167,0.010413558538395047,-0.0019983020314270315,-0.0019983020314270814,-0.08746810240823492,0.037606330699040916,0.03760633069904113,,0.005782298767720816,0.00578229876772085,0.002654112747956849,-0.004309727986540474,-0.004309727986540494,-0.059042959697858985,0.03821693153338581,0.038216931533386,,0.0042837397649527495,0.004283739764952766,0.004361190821853252,-0.003801214276415516,-0.003801214276415543,-0.06529649109414169,0.0,0.0
2018-04-06,0.013912604290000019,0.07689809450999996,,0.005387622800000713,-0.09200000000000008,0.01273316345517106,10.0,0.011125197350351668,10.0,0.0024727513848015192,10.0,0.012733163455171503,10.0,129.6868473000004,109.78589063563645,104.47614417683945,109.52113930873372,104.55929437403906,2.75,3.5,0.49026292290720885,3.5,-0.09200000000000008,0.75,-0.06699999999999973,0.014433218339506447,0.013110444873896171,0.014276371658126813,0.013133215060448806,0.01273316345517106,0.01273316345517106,0.028373086900527193,0.028373086900527297,,0.010153359242418836,0.010153359242418754,,-0.007817708532029743,-0.0078177085320295,,0.01714608350480834,0.017146083504808205,,-0.014098237432936096,-0.01409823743293632,,-0.005780207168980363,-0.005780207168979865,,0.022759585202667767,0.02275958520266775,,-0.0019724390952586303,-0.001972439095258783,,-0.006798957850505053,-0.006798957850504682,,0.021524614829138693,0.02152461482913865,,-0.004640114729547672,-0.004640114729547841,,-0.006574832700569621,-0.0065748327005692225,,0.0,0.0
2018-04-13,-0.0074480143899999796,-0.06476362330999996,,-0.023144723400000622,0.041999999999999815,-0.19368504915017182,10.0,-0.19114169065484266,10.0,-0.1679692323116433,10.0,-0.19368504915017182,10.0,32.21400799999992,29.06317505897384,24.388049163638577,28.99117839705786,24.732188968503984,2.75,3.542,0.49026292290720885,3.542,0.041999999999999815,0.7919999999999998,-0.09200000000000008,0.0022024626438032577,0.002083896429466493,0.0021257176701214354,0.002102894377347372,-0.19368504915017182,-0.19368504915017182,0.0280363822219558,0.028036382221956063,,0.011616930559945348,0.011616930559945058,0.07418174541350385,-0.007155204542448038,-0.007155204542447937,,0.04039829403613571,0.040398294036135346,,0.0003255265568648698,0.0003255265568642864,-0.4918805705224547,-0.00043595052712813373,-0.00043595052712791575,,0.03421733812904575,0.034217338129045705,,0.005971228558405109,0.005971228558404673,-0.20884941255447542,-0.003795577534788086,-0.0037955775347879267,,0.03557714842860554,0.035577148428605425,,0.004729174118066256,0.004729174118065787,-0.2711162673074309,-0.0030564595931028967,-0.003056459593102724,,0.0,-0.0
2018-04-20,0.00935096634999999,0.013032018209999996,,0.033889954600000216,0.14400000000000013,0.1263060977418472,10.0,0.1246972607813045,10.0,0.11067266485115757,10.0,0.12630609774184698,10.0,116.7936923999996,135.99097198863993,128.02460629780805,136.07425314497797,127.5939944567814,2.75,3.686,0.49026292290720885,3.686,0.14400000000000013,0.9359999999999999,0.041999999999999815,0.025902004845205245,0.02563042282071852,0.0260367126858508,0.025584857749597067,0.1263060977418472,0.1263060977418472,0.027677087519023827,0.027677087519023917,-0.005899485223820403,0.012013654317903102,0.012013654317902644,,-0.005127616303407255,-0.005127616303407271,,0.04133985569379438,0.041339855693794114,-0.011670397837994765,0.0024264229422385998,0.0024264229422374826,,-0.001536658155000991,-0.0015366581550009513,,0.0345084716064091,0.03450847160640902,-0.008784941530907583,0.007220038630070851,0.007220038630070064,,-0.003332137229204123,-0.003332137229204111,,0.03601137610563386,0.036011376105633736,-0.009419741918466763,0.006165443178747756,0.006165443178746896,,-0.0029371318328794338,-0.0029371318328794164,,0.0,0.0
2018-04-27,0.013409567590000004,0.0008356069000000632,-0.0015075989499999665,-0.041909049300000056,0.1080000000000001,0.00436410172436863,10.0,0.006611180269326167,10.0,-0.006791856508294947,10.0,0.00436410172436863,10.0,-44.158481700000266,-33.029901445953826,-39.73550433438297,-33.27007160308655,-39.90222589585436,2.75,3.794,0.49026292290720885,3.794,0.1080000000000001,1.044,0.14400000000000013,-0.0034272822905202275,-0.003515032419363443,-0.0034989097313667043,-0.0035563934136246503,0.00436410172436863,0.00436410172436863,0.028721627014379934,0.02872162701437982,,0.012857536359728954,0.012857536359728496,,-0.0021134692297597284,-0.0021134692297595328,-0.0025194605966640045,0.041430941483408826,0.04143094148340871,,0.002478971637711505,0.002478971637710455,,-0.00349004141151695,-0.0034900414115165536,0.009488466074033973,0.03507628424889438,0.035076284248894266,,0.00766825399872023,0.007668253998719476,,-0.002801755320638339,-0.0028017553206380434,0.0034845027386849843,0.03647430884048756,0.03647430884048744,,0.00652661187929831,0.0065266118792974915,,-0.0029531782606316338,-0.0029531782606313155,0.004805374672461762,0.0,0.0
2018-05-04,-0.004550989040000009,0.013453320769999944,0.03210532897999996,-0.02302755170000026,0.08499999999999996,0.08262928080404652,10.0,0.07728614280112844,10.0,0.036232024769689675,10.0,0.08262928080404652,10.0,-144.2627840999994,-135.1475197913018,-142.3780239636755,-135.9585864579187,-142.5998167129294,2.75,3.879,0.9320560913319906,3.879,0.08499999999999996,1.129,0.1080000000000001,-0.016057860125303726,-0.01674178505460096,-0.016387461856038024,-0.01673365534086656,0.08262928080404652,0.08262928080404652,0.028090146139559187,0.028090146139559048,,0.014332279859344665,0.014332279859344318,,-0.002813881871864892,-0.0028138818718650115,-0.0027596321625556037,0.04650051253647322,0.04650051253647307,,0.0052175968685170765,0.0052175968685166,,-0.001630549202514828,-0.001630549202514867,-0.03206314554446421,0.0372953293380162,0.03729532933801606,,0.00977493836393087,0.009774938363930459,,-0.00222221553718986,-0.0022222155371899393,-0.01741138885350991,0.03932046964167675,0.0393204696416766,,0.008772323234939837,0.00877232323493941,,-0.002092048943561353,-0.0020920489435614234,-0.020634775325519855,0.0,0.0
2018-05-11,0.007715088970000006,0.002984051620000039,0.07070568248000009,-0.008659807299999933,-0.06300000000000017,0.35121472738054926,10.0,0.34786824383135007,10.0,0.29884533157416926,10.0,0.35121472738054993,10.0,51.68954109999959,43.12143249211105,34.958121770211164,43.03001194635974,34.27593649439351,2.75,3.816,0.9320560913319906,3.816,-0.06300000000000017,1.0659999999999998,0.08499999999999996,0.010121751858410674,0.008202073754401604,0.010162927666936678,0.008148770598425434,0.35121472738054926,0.35121472738054926,0.02771837053649679,0.02771837053649682,0.12831708710787917,0.015249401885488227,0.015249401885487684,0.04533309509599344,-0.003644838033209079,-0.0036448380332090454,0.26395670491527057,0.04257459250244279,0.04257459250244281,-0.24665937898261978,0.004242517692781222,0.004242517692780415,-0.14163376593028087,-0.006710149441010664,-0.006710149441010562,0.6401572848999519,0.035146481519469794,0.035146481519469815,-0.0591711459373703,0.009745959789134725,0.00974595978913405,-0.04815033541714372,-0.005177493737109871,-0.005177493737109804,0.45205699490761125,0.03678066593572385,0.03678066593572388,-0.10041855720732518,0.008535202527936953,0.00853520252793625,-0.0687166901300339,-0.005514677991968046,-0.00551467799196797,0.4934390587059262,0.0,0.0
2018-05-18,-0.015049132700000023,-0.00862183899000002,0.002841267049999985,0.08352606439999999,0.23099999999999987,-0.17855296506350138,10.0,-0.1678235506489758,10.0,-0.1457855502923524,10.0,-0.1785529650635016,10.0,-100.44808499999999,-73.81249829778652,-79.92828430845353,-73.59698454007228,-79.92797451835419,2.75,4.047,0.9320560913319906,4.047,0.23099999999999987,1.2969999999999997,-0.06300000000000017,-0.005613280529071479,-0.004944922461753758,-0.0054750779651130226,-0.005022809447706675,-0.17855296506350138,-0.17855296506350138,0.028993633507483428,0.02899363350748332,,0.01969501723488034,0.019695017234879725,,-0.003397462101300388,-0.003397462101300446,-0.07509126774634532,0.04363818538302969,0.04363818538302958,,0.009672570773502044,0.009672570773501239,,-0.0065202725937224485,-0.006520272593722502,-0.04138271958407102,0.03631590944525656,0.03631590944525645,,0.014683794004191193,0.014683794004190481,,-0.0049588673475114186,-0.004958867347511474,-0.05823699366520817,0.037926810151566646,0.03792681015156654,,0.01358132489343958,0.01358132489343885,,-0.005302376501677844,-0.0053023765016779,-0.054529053367358,0.0,-0.0
2018-05-25,0.007756911679999978,0.03326492829999994,,0.11741339490000069,-0.1769999999999996,0.16489671120133798,10.0,0.15440471422107982,10.0,0.13526963445413553,10.0,0.16489671120133798,10.0,6.019310900000164,-24.07971333540405,-30.033386468011706,-24.313168011680016,-30.08564435514524,2.75,3.87,0.9320560913319906,3.87,-0.1769999999999996,1.12,0.23099999999999987,-0.006078717505960251,-0.008278444068269901,-0.006206217705203301,-0.008207862106389296,0.16489671120133798,0.16489671120133798,0.03495897904577716,0.034958979045777126,-0.036179250357127664,0.022298882506709874,0.02229888250670926,-0.014736974798163223,-0.003519479217332592,-0.0035194792173326383,-0.005056569732520962,0.039196887542165056,0.03919688754216496,-0.02858973255099999,0.010263395613555165,0.010263395613554263,0.008660804868634409,-0.008114754061565328,-0.008114754061565308,0.0019833931170636786,0.037077933293971105,0.03707793329397104,-0.03238449145406383,0.01628113906013252,0.01628113906013176,-0.003038084964764407,-0.00581711663944896,-0.005817116639448974,-0.0015365883077286416,0.03754410322857377,0.037544103228573704,-0.031549644495389786,0.014957235501885503,0.01495723550188471,-0.0004643292014166675,-0.006322596872314561,-0.006322596872314568,-0.0007621923942743311,0.0,0.0
2018-06-01,0.00455148644000003,-0.0011149131700000092,,0.0018079340999994642,-0.008999999999999897,-0.1840675863577823,10.0,-0.1709337367970698,10.0,-0.16317897452084118,10.0,-0.18406758635778253,10.0,-0.1412889000002906,-11.054112939322971,-15.287606068091407,-11.225808580774462,-15.039904372387408,2.75,3.861,1.4253130750272838,3.861,-0.008999999999999897,1.1110000000000002,-0.1769999999999996,-0.002941589407064083,-0.0034875381622136215,-0.003082214694427024,-0.0035443421732233166,-0.1840675863577823,-0.1840675863577823,0.03090045528949361,0.030900455289493402,-0.011062775207638707,0.019928396649159373,0.019928396649158603,,-0.0026692196396162246,-0.0026692196396163196,,0.036599646238921424,0.03659964623892124,-0.010245572742966813,0.0101783444084707,0.010178344408469034,,-0.0016379077160191646,-0.0016379077160192533,,0.03375005076420752,0.033750050764207326,-0.01065417397530276,0.015053370528815037,0.015053370528813819,,-0.0021535636778176946,-0.0021535636778177865,,0.034376961768644576,0.03437696176864439,-0.010564281704188851,0.013980864782339283,0.013980864782337966,,-0.002040119366222018,-0.002040119366222109,,0.0,-0.0
2018-06-08,0.00142740740999997,0.0027924113400000783,,0.1766130968999997,0.08199999999999985,0.023768037488802962,10.0,0.015107321915465155,10.0,0.012377605192462005,10.0,0.023768037488802962,10.0,76.82365530000061,84.28685352641729,77.49229858827748,84.09763183716747,77.44621361740334,2.75,3.943,1.4253130750272838,3.943,0.08199999999999985,1.193,-0.008999999999999897,0.016258530049302933,0.015696531882337487,0.016207740615266312,0.015746174286727505,0.023768037488802962,0.023768037488802962,0.030425076186245632,0.030425076186245324,0.05803554701917299,0.018746150554546565,0.018746150554545912,-0.04375533196548427,-0.002437960274376879,-0.002437960274377054,,0.03579476850186262,0.03579476850186229,0.6691043109947307,0.01531781605506605,0.01531781605506432,-0.13561048034605674,-0.0012548842114230006,-0.0012548842114233065,,0.033109922344054125,0.033109922344053806,0.36356992900695184,0.017031983304806306,0.017031983304805116,-0.08968290615577051,-0.0018464222428999399,-0.0018464222429001803,,0.033700588498772,0.03370058849877167,0.43078749304426317,0.01665486650986345,0.016654866509862143,-0.09978697247763349,-0.0017162838759750133,-0.001716283875975268,,0.0,0.0
2018-06-15,0.0007837932300000516,-0.017826414120000078,,0.0038086806000006135,-0.04200000000000026,-0.06326547396159721,11.0,-0.07965659549697235,11.0,-0.07829756669276144,11.0,-0.06326547396159721,11.0,-175.4401639000007,-189.07049326703873,-194.35379430981794,-189.68786173999982,-193.97308722476257,2.75,3.901,1.4253130750272838,3.901,-0.04200000000000026,1.1509999999999998,0.08199999999999985,-0.03255619971092881,-0.033503825621597746,-0.03288645821111447,-0.033351811520240804,-0.06326547396159721,-0.06326547396159721,0.029200912700948524,0.029200912700948167,,0.01690110229425891,0.016901102294258855,-0.0044372064405681835,-0.00265130645292225,-0.0026513064529225827,,0.035394211441484885,0.035394211441484,,0.016956673009455907,0.016956673009454807,0.0004182482464420577,-0.0007436874729868448,-0.0007436874729874567,,0.0322975620712167,0.032297562071216084,,0.01692888765185741,0.01692888765185683,-0.002009479097063063,-0.0016974969629545474,-0.0016974969629550197,,0.032978824932675704,0.032978824932675024,,0.016935000430529076,0.016935000430528386,-0.0014753790814919364,-0.0014876588751616528,-0.001487658875162156,,0.0,-0.0
2018-06-22,0.013309439659999978,0.03523805873000008,-0.024160913070000012,-0.04967556650000038,-0.053999999999999826,0.10154470716923703,11.0,0.10023696105141067,11.0,0.0890666217481959,11.0,0.10154470716923725,11.0,-102.73881170000004,-114.92556751674634,-121.20384925172505,-114.92583535725605,-121.36442937441781,2.75,3.847,1.4253130750272838,3.847,-0.053999999999999826,1.097,-0.04200000000000026,-0.01530200284402701,-0.016918548458506797,-0.015289780182147482,-0.016921691572251985,0.10154470716923703,0.10154470716923703,0.030470575725794653,0.03047057572579459,,0.01734922905805709,0.017349229058056873,,-0.0031816546130184597,-0.0031816546130185902,,0.03465811502700942,0.034658115027008114,,0.01756114656882904,0.017561146568828546,,-0.0013103110772075335,-0.0013103110772078063,,0.032564345376402036,0.03256434537640135,,0.017455187813443067,0.01745518781344271,,-0.0022459828451129966,-0.0022459828451131983,,0.033024974699535664,0.03302497469953484,,0.01747849873962798,0.017478498739627594,,-0.002040135056173795,-0.002040135056174012,,0.0,0.0
2018-06-29,-0.011839192499999984,0.016944361399999996,0.0030698757099999474,,-0.009999999999999787,-0.06910044142165583,11.0,-0.06819390124616609,11.0,-0.05952776408660876,11.0,-0.06910044142165606,11.0,-168.83315969999967,-177.58920646632143,-182.85435604008782,-177.63579671232856,-182.7103785423287,2.75,3.837,1.4253130750272838,3.837,-0.009999999999999787,1.0870000000000002,-0.053999999999999826,-0.027022633963668042,-0.028048931294629553,-0.02706815966789262,-0.028033645321390625,-0.06910044142165583,-0.06910044142165583,0.03182910293023172,0.03182910293023199,,0.015462833975611965,0.015462833975611654,,-0.004314559865147896,-0.004314559865148129,,0.0361089639658433,0.036108963965843406,,0.019536302542830494,0.019536302542830425,,-0.004460533563589833,-0.004460533563590187,,0.03396903344803751,0.0339690334480377,,0.017499568259221228,0.01749956825922104,,-0.004387546714368864,-0.004387546714369158,,0.03443981816195479,0.03443981816195495,,0.01794764980161527,0.017947649801615104,,-0.004403603821197477,-0.004403603821197784,,0.0,-0.0
2018-07-06,-0.009562164759999991,-0.040351547470000027,,,-0.12300000000000022,0.14931759658167998,11.0,0.1473899508939469,11.0,0.13066629932716278,11.0,0.14931759658167998,11.0,24.671498300000167,2.6825044591725096,-3.451952627191705,2.67418736442173,-3.635232579773408,2.75,3.714,1.6098132372020106,3.714,-0.12300000000000022,0.964,-0.009999999999999787,0.001654815012600278,-0.00035857355198020465,0.0016514016827976251,-0.0003587008183641065,0.14931759658167998,0.14931759658167998,0.03418076068010502,0.03418076068010569,,0.01610634513139103,0.01610634513139058,-0.003787450186534217,-0.002939230277420913,-0.0029392302774211916,,0.029271871476253562,0.02927187147625084,,0.020977031634776027,0.020977031634775545,0.02909771259561648,-0.004632338321909964,-0.004632338321910657,,0.03172631607817929,0.03172631607817827,,0.01854168838308353,0.018541688383083062,0.012655131204541132,-0.0037857842996654387,-0.0037857842996659244,,0.031186338265755634,0.031186338265754232,,0.01907746389845588,0.019077463898455407,0.01627249911057771,-0.003972026184559234,-0.003972026184559765,,0.0,0.0
2018-07-13,0.017729678439999952,0.003887279960000045,,0.012864878099999366,-0.07500000000000018,-0.3076778837566547,11.0,-0.2960551977279402,11.0,-0.24613347643412853,11.0,-0.3076778837566545,11.0,-36.61975520000033,-60.314523698417894,-63.11466536372081,-59.97543602049245,-62.49970978899765,2.75,3.639,1.6098132372020106,3.639,-0.07500000000000018,0.8889999999999998,-0.12300000000000022,-0.014332248560500027,-0.01500802835663141,-0.014291052408712302,-0.015009957302606864,-0.3076778837566547,-0.3076778837566547,0.020555432797350642,0.02055543279735139,,0.0077615553576351835,0.00776155535763501,,-0.00627250432967016,-0.006272504329670732,,0.01962282874555695,0.019622828745553142,,0.02206325200076306,0.022063252000762867,,-0.004662764909246108,-0.004662764909247057,,0.020089130771453797,0.020089130771452267,,0.014912403679199122,0.014912403679198938,,-0.005467634619458134,-0.005467634619458895,,0.01998654432575649,0.01998654432575446,,0.01648559030994319,0.016485590309943003,,-0.005290563283211489,-0.00529056328321229,,0.0,-0.0
2018-07-20,-0.008454285689999952,-0.0011140458300000766,-0.007082718850000003,,0.09200000000000008,0.0006692956512817094,11.0,0.0006705058260971786,11.0,-0.009365618970705869,11.0,0.0006692956512819315,11.0,83.18696920000002,91.74539029015253,85.16113469707788,91.5130709501999,85.04815308335398,2.75,3.731,1.6098132372020106,3.731,0.09200000000000008,0.9809999999999999,-0.07500000000000018,0.019234249825930996,0.018738445647802346,0.01915971587675523,0.018724111251791575,0.0006692956512817094,0.0006692956512817094,0.015647390224816413,0.015647390224816836,-0.005016289445804648,0.006711398211926952,0.006711398211927093,-0.014233039823019185,-0.008167130614740972,-0.0081671306147412,,0.019506890905976154,0.019506890905973077,-0.02166320788757174,0.020637778718823566,0.020637778718823812,0.045890346137632945,-0.003987690145483787,-0.003987690145484272,,0.017577140565396283,0.017577140565394958,-0.013339748666688193,0.013674588465375259,0.013674588465375453,0.01582865315730688,-0.006077410380112379,-0.0060774103801127365,,0.018001685640323853,0.018001685640322142,-0.015170909695282574,0.015206490321133886,0.015206490321134091,0.022442225612978612,-0.005617671928494088,-0.0056176719284944734,,0.0,0.0
2018-07-27,-0.007588798840000022,0.0005566822300000496,0.0011705281099999576,,-0.020999999999999908,0.009487415198000893,11.0,0.009374201719952957,11.0,0.013799050956233572,11.0,0.009487415198000448,11.0,105.8070189,96.91602113649925,91.11443129312072,97.00932483991889,91.10792519006857,2.75,3.71,1.6098132372020106,3.71,-0.020999999999999908,0.96,0.09200000000000008,0.013570031877513806,0.012786481070715153,0.013610628981862508,0.01278385090357563,0.009487415198000893,0.009487415198000893,0.015432359628628135,0.015432359628628168,,0.0069609426908933125,0.006960942690893676,-0.0011952362999565784,-0.008011176848167744,-0.008011176848168036,-0.005221144241789819,0.019522680295520588,0.01952268029551686,,0.020046862226508876,0.020046862226509487,-0.0042381682115764955,-0.003317616773098364,-0.003317616773098957,-0.0017863560203658752,0.01747751996207436,0.017477519962072516,,0.013503902458701094,0.013503902458701582,-0.002716702255766537,-0.005664396810633054,-0.0056643968106334965,-0.003503750131077847,0.01792745523543253,0.01792745523543027,,0.014943353607618807,0.014943353607619319,-0.0030514247660447277,-0.005148105202375423,-0.005148105202375898,-0.003125923426721213,0.0,0.0
2018-08-03,0.001549699109999969,-0.016950399690000006,-0.0013453258800000256,,0.018000000000000238,-0.034990792185997766,11.0,-0.03452685778861497,11.0,-0.024127894871737388,11.0,-0.034990792185997543,11.0,-22.469899599999735,-26.172065305383956,-31.91720818907275,-26.061718908888373,-31.874719923616436,2.75,3.728,1.0693548669275086,3.728,0.018000000000000238,0.9780000000000002,-0.020999999999999908,-0.005828699654120456,-0.00631897134066684,-0.005778691957494576,-0.006321226171102796,-0.034990792185997766,-0.034990792185997766,0.014231226555640786,0.014231226555640568,-0.0057838427911698475,0.007011664550956855,0.007011664550957288,-0.005348140832666815,-0.008069578576295587,-0.008069578576295759,,0.01830337023626916,0.01830337023626624,0.009683829340276149,0.024445240891447045,0.024445240891447464,-0.007872751372816098,-0.0029252046481414223,-0.0029252046481419137,,0.016267298395954973,0.0162672983959534,0.0019499932745531507,0.01572845272120195,0.015728452721202376,-0.006610446102741457,-0.005497391612218504,-0.005497391612218836,,0.016715234200824096,0.01671523420082223,0.0036514372090122103,0.01764614611865587,0.017646146118656295,-0.006888153262157878,-0.004931510480121547,-0.004931510480121914,,0.0,-0.0
2018-08-10,-0.00787076796999997,0.011124155820000037,0.0016958511500000384,,0.08199999999999985,-0.23170268976664,11.0,-0.2286862277284667,11.0,-0.20111855308763205,11.0,-0.2317026897666401,11.0,-64.97954409999966,-62.655589818917825,-67.33297991212768,-62.72775204655717,-66.95406802465986,2.75,3.81,1.0693548669275086,3.81,0.08199999999999985,1.06,0.018000000000000238,-0.0080430681265229,-0.008236926890395662,-0.00811564265999578,-0.008212412908633091,-0.23170268976664,-0.23170268976664,0.014554262941976717,0.014554262941976585,-0.008931977401982281,0.008343304238057913,0.008343304238058433,,-0.007391145911481302,-0.00739114591148135,-0.07556146558063734,0.01422627103354379,0.01422627103354338,-0.009180520718563736,0.021946726784947412,0.021946726784947773,,-0.003106897731282504,-0.0031068977312827756,0.04557800152707525,0.014390266987760254,0.014390266987759984,-0.009056249060273008,0.015145015511502663,0.015145015511503103,,-0.005249021821381903,-0.005249021821382063,-0.014991732026781043,0.01435418787783263,0.014354187877832329,-0.009083588825096968,0.01664139199166051,0.016641391991660932,,-0.004777754521560035,-0.004777754521560219,-0.0016663906449326596,0.0,-0.0
2018-08-17,-0.0003648387199999825,-0.04175382220000001,-0.007784516039999967,-0.0763473785000004,-0.08000000000000007,0.05260898880558007,11.0,0.05193623109100476,11.0,0.046454375952299065,11.0,0.05260898880558018,11.0,-243.37500720000025,-260.60191763565206,-266.29843617144087,-260.6297886138752,-266.3290544115668,2.75,3.73,1.0693548669275086,3.73,-0.08000000000000007,0.98,0.08199999999999985,-0.043622883850996316,-0.04507130114915496,-0.04364917056333947,-0.04506624893996276,0.05260898880558007,0.05260898880558007,0.013518480517020322,0.01351848051702015,-0.03723928031594828,0.008874289912105853,0.008874289912106283,,-0.0072124551586324435,-0.007212455158632515,-0.0030071876104832054,0.012149710986988657,0.012149710986987403,-0.33200466858651606,0.022611439129730924,0.02261143912973141,,-0.0033025620145388183,-0.0033025620145391518,-0.04076141540675539,0.01283409575200449,0.012834095752003775,-0.18462197445123218,0.015742864520918387,0.015742864520918845,,-0.005257508586585631,-0.005257508586585833,-0.021884301508619298,0.012683531103701006,0.012683531103700175,-0.21704616716099462,0.017253950934857147,0.017253950934857612,,-0.004827420340735332,-0.004827420340735564,-0.026037266566209236,0.0,0.0
2018-08-24,0.0048603422599999835,0.019697411909999962,,0.18633830110000016,-0.03799999999999981,-0.07346104998871472,11.0,-0.07249792668818256,11.0,-0.06332489490010484,11.0,-0.07346104998871483,11.0,63.97914219999984,50.76766875840778,45.74804379760391,50.709095626659035,45.93194972367563,2.75,3.692,1.0693548669275086,3.692,-0.03799999999999981,0.9420000000000002,-0.08000000000000007,0.012948935370397634,0.011472689477944411,0.012886214583837582,0.011498521138042696,-0.07346104998871472,-0.07346104998871472,0.013836720561129619,0.013836720561129385,-0.003932485210441498,0.008981221445401555,0.008981221445402227,,-0.007173401806623203,-0.0071734018066230195,,0.008958525087661297,0.008958525087658606,-0.0033074030960678147,0.021138279229847144,0.02113827922984786,,-0.004089861872787887,-0.004089861872787707,,0.011397622824395458,0.011397622824393995,-0.0036199441532546563,0.015059750337624349,0.015059750337625043,,-0.005631631839705545,-0.005631631839705363,,0.010861021322313941,0.01086102132231221,-0.003551185120673551,0.016397026693913366,0.016397026693914064,,-0.005292442446983661,-0.0052924424469834785,,0.0,-0.0
2018-08-31,0.010203832179999983,-0.007888808290000049,,0.001953719300000323,-0.03000000000000025,0.14234062287438654,11.0,0.1405035101867207,11.0,0.12459089002556878,11.0,0.14234062287438642,11.0,-55.31150090000028,-62.933827528156996,-69.71463557250685,-62.91022163647736,-69.98612608944514,2.75,3.662,1.0693548669275086,3.662,-0.03000000000000025,0.9119999999999999,-0.03799999999999981,-0.01175370761361388,-0.012800290130157845,-0.011709335281982876,-0.012822494476512552,0.14234062287438654,0.14234062287438654,0.014650075373238133,0.014650075373237348,,0.011907971937964237,0.011907971937964676,,-0.0006915642999773815,-0.0006915642999772283,-0.009183836954256059,0.007220003029794638,0.007220003029787421,,0.021287862149774035,0.02128786214977462,,0.0002674667717833916,0.0002674667717835425,-0.038195171102685783,0.010935039201516386,0.010935039201512384,,0.016597917043869134,0.016597917043869648,,-0.00021204876409699493,-0.00021204876409684287,-0.02368950402847092,0.010117731243737601,0.010117731243732893,,0.017629704967168213,0.017629704967168744,,-0.0001065553462033099,-0.00010655534620315811,-0.02688075078479819,0.0,0.0
2018-09-07,-0.008954015990000008,-0.00034970272999990115,,-0.06193560710000057,0.09399999999999986,-0.14972324870593867,11.0,-0.1477705494185575,11.0,-0.12973249379390883,11.0,-0.14972324870593867,11.0,-220.83009979999952,-214.98511085266347,-220.3991219406827,-215.02273197277682,-220.20309811983535,2.75,3.756,1.2768064534573038,3.756,0.09399999999999986,1.0059999999999998,-0.03000000000000025,-0.03337375853059647,-0.03369860606051309,-0.03340002815088664,-0.033688016514177486,-0.14972324870593867,-0.14972324870593867,0.00790284681099292,0.00790284681099276,-0.0017553084131674843,0.012030977050080683,0.012030977050081403,-0.008397775141655578,-0.0009596983653315473,-0.0009596983653313881,,-0.017413569240318724,-0.017413569240320025,-0.0068806234877369695,0.020694395637422675,0.020694395637423372,-0.0055723703790996,0.00026523119382150257,0.00026523119382188036,,-0.004755361214662902,-0.004755361214663632,-0.004317965950452227,0.016362686343751678,0.01636268634375239,-0.006985072760377589,-0.00034723358575502235,-0.0003472335857547539,,-0.007540166980307182,-0.007540166980308039,-0.00488175060865487,0.0173156623883593,0.017315662388360006,-0.0066742782364964314,-0.00021249133424818686,-0.00021249133424789435,,0.0,-0.0
2018-09-14,-0.010963722969999978,-0.012240505530000001,0.0003049907100000082,,0.009000000000000341,0.05600057324662466,11.0,0.055283806434793914,11.0,0.049407699918350145,11.0,0.056000573246624885,11.0,28.303871299999628,25.02825199182188,18.6338273146102,25.034626725398997,18.49795744410799,2.75,3.765,1.2768064534573038,3.765,0.009000000000000341,1.0150000000000001,0.09399999999999986,0.010707436226376184,0.009310260471237765,0.01073327022672917,0.009307148885208252,0.05600057324662466,0.05600057324662466,0.008353580736197476,0.00835358073619733,0.012791970687892435,0.014562186824163976,0.01456218682416484,-0.2521916579807481,-0.00022734761587255795,-0.00022734761587245663,,-0.013449241374622119,-0.013449241374624768,0.562338521088184,0.022831224582315828,0.022831224582316612,-0.06536368566508943,-0.0004803183120933134,-0.0004803183120933435,,-0.0025478303192123216,-0.002547830319213719,0.2875652458880382,0.0186967057032399,0.018696705703240727,-0.15877767182291877,-0.0003538329639829357,-0.00035383296398290007,,-0.004946140751402476,-0.004946140751404149,0.3480153664320703,0.019606299856636606,0.01960629985663742,-0.13822659486819633,-0.0003816597405672188,-0.00038165974056719764,,0.0,0.0
2018-09-21,0.00204553046,0.011650521839999928,,,0.008000000000000007,0.07131115443763136,11.0,0.0703957179867637,11.0,0.06273984810795841,11.0,0.07131115443763114,11.0,239.49042989999998,236.36682044061686,229.8592658715329,236.37844431609955,229.6928169868915,2.75,3.773,1.2768064534573038,3.773,0.008000000000000007,1.0230000000000001,0.009000000000000341,0.0409313057725409,0.04008522568460389,0.04096291153651651,0.04006998554260863,0.07131115443763136,0.07131115443763136,0.007028061046126269,0.007028061046125939,0.03177876099869778,0.014558973047648655,0.014558973047649228,-0.0005914558976245125,0.0013179299160726863,0.0013179299160726347,,-0.014755270850187517,-0.014755270850191224,0.002513989655519098,0.022125939582095626,0.02212593958209607,-0.01659677161540852,-0.0037827445777615576,-0.003782744577761853,,-0.003863604902030624,-0.0038636049020326422,0.01714637532710844,0.018342456314872142,0.01834245631487265,-0.008594113756516517,-0.0012324073308444356,-0.0012324073308446091,,-0.00625977141062514,-0.00625977141062753,0.013927250479358784,0.019174822633661305,0.0191748226336618,-0.010354698485472756,-0.0017934815251662022,-0.001793481525166403,,0.0,0.0
2018-09-28,-0.007808707299999995,-0.022411206100000025,,,-0.020000000000000018,0.01588297442968667,11.0,0.015686772368243895,11.0,0.014474096434188954,11.0,0.01588297442968667,11.0,-24.83677269999953,-33.443123040668056,-39.30266112936977,-33.462227031626114,-39.32350554757854,2.75,3.753,1.2768064534573038,3.753,-0.020000000000000018,1.0030000000000001,0.008000000000000007,-0.01140050441103006,-0.0118213638847538,-0.0114121150148063,-0.011831415637320038,0.01588297442968667,0.01588297442968667,0.008409361158333043,0.008409361158332712,-0.002654120801102805,0.01275354147008254,0.01275354147008311,,0.001331737542136325,0.0013317375421361486,-0.005605723578170478,-0.01449586558486479,-0.014495865584866414,-0.036661254864202485,0.021146960626459464,0.02114696062645995,,-0.004966692415598354,-0.00496669241559895,0.05572416884527816,-0.0030432522132658735,-0.003043252213266851,-0.019657687832652645,0.016950251048271,0.01695025104827153,,-0.0018174774367310147,-0.0018174774367314007,0.02505922263355384,-0.005562827155017634,-0.005562827155018754,-0.02339847257959361,0.017873527155472465,0.017873527155472982,,-0.0025103047320818293,-0.0025103047320822617,0.03180551080013319,0.0,0.0
2018-10-05,-0.0029420413599999806,-0.020228827839999908,-0.00598842714000003,,0.16100000000000003,-0.26183934008564536,11.0,-0.2584318257832918,11.0,-0.22736094604312607,11.0,-0.26183934008564547,11.0,-101.4233290000002,-87.38245789436124,-92.4180865645093,-87.43638931529364,-92.06400762638222,2.75,3.914,1.8277352033188132,3.914,0.16100000000000003,1.1640000000000001,-0.020000000000000018,-0.010446545599422402,-0.010229438759699018,-0.010489381794809035,-0.010212209694955678,-0.26183934008564536,-0.26183934008564536,0.004711943259856882,0.00471194325985647,,0.011401560493369439,0.011401560493369742,0.00025496447004100514,0.0012754584464321071,0.0012754584464315882,,-0.01275518431162506,-0.01275518431162617,,0.020460749053074795,0.02046074905307495,-0.0037149259009418172,-0.00407653206589483,-0.004076532065896198,,-0.004021620525884089,-0.00402162052588485,,0.015931154773222118,0.015931154773222347,-0.001729980715450406,-0.0014005368097313616,-0.001400536809732305,,-0.005943004558747102,-0.00594300455874794,,0.016927665514789705,0.01692766551478992,-0.0021666686562585163,-0.0019892557660873248,-0.0019892557660883617,,0.0,-0.0
2018-10-12,-0.004638870100000025,-0.00976755439999999,,-0.017225688099999914,0.09099999999999975,-0.18528643413061607,11.0,-0.18287226802344708,11.0,-0.1607002050950863,11.0,-0.1852864341306159,11.0,-55.509199799999806,-50.84759543770047,-55.958689445169604,-50.899382848924375,-55.68576215808901,2.75,4.005,1.8277352033188132,4.005,0.09099999999999975,1.255,0.16100000000000003,-0.004257106025968258,-0.004653999117828832,-0.004301977772496377,-0.004635346517083097,-0.18528643413061607,-0.18528643413061607,0.004317402284953437,0.004317402284952859,,0.010740334912153851,0.01074033491215439,0.05013829283365083,0.001314342186273432,0.0013143421862726505,,-0.012796308842208419,-0.012796308842210507,,0.02046730382585068,0.020467303825850634,-0.016667563935004494,-0.005863112836250524,-0.0058631128362525205,,-0.004239453278627491,-0.004239453278628824,,0.015603819369002264,0.01560381936900251,0.016735364449323168,-0.002274385324988546,-0.002274385324989935,,-0.006121961502615294,-0.006121961502616794,,0.016673785949508916,0.0166737859495091,0.009386720204771081,-0.003063905377466181,-0.003063905377467704,,0.0,-0.0
2018-10-19,0.004684154569999988,0.0004937580499999594,,-0.0019082176000004836,0.051000000000000156,0.034100627998730815,11.0,0.033668034214889786,11.0,0.03033766516612668,11.0,0.034100627998730815,11.0,-97.47387239999989,-94.63848968287267,-101.177043095301,-94.62458018773282,-101.3139518754671,2.75,4.056,1.8277352033188132,4.056,0.051000000000000156,1.306,0.09099999999999975,-0.01302072436853436,-0.013805259965333761,-0.012982602262553189,-0.013817842243537801,0.034100627998730815,0.034100627998730815,0.005712599574343582,0.005712599574342236,0.0055561119947429285,0.011889488798531923,0.011889488798532362,3.5613538660998984e-05,0.0028499038351878325,0.002849903835187247,-0.017492112446361178,-0.010849814802180134,-0.010849814802184634,-0.008006641122569057,0.021805116584086015,0.021805116584086213,0.01798277792032505,-0.003501511278609485,-0.0035015112786110623,0.006969892102767521,-0.002568607613918276,-0.002568607613921199,-0.0012252645639130645,0.01684730269130897,0.01684730269130929,0.009009195729493024,-0.00032580372171082624,-0.00032580372171190763,-0.005261110171796828,-0.004390473195335884,-0.004390473195339154,-0.002717167406817383,0.01793802174771992,0.01793802174772021,0.010983383811476071,-0.001024459384228531,-0.0010244593842297217,-0.0025702896713926714,0.0,0.0
2018-10-26,-0.0021104498999999777,-0.003933527020000049,,,-0.030999999999999694,0.09994234650078071,10.0,0.11704362140017355,10.0,0.11452274823172126,10.0,0.09994234650078077,10.0,-122.43931890000022,-131.07055106100813,-137.28171190857145,-130.43123820068706,-137.69230389954302,2.75,4.025,1.8277352033188132,4.025,-0.030999999999999694,1.2750000000000004,0.051000000000000156,-0.02085645076483008,-0.02207398045757313,-0.020529589847771507,-0.022231335473472478,0.09994234650078071,0.09994234650078071,0.005947490401845575,0.0059474904018441905,,0.01191128350029511,0.011911283500295314,-0.04442783329030567,0.00304588051909707,0.003045880519096266,,-0.010335597077229879,-0.010335597077233848,,0.02203018806847156,0.022030188068471828,-0.06415612237746686,-0.0032866643846243644,-0.003286664384626346,,-0.002194053337692152,-0.0021940533376948288,,0.016970735784383337,0.016970735784383573,-0.054291977833886264,-0.00012039193276364721,-0.00012039193276503998,,-0.0039851929603904514,-0.003985192960393413,,0.018083815286882746,0.018083815286882986,-0.056462089633473996,-0.0008169718721730049,-0.0008169718721745271,,0.0,0.0
2018-11-02,-0.0031852958199999892,-0.011102060899999988,-0.04206082112999998,,0.02799999999999958,-0.06779912493981977,10.0,-0.06688925839431903,10.0,-0.058350284760253834,10.0,-0.06779912493981999,10.0,148.89681800000017,146.09454962393772,140.53282502563033,146.06356980471443,140.6319168018068,2.75,4.053,2.147410544017931,4.053,0.02799999999999958,1.303,-0.030999999999999694,0.02988649650909641,0.028967380610164045,0.029863501132354666,0.028977599624053184,-0.06779912493981977,-0.06779912493981977,0.006309715048511745,0.006309715048510585,-0.00012020745930258773,0.011498564522442328,0.011498564522442365,,0.003550419397157288,0.0035504193971563447,-0.0818122625016617,-0.00750179763934988,-0.007501797639352504,-0.0035556742589878286,0.023311714290765596,0.02331171429076583,,-0.0027349720103822532,-0.0027349720103846853,0.03331068476766032,-0.0005960412954190671,-0.0005960412954209597,-0.0018379408591452082,0.017405139406603962,0.017405139406604098,,0.00040772369338751735,0.0004077236933858297,-0.02425078886700069,-0.002115307691083846,-0.0021153076910858993,-0.0022158422071105847,0.01870458588111952,0.018704585881119676,,-0.00028366936144183204,-0.00028366936144368364,-0.01158726466737527,0.0,-0.0
2018-11-09,-0.020820538609999995,-0.009342769600000023,,-0.3612013696000007,-0.014000000000000234,0.14240158847492412,10.0,0.14058389691283724,10.0,0.12468829658719505,10.0,0.1424015884749239,10.0,-33.25017639999987,-38.37544497000377,-45.277143673265364,-38.344841435999406,-45.56667081906611,2.75,4.039,2.147410544017931,4.039,-0.014000000000000234,1.2889999999999997,0.02799999999999958,-0.009529624198734335,-0.010289756772408652,-0.009476142540841354,-0.01031819356166289,0.14240158847492412,0.14240158847492412,-0.00198309796592925,-0.001983097965931388,,0.008707972571459614,0.008707972571459662,0.14148413298868592,0.0018528613038470022,0.001852861303845918,0.016198630294841435,0.0005492885410145424,0.0005492885410106876,,0.02270132449354073,0.02270132449354093,0.07138442425559861,-0.0028972829187148214,-0.0028972829187173944,0.08186917807773327,-0.0007169047124573537,-0.0007169047124603501,,0.01570464853250017,0.015704648532500295,0.10643427862214228,-0.0005222108074339096,-0.0005222108074357382,0.04903390418628735,-0.0004383421966935366,-0.0004383421966967219,,0.017243917243929093,0.017243917243929235,0.09872331066150267,-0.0010447266719157103,-0.0010447266719177026,0.05625766444240545,0.0,0.0
2018-11-16,0.009324423069999976,-0.008124240109999903,,-0.00655502189999968,-0.011999999999999567,0.20838244121514904,10.0,0.20570858410103554,10.0,0.18214310482962337,10.0,0.2083824412151496,10.0,94.58694839999953,91.10097992742813,83.66416692322282,91.156544136367,83.23589563795497,2.75,4.027,2.147410544017931,4.027,-0.011999999999999567,1.2770000000000001,-0.014000000000000234,0.018057434233065266,0.016784044545104022,0.018144563808829648,0.016751897375842085,0.20838244121514904,0.20838244121514904,0.0010575429987691048,0.0010575429987677164,,0.010457135529020249,0.010457135529020369,-0.0010516760720105504,0.006570423964158703,0.006570423964157843,,-0.0007311859693667011,-0.0007311859693693193,,0.02128269377158553,0.021282693771585787,-0.008586657897225895,0.0007068602311946389,0.0007068602311921748,,0.00016317851470120184,0.00016317851469919856,,0.01586991465030289,0.015869914650303078,-0.004819166984618223,0.003638642097676671,0.003638642097675009,,-3.358167179373677e-05,-3.358167179587536e-05,,0.01706072605698507,0.017060726056985272,-0.005648014985391911,0.0029936500870506237,0.0029936500870487853,,0.0,0.0
2018-11-23,-0.006668166019999977,0.015553384199999964,0.0,-0.0016363269999999375,0.02799999999999958,0.07418229000360821,10.0,0.07324980999773578,10.0,0.05790281448520096,10.0,0.07418229000360765,10.0,-165.45992229999956,-165.40598427254523,-172.08674318611523,-165.55848657441854,-172.2814588692433,2.75,4.055,2.147410544017931,4.055,0.02799999999999958,1.3049999999999997,-0.011999999999999567,-0.029670860944832702,-0.030269994539211753,-0.029709690788449455,-0.030291618721761743,0.07418229000360821,0.07418229000360821,0.0016262861033733455,0.0016262861033727563,,0.013830130299099058,0.01383013029909932,0.0837149446145215,0.009025445338478552,0.009025445338477519,-0.08461154945903887,0.004175207092613724,0.004175207092612514,,0.0232087355745394,0.02320873557454026,0.3771723710595274,0.0061273822132653115,0.006127382213262978,-0.07422532293713908,0.002900746597993535,0.0029007465979926355,,0.01851943293681923,0.01851943293681979,0.23044365783702445,0.0075764137758719315,0.007576413775870249,-0.07941843619808897,0.0031811279068099767,0.0031811279068090087,,0.019551079517117667,0.01955107951711829,0.2627239747459751,0.007257626832098475,0.007257626832096649,-0.07827595128068,0.0,0.0
2018-11-30,0.008218365099999958,0.011948262989999958,0.03845990337000005,-0.02604993929999999,-0.11999999999999966,0.23567423336532878,10.0,0.22426382939549805,10.0,0.1900326988532206,10.0,0.23567423336532933,10.0,78.25735739999982,58.473547941640305,51.532184114547434,58.125634894546664,51.270550189795,2.75,3.935,2.147410544017931,3.935,-0.11999999999999966,1.185,0.02799999999999958,0.012671555327656027,0.01046540621693516,0.01253290044732468,0.010518663936297561,0.23567423336532878,0.23567423336532878,0.0021200059466138337,0.002120005946614139,,0.014380441008151747,0.014380441008151846,0.09238144344993619,0.009540706125641143,0.009540706125640147,-0.0009585226723265101,0.008456722337423334,0.008456722337425008,,0.022545124131572062,0.022545124131572215,-0.021367258450354035,0.006092315474118574,0.0060923154741159904,-0.008988452408598174,0.005288364142018584,0.0052883641420195734,,0.018462782569861905,0.01846278256986203,0.03550709249979108,0.007816510799879859,0.007816510799878069,-0.004973487540462342,0.0059854029450076285,0.005985402945008769,,0.01936089771343814,0.01936089771343827,0.02299473529075915,0.007437187828212377,0.007437187828210411,-0.005856779811452225,0.0,0.0
2018-12-07,0.005761904580000032,0.024242532930000005,-0.02296678516000006,0.0029571047000001016,-0.09299999999999997,0.26860729064685973,10.0,0.2651519577057746,10.0,0.23458570039823945,10.0,0.26860729064685973,10.0,85.07751589999953,70.16792880495161,62.86729517320141,70.21556486026631,62.403801689849175,2.75,3.842,2.172335956559463,3.842,-0.09299999999999997,1.092,-0.11999999999999966,0.009582453311432409,0.008104180615635469,0.009652742609339793,0.00807037268119789,0.26860729064685973,0.26860729064685973,0.0023809882830443238,0.0023809882830444305,-0.015020595500374774,0.01397596152553604,0.01397596152553583,-0.03456985332728889,0.008752488869488085,0.008752488869487374,,0.013266014799678507,0.01326601479967952,-0.015918561535763424,0.0240337886262854,0.02403378862628513,-0.055888840780820556,0.011921900674222215,0.011921900674219972,,0.007823501541361416,0.007823501541361976,-0.0154695785180691,0.01900487507591072,0.01900487507591048,-0.04522934705405472,0.01033719477185515,0.010337194771853672,,0.009020854458191174,0.009020854458191835,-0.015568354781961852,0.02011123605699315,0.0201112360569929,-0.047574435673943205,0.010685830070375903,0.010685830070374259,,0.0,0.0
2018-12-14,0.0020607783799999613,0.02424816191000001,-0.005714786400000005,0.027891357299999697,-0.10599999999999987,-0.17087422122382567,10.0,-0.16862685534260602,10.0,-0.1481060191228234,10.0,-0.17087422122382612,10.0,-71.40505679999933,-97.18345228898106,-100.92225143729328,-97.30195367223504,-100.46196068512968,2.75,3.736,2.172335956559463,3.736,-0.10599999999999987,0.9860000000000002,-0.09299999999999997,-0.02275177335198808,-0.02367898038412366,-0.022900270320629988,-0.023639418153566558,-0.17087422122382567,-0.17087422122382567,-0.0002065029068792874,-0.00020650290688053023,-0.003131262212249977,0.012756059293720817,0.012756059293720414,,0.007538165996733146,0.007538165996732784,,0.004158772316464075,0.0041587723164620526,-0.02364177552772236,0.01651337259291874,0.016513372592918067,,0.0065862908653815545,0.0065862908653798475,,0.0019761347047923938,0.001976134704790761,-0.013386518869986168,0.01463471594331978,0.014634715943319242,,0.00706222843105735,0.007062228431056316,,0.002456314979360164,0.0024563149793584453,-0.01564267533468813,0.01504802040623155,0.015048020406230982,,0.0069575221666086755,0.006957522166607492,,0.0,-0.0
2018-12-21,-0.008909844389999977,-0.01903853771999997,0.007362985079999995,0.031426202700000516,-0.03400000000000025,0.0350627860364614,10.0,0.034637919532357175,10.0,0.03121981209587621,10.0,0.035062786036461846,10.0,-24.467451900000015,-34.87181920001325,-40.77669535630473,-34.888031602337094,-40.82202739990824,2.75,3.702,2.172335956559463,3.702,-0.03400000000000025,0.952,-0.10599999999999987,-0.004764281344762329,-0.00599492263969786,-0.004772712539762079,-0.0059939077694805476,0.0350627860364614,0.0350627860364614,-0.0004591869651794329,-0.00045918696518074754,,0.013137207082263024,0.013137207082262875,,0.007318307107020604,0.0073183071070204156,,0.00199114567912562,0.0019911456791222183,,0.014005919242826442,0.014005919242825975,,0.006452412867560174,0.006452412867559575,,0.0007659793569730936,0.0007659793569707354,,0.013571563162544733,0.013571563162544424,,0.006885359987290389,0.006885359987289995,,0.0010355159478466493,0.0010355159478440616,,0.01366712150020671,0.013667121500206367,,0.006790111620949742,0.006790111620949303,,0.0,0.0
2018-12-28,0.006464848560000014,-0.00595859931999998,,-0.11601549750000029,-0.015000000000000124,0.004691594356882822,10.0,0.010232355277703054,10.0,0.009377316242890288,10.0,0.004691594356882378,10.0,61.067956899999444,53.01641960802329,47.276696110069686,53.10440963855157,47.204176123853216,2.75,3.687,2.172335956559463,3.687,-0.015000000000000124,0.9369999999999998,-0.03400000000000025,0.009944722072521789,0.009000637900939388,0.009984033354197211,0.008956773805019427,0.004691594356882822,0.004691594356882822,0.002939413404559466,0.0029394134045597343,,0.013569766711312416,0.01356976671131224,,0.005501843604994954,0.005501843604994623,,0.007264824004630055,0.007264824004630782,,0.016507769124341907,0.016507769124341876,,0.009442563699095737,0.00944256369909546,,0.00510211870459476,0.005102118704595258,,0.015038767917827161,0.015038767917827059,,0.007472203652045345,0.007472203652045041,,0.005577913870602524,0.0055779138706030735,,0.015361948183260405,0.015361948183260319,,0.007905682862396433,0.007905682862396133,,0.0,0.0
2019-01-04,-0.009163613210000032,0.00639250752999998,,0.5429043249000003,-0.13599999999999968,0.2146714077929739,10.0,0.2119159452385213,10.0,0.1876194112695322,10.0,0.2146714077929741,10.0,72.92562050000015,50.22347056017284,43.67221119965127,50.23536458435866,43.36779029010782,2.75,3.551,2.110251138969421,3.551,-0.13599999999999968,0.8010000000000002,-0.015000000000000124,0.004827941428332304,0.0031755103599654354,0.0048482792525869406,0.0031579112233430344,0.2146714077929739,0.2146714077929739,-0.0009484149634347661,-0.000948414963434578,,0.01360807560806983,0.013608075608069356,0.00035498097477454626,0.005246125342815858,0.0052461253428152,-0.009072341465645983,0.008271532831940485,0.008271532831941483,,0.012892045736591421,0.012892045736589346,-0.060479396012527976,0.010530016272304923,0.010530016272304337,-0.01036551733249963,0.0036615589342528596,0.0036615589342534525,,0.013250060672330626,0.013250060672329351,-0.030062207518876716,0.00788807080756039,0.007888070807559768,-0.009718929399072807,0.004675753191744137,0.004675753191744819,,0.013171297386468002,0.01317129738646655,-0.03675398898747999,0.008469298809804187,0.008469298809803573,-0.009861178744426706,0.0,0.0
2019-01-11,-0.0033603245999999642,0.005252114110000039,0.008967701110000004,0.3790327814999994,-0.013000000000000345,-0.07515401805625888,10.0,-0.0741487146398534,10.0,-0.06475477873235103,10.0,-0.07515401805625888,10.0,73.65786370000023,64.31207014007424,59.117506597170234,64.2631880061443,59.27707167074648,2.75,3.538,2.110251138969421,3.538,-0.013000000000000345,0.7879999999999998,-0.13599999999999968,0.008871114764181003,0.008227786295167967,0.0088207976998321,0.008237761188453992,-0.07515401805625888,-0.07515401805625888,-0.0011129926132669172,-0.0011129926132672442,-0.11733768264279464,0.011126131802307211,0.011126131802306915,-0.024066786957479852,0.00572705779817133,0.005727057798171054,,0.007354455664532014,0.007354455664531479,-0.1280732691615393,0.009700552658546007,0.009700552658545351,0.5102973849579255,0.014127254171673233,0.014127254171672926,,0.003120731525632548,0.003120731525632117,-0.12270547590216696,0.010413342230426609,0.010413342230426132,0.24311529900022283,0.009927155984922283,0.009927155984921991,,0.004052150836190431,0.004052150836189977,-0.12388639041922889,0.010256528524612877,0.010256528524612361,0.30189535791091743,0.01085117758600749,0.010851177586007196,,0.0,-0.0
2019-01-18,0.0029041045500000084,-0.0037970132900000397,0.01056930702999992,0.04412363570000011,0.007000000000000117,-0.5872532685571564,9.0,-0.587491957014484,9.0,-0.5611279405221581,9.0,-0.587253268557156,9.0,27.568692400000145,11.0409093770104,9.633866091082371,9.624770396886369,10.928854635417824,2.75,3.545,2.110251138969421,3.545,0.007000000000000117,0.7949999999999999,-0.013000000000000345,-0.002697533144682282,-0.002610516697754843,-0.0035519358793288276,-0.002456533817324847,-0.5872532685571564,-0.5872532685571564,-0.007059322425091007,-0.00705932242509119,-0.0024775069995992276,0.0059852886101891285,0.005985288610189046,-0.012175269748177269,0.0029597344098035924,0.0029597344098035473,-0.006610763281396008,0.0031624694932919414,0.0031624694932916426,0.01637071042546339,0.006444776700097741,0.006444776700098884,-0.001590235915145228,0.010971726155934322,0.010971726155934296,-0.024616742300614426,-0.001948426465899533,-0.001948426465899774,0.006946601712932082,0.006215032655143435,0.006215032655143966,-0.006882752831661248,0.006965730282868957,0.006965730282868922,-0.015613752791005218,-0.0008240293548774089,-0.0008240293548776624,0.00901990562968897,0.006265576345033382,0.0062655763450340475,-0.005718399110027724,0.007847049374943337,0.007847049374943304,-0.017594410483119244,0.0,-0.0
2019-01-25,-0.0010782682300000124,-0.0008048815100000217,-0.0010584081199999096,-0.055534357199999995,-0.08599999999999985,0.17199786778151338,9.0,0.1697828337382269,9.0,0.15043097809968997,9.0,0.17199786778151316,9.0,38.73344149999957,22.97231192721641,16.380156812340566,22.986395757575757,16.10901950448147,2.75,3.459,2.110251138969421,3.459,-0.08599999999999985,0.7090000000000001,0.007000000000000117,0.002017525041334168,0.0005812234233600133,0.0020451358640918215,0.0005642557168998195,0.17199786778151338,0.17199786778151338,-0.007359988220347509,-0.007359988220347105,3.9973458720359427,0.00564862380289697,0.005648623802896671,-0.005368955731759941,0.0030026838465734155,0.003002683846573355,-0.02170503261713177,0.0034574193961532385,0.003457419396154303,-2.649440215980236,0.006430815027962412,0.0064308150279614295,-0.008817952993413892,0.010284651691260608,0.010284651691260445,0.017498819795607964,-0.0019512844120971352,-0.0019512844120964008,0.6739528280278533,0.006039719415429691,0.00603971941542905,-0.007093454362586916,0.006643667768917012,0.0066436677689169004,-0.0021031064107619023,-0.0007613695742820534,-0.0007613695742812458,-0.057193641653926486,0.00612576045018689,0.006125760450186174,-0.00747284406136885,0.0074446842318326035,0.00744468423183248,0.0022093173546394677,0.0,0.0
2019-02-01,0.010872063930000009,0.025916632569999987,0.003184661239999942,0.29872758259999976,-0.12400000000000011,0.44369069884609735,9.0,0.4379501868341351,9.0,0.38701566685957833,9.0,0.4436906988460969,9.0,160.13468269999976,143.91153316643448,135.46458526929263,144.01125497025194,134.6731661177845,2.75,3.335,1.9867920720292203,3.335,-0.12400000000000011,0.585,-0.08599999999999985,0.022181041844716896,0.02021727158241623,0.022318076529232945,0.02016156309608071,0.44369069884609735,0.44369069884609735,-0.007428580304259781,-0.00742858030425967,0.0037182086869047047,0.005267822772453503,0.00526782277245301,0.00029658105314090956,0.003845892567879091,0.0038458925678790503,,0.006556381346035239,0.006556381346036239,-0.06531614745984476,0.009268051585358102,0.009268051585356263,0.05679818456367344,0.015092275606253133,0.015092275606253185,,-0.00043609947911227125,-0.0004360994791117157,-0.03079896938647003,0.007267937178905802,0.007267937178904636,0.028547382808407178,0.009469084087066112,0.009469084087066117,,0.0011022463024201803,0.0011022463024208343,-0.03839274856261247,0.007707962348325308,0.007707962348323994,0.03476255919456576,0.010706186221287257,0.010706186221287273,,0.0,0.0
2019-02-08,0.006188513519999994,0.04505892081000007,0.005226129560000015,0.001999637399999976,0.02400000000000002,-0.24582863129034993,9.0,-0.2504707121989085,9.0,-0.22032837503535685,9.0,-0.24582863129034882,9.0,15.598053800000343,8.590450220174404,4.364581656769953,8.329067140265446,4.933950005723638,2.75,3.359,1.9867920720292203,3.359,0.02400000000000002,0.609,-0.12400000000000011,-0.0025947276155930204,-0.002704986231677232,-0.002785207008545311,-0.0026126522840356713,-0.24582863129034993,-0.24582863129034993,-0.007712050026216707,-0.0077120500262166285,0.008955345633662916,0.004487098056311261,0.004487098056310823,0.013322109962602814,0.0032493348134900496,0.0032493348134901364,,0.002992641129281229,0.0029926411292815363,-0.004062066140710217,0.0055993408134129286,0.00559934081341189,0.01703331530682135,0.01119653350738737,0.01119653350738745,,-0.0023597044484677393,-0.002359704448467546,0.002446639746476349,0.005043219434862095,0.005043219434861357,0.015177712634712081,0.0072229341604387095,0.007222934160438793,,-0.0011821884213629663,-0.001182188421362748,0.0010147244512953048,0.005165566138143278,0.005165566138142475,0.015585945222576121,0.008097126016767413,0.008097126016767497,,0.0,-0.0
2019-02-15,-0.016270432380000033,-0.045321487420000084,0.01058468594000006,-0.003998072599999958,0.014000000000000234,0.5212497595358538,9.0,0.49264326361373545,9.0,0.4614769333306503,9.0,0.5212497595358534,9.0,11.774475500000335,18.63811095833144,8.268205838832968,18.980357575429224,7.434946650462543,2.75,3.373,1.9867920720292203,3.373,0.014000000000000234,0.6230000000000002,0.02400000000000002,0.0066852331017078145,0.005044882783981115,0.007015024000598717,0.005132504237086461,0.5212497595358538,0.5212497595358538,-0.012434455402222731,-0.012434455402222652,,-0.0006929753294933213,-0.0006929753294936634,0.002401974177073942,-0.0001684411380616502,-0.00016844113806152483,0.0017074920251260034,-0.015927090074057973,-0.015927090074057793,,-0.007277803917686663,-0.007277803917687401,0.0064462544685242274,-0.000644402619374923,-0.0006444026193747626,0.013810111613365537,-0.014180772738140352,-0.014180772738140222,,-0.003985389623589992,-0.003985389623590532,0.004424114322799085,-0.0004064218787182866,-0.00040642187871814373,0.00775880181924577,-0.014564962552042229,-0.014564962552042088,,-0.00470972076829126,-0.004709720768291843,0.004868985154858616,-0.0004587776416627466,-0.00045877764166259985,0.00909008997395212,0.0,0.0
2019-02-22,0.001435508100000038,0.01699587714000006,0.0036007776499999977,0.059855522100000336,-0.02300000000000013,-0.16395008751187556,9.0,-0.13671167223430514,9.0,-0.14617650440834695,9.0,-0.16395008751187579,9.0,88.09026489999997,75.39828713281939,71.28989189021483,75.21665962098407,71.33333918200404,2.75,3.35,1.9867920720292203,3.35,-0.02300000000000013,0.6000000000000001,0.014000000000000234,0.010604703268191263,0.01009366214461377,0.010460085129501244,0.009919499223099572,-0.16395008751187556,-0.16395008751187556,-0.01166141355646441,-0.01166141355646424,,-0.0007069120305061162,-0.0007069120305065387,,-0.00036742389433371935,-0.000367423894333618,,-0.01755384284006856,-0.01755384284006822,,-0.009843984137235392,-0.009843984137236613,,-0.0019191565085609113,-0.001919156508560778,,-0.014607628198266484,-0.01460762819826623,,-0.0052754480838707535,-0.005275448083871576,,-0.0011432902014473154,-0.0011432902014471978,,-0.015255795419462941,-0.015255795419462669,,-0.006280526015610974,-0.006280526015611884,,-0.0013139807890123064,-0.0013139807890121854,,0.0,-0.0
2019-03-01,0.011650365459999978,-0.010650398150000018,0.000725388259999904,0.043058760500000126,0.0009999999999998899,-0.030291301991071995,9.0,-0.03045147831733086,9.0,-0.036650375610177255,9.0,-0.030291301991071773,9.0,6.676140199999281,0.4166919183528579,-5.244268850011711,0.13162324356198596,-5.185761156118664,2.75,3.351,2.227219974296794,3.351,0.0009999999999998899,0.601,-0.02300000000000013,-0.001678408226334708,-0.002299086492700955,-0.0018229380995928046,-0.0022942574117781303,-0.030291301991071995,-0.030291301991071995,-0.01136944708553174,-0.010543599300159433,0.0047466347524611095,-0.0008249591866410471,-0.0008249591866411089,0.0395110189886201,0.00040184190599416457,0.00040184190599441757,,-0.01764473876834602,-0.015500117885135655,0.013864637503826188,-0.010145397108880547,-0.010145397108880452,0.0645077578481236,-0.001768797458744898,-0.0017687974587445266,,-0.014507092926938879,-0.013021858592647543,0.00930563612814365,-0.005485178147760797,-0.0054851781477607804,0.05200938841837185,-0.0006834777763753668,-0.0006834777763750546,,-0.01519737501204845,-0.013567075636994929,0.010308616430793806,-0.006510426319207142,-0.006510426319207108,0.05475902969291723,-0.0009222481064966637,-0.0009222481064963384,,0.0,-0.0
2019-03-08,-0.0011804292700000052,-0.01847327930999998,-0.0009064612299999331,0.10465390279999998,-0.08300000000000018,0.044915737122272814,9.0,0.04434971696756129,9.0,0.04080171735350002,9.0,0.04491573712227259,9.0,-33.32367859999977,-51.173320782784074,-56.786494991863265,-51.18051134609224,-56.79796772213496,2.75,3.268,2.227219974296794,3.268,-0.08300000000000018,0.5179999999999998,0.0009999999999998899,-0.010411919910795448,-0.01170878115392433,-0.010432067040998094,-0.011704700937559688,0.044915737122272814,0.044915737122272814,-0.011353858675802946,-0.011353858675802873,,-0.00445405373117151,-0.0044540537311715915,,0.00062459616802558,0.0006245961680257489,0.0014112044020580857,-0.017144255342892916,-0.01714425534289273,,-0.020522531229618543,-0.020522531229618935,,-0.0020718286946120297,-0.0020718286946117648,-0.007794604117232508,-0.014249057009347931,-0.014249057009347801,,-0.012488292480395027,-0.012488292480395263,,-0.0007236162632932248,-0.0007236162632930079,-0.003191699857587211,-0.014886000642727827,-0.014886000642727684,,-0.014255825005224201,-0.014255825005224472,,-0.0010202229981833618,-0.0010202229981831343,-0.004204338794709175,0.0,0.0
2019-03-15,0.006567823829999986,0.021810634750000002,-0.00742756866000005,0.11978841090000003,-0.07599999999999962,0.06599739533042137,9.0,0.06515782021562933,9.0,0.050908648259544886,9.0,0.0659973953304216,9.0,156.27373520000037,139.94011406554426,134.10799455082477,139.7491751078386,134.0451705412676,2.75,3.192,2.227219974296794,3.192,-0.07599999999999962,0.44200000000000017,-0.08300000000000018,0.02138518484651874,0.02000667446345236,0.02128622156534182,0.020007695110403075,0.06599739533042137,0.06599739533042137,-0.0077580672774152995,-0.00789673016164266,-0.47931207434916273,-0.004144776543441083,-0.004144776543441074,-0.0004449346013081311,0.0016206935245436371,0.001620693524543989,-0.02708808013327195,-0.015156425867173936,-0.015355785908653899,0.15408974461466643,-0.018790143060488443,-0.01879014306048845,0.005441105408494029,-0.001265168226069791,-0.0012651682260693185,-0.03508490911514981,-0.011457246572294619,-0.01162625803514828,-0.16261116486724814,-0.011467459801964763,-0.011467459801964761,0.002498085403592949,0.00017776264923692305,0.00017776264923733526,-0.03108649462421088,-0.012271066017168066,-0.012446754167319517,-0.09293696478122696,-0.013078450118839973,-0.013078450118839973,0.0031455498046711865,-0.00013968214333055405,-0.0001396821433301285,-0.03196614581221745,0.0,0.0
2019-03-22,0.0037919236100000253,0.01186518243000001,,,-0.1120000000000001,0.06361542132571363,9.0,0.05120619795152148,9.0,0.048286338386361205,9.0,0.06361542132571363,9.0,17.71485500000017,-4.28230490198872,-9.967965346300648,-4.500360887816559,-9.842324251679624,2.75,3.08,2.227219974296794,3.08,-0.1120000000000001,0.33000000000000007,-0.07599999999999962,-0.007036026776748033,-0.008270989625301513,-0.0071632004731548345,-0.008177151684078001,0.06361542132571363,0.06361542132571363,-0.00758864166287954,-0.007588641662879455,,-0.004124666017276166,-0.004124666017276245,,0.0017210762590255757,0.0017210762590256726,-0.13458289589203704,-0.014960363766347372,-0.014960363766347259,,-0.018571356660523182,-0.01857135666052338,,-0.0014723848159445769,-0.001472384815944415,-0.6196200304837496,-0.011274502714613456,-0.011274502714613357,,-0.011348011338899674,-0.011348011338899813,,0.00012434572154049943,0.00012434572154062878,-0.3771014631878933,-0.012085392145994918,-0.012085392145994814,,-0.012937147309656847,-0.012937147309656997,,-0.00022693499670621727,-0.00022693499670608088,-0.4304555479929817,0.0,0.0
2019-03-29,-9.461598999999099e-05,-0.002433112100000079,,,-0.17399999999999993,0.30928108447853564,9.0,0.305265664626754,9.0,0.2699327928514288,9.0,0.3092810844785361,9.0,9.510244899999634,-17.216264759611647,-24.227026755586962,-17.185399592286878,-24.684884250908702,2.75,2.906,2.227219974296794,2.906,-0.17399999999999993,0.15600000000000014,-0.1120000000000001,-0.006531779028814235,-0.008601409265438188,-0.006487795289479573,-0.008626423812300407,0.30928108447853564,0.30928108447853564,-0.008747415052049567,-0.008920900653683547,-0.003623716514320079,-0.0030837221907428153,-0.0030837221907428158,0.00024682134751248264,0.0007378922502823919,0.0007378922502823721,-0.0012960098189718744,-0.017231825620241798,-0.017473796773188076,-0.003716597542318222,-0.018132678499329,-0.018132678499329032,0.012045594268176835,-0.002697729899688387,-0.002697729899688426,0.0022083555276127616,-0.012989620336145683,-0.013197348713435812,-0.0036701570283191503,-0.010608200345035908,-0.010608200345035923,0.006146207807844658,-0.0009799188247029975,-0.000979918824703027,0.0004561728543204436,-0.013922905498646828,-0.014138167286581309,-0.003680373941398946,-0.012263585538980389,-0.012263585538980408,0.0074440728291177375,-0.0013578372611997833,-0.0013578372611998148,0.0008416530424447536,0.0,0.0
2019-04-05,0.01153899546999998,0.027869239729999995,0.005514253059999974,0.0017554885000006237,0.09499999999999975,-0.3275508042024864,9.0,-0.32330271270397537,9.0,-0.28460769165681743,9.0,-0.32755080420248706,9.0,71.6656554000001,74.08931912457781,70.06917447923281,73.98617126597513,70.63222967836528,2.75,3.001,2.564373595602822,3.001,0.09499999999999975,0.2509999999999999,-0.17399999999999993,0.012808935586266418,0.012876314778321758,0.012697093601476363,0.012913346313939623,-0.3275508042024864,-0.3275508042024864,-0.009617093988167996,-0.009168864359484004,-0.0004898381724383759,-0.005384891926036985,-0.005384891926036994,0.009080950383024406,-0.0006144526194898155,-0.000614452619489817,,-0.014326300551823278,-0.015070580647820707,-0.004699003098004603,-0.01942799679147245,-0.019427996791472522,0.03987836549635357,-0.00511420227537638,-0.005114202275376367,,-0.011971697269995637,-0.012119722503652355,-0.002594420635221489,-0.012406444358754718,-0.012406444358754758,0.024479657939688988,-0.0028643274474330974,-0.0028643274474330917,,-0.012489709991997718,-0.012768911295369393,-0.003057428777033774,-0.013951185893952618,-0.013951185893952667,0.027867373602155195,-0.0033592999095806196,-0.0033592999095806123,,0.0,-0.0
2019-04-12,0.0023393693200000065,-0.008002903949999918,0.035836657430000085,0.05297146649999984,0.08000000000000007,-0.2768600754772723,9.0,-0.2732697453434487,9.0,-0.24046721790388337,9.0,-0.27686007547727254,9.0,-34.349840900000345,-33.24628597573604,-37.552832969173686,-33.33638910912457,-37.0781178196513,2.75,3.081,2.564373595602822,3.081,0.08000000000000007,0.33099999999999996,0.09499999999999975,-0.005444843745501421,-0.005388508891714358,-0.0055409233405569166,-0.00535959630915467,-0.2768600754772723,-0.2768600754772723,-0.011509029523535018,-0.01006226854528341,-1.7640753291702909,-0.005768396124773895,-0.005768396124773991,,-0.00159864669090584,-0.0015986466909058764,,-0.021602700530755203,-0.020071620114780007,3.7616891214091153,-0.02001888476425466,-0.020018884764254723,,-0.004881552411078462,-0.004881552411078433,,-0.01655586502714511,-0.015066944330031709,0.9988068961194122,-0.012893640444514277,-0.012893640444514357,,-0.003240099550992151,-0.003240099550992155,,-0.017666168837939332,-0.016167973002676334,1.606640985683147,-0.014461194194857162,-0.014461194194857236,,-0.003601219180211139,-0.003601219180211136,,0.0,-0.0
2019-04-19,-0.005053544249999986,-0.0008308540900000549,-0.0033281038600000423,,0.019000000000000128,-0.0009035382582320839,9.0,-0.0008940118153477616,9.0,-0.00016977901524373173,9.0,-0.0009035382582314178,9.0,-54.813206799999534,-57.67365783718924,-63.69515248072442,-57.685086245075,-63.7241560885703,2.75,3.1,2.564373595602822,3.1,0.019000000000000128,0.3500000000000001,0.08000000000000007,-0.00732591014852538,-0.008159064862617806,-0.007322947838847079,-0.008161818638270249,-0.0009035382582320839,-0.0009035382582320839,-0.012784652008506496,-0.012255118174801549,,-0.0058701454131020216,-0.005870145413102112,,-0.0015967525373330345,-0.001596752537333084,0.0001042772868207932,-0.022818181309652977,-0.022352487734783245,,-0.019416540412844314,-0.019416540412844397,,-0.004727623281588385,-0.00472762328158851,-0.00382796879482282,-0.017801416659079736,-0.017303802954792398,,-0.012643342912973168,-0.012643342912973254,,-0.0031621879094607098,-0.003162187909460797,-0.0018618457540010135,-0.01890510488220585,-0.018414513606390383,,-0.01413344636294482,-0.014133446362944906,,-0.003506583691328798,-0.0035065836913288936,-0.002294392822981811,0.0,-0.0
2019-04-26,-0.0031362895300000027,-0.039897242819999956,-0.004350604660000035,,-0.052999999999999936,-0.030631045057363915,9.0,-0.030235775384253927,9.0,-0.026055897968483066,9.0,-0.03063104505736436,9.0,-70.87819930000023,-85.56791385552762,-90.81213634114005,-85.61695137819851,-90.7001540717651,2.75,3.047,2.564373595602822,3.047,-0.052999999999999936,0.29700000000000015,0.019000000000000128,-0.013910175415932443,-0.015090181860115457,-0.01396174837679634,-0.015076127318405132,-0.030631045057363915,-0.030631045057363915,-0.01351872170336389,-0.013389526113102354,0.0067417482109737685,-0.005862368070025257,-0.005862368070025282,,-0.0016024926041622097,-0.001602492604162334,0.0009046545528724757,-0.023164630763678314,-0.02293296839991667,0.017339837091103143,-0.01942389508806775,-0.019423895088067928,,-0.0045565583703211015,-0.004556558370321353,-0.009555731600611251,-0.018341676233521103,-0.018161247256509513,0.012040792651038456,-0.012643131579046504,-0.012643131579046604,,-0.0030795254872416555,-0.0030795254872418437,-0.004325538523869387,-0.019402726230155688,-0.019211025908059086,0.013206582427852687,-0.014134899551031178,-0.014134899551031296,,-0.003404472721519134,-0.003404472721519336,-0.005476181000752598,0.0,-0.0
2019-05-03,-0.0023167043200000292,0.016229024089999933,0.00618603605000001,0.008419993400000436,0.0029999999999996696,-0.02115614249190334,9.0,-0.020883818868268067,9.0,-0.017805342126813173,9.0,-0.021156142491902896,9.0,17.85042710000016,12.086727605833671,6.345515681199139,12.061932504160879,6.376081464459503,2.75,3.05,2.6935322378880997,3.05,0.0029999999999996696,0.2999999999999998,-0.052999999999999936,0.003804384091583959,0.002843782524117885,0.0037887845110706354,0.002848157488407652,-0.02115614249190334,-0.02115614249190334,-0.014076515736390698,-0.014090413753877514,,-0.0057039533074750405,-0.005703953307475167,0.003962424487798579,-0.0020121221443222606,-0.002012122144322327,-0.01196146649758395,-0.026434727546820063,-0.026442273494949983,,-0.01770246288848444,-0.0177024628884847,0.009427665718892588,-0.0036397563714008698,-0.003639756371401016,-0.011384299033273313,-0.02025562164160538,-0.02026634362441375,,-0.01170320809797974,-0.011703208097979935,0.006695045103345584,-0.002825939257861565,-0.0028259392578616717,-0.011672882765428633,-0.02161502494075261,-0.02162504819593172,,-0.013023044151890775,-0.013023044151890983,0.007296221638765925,-0.003004979022840212,-0.0030049790228403274,-0.01160939434435446,0.0,-0.0
2019-05-10,-0.008804319589999998,0.0006331883100000324,0.0013709548700000518,-0.16226200849999994,0.02200000000000024,-0.022222069030518155,9.0,-0.021935913976317112,9.0,-0.018733529659001213,9.0,-0.02222206903051882,9.0,-240.25556340000003,-243.0769058273539,-248.95300118298493,-243.0950470782285,-248.94120079145407,2.75,3.072,2.6935322378880997,3.072,0.02200000000000024,0.32200000000000006,0.0029999999999996696,-0.03876682764451157,-0.03944695647669015,-0.03877264146958018,-0.03944856696188519,-0.022222069030518155,-0.022222069030518155,-0.015971684116244174,-0.016149420434894778,-0.01816598733968178,-0.0075610931417925496,-0.007561093141792643,,-0.0018002017680005078,-0.0018002017680005737,-0.004549469955949426,-0.02616058625409349,-0.02584036810848194,-0.013111628840054521,-0.012839568988156427,-0.01283956898815646,,-0.002591489984131962,-0.002591489984132078,0.00099560334232278,-0.02106613518516883,-0.02099489427168836,-0.01563880808986815,-0.010200331064974488,-0.010200331064974552,,-0.002195845876066235,-0.002195845876066326,-0.001776933306813323,-0.022186914420332257,-0.022060898515782947,-0.015082828654909154,-0.010780963408074516,-0.010780963408074572,,-0.002282887579840695,-0.0022828875798407916,-0.0011669752440033804,0.0,-0.0
2019-05-17,-0.01817832926999996,-0.013537584499999977,0.08053635921000002,0.005256950799999771,-0.03600000000000003,-0.08061115609016967,9.0,-0.07956734600608217,9.0,-0.06957758003329295,9.0,-0.08061115609016922,9.0,-65.24264200000016,-78.28597347441342,-83.26447697265232,-78.34705329056365,-83.06783265130699,2.75,3.036,2.6935322378880997,3.036,-0.03600000000000003,0.28600000000000003,0.02200000000000024,-0.008826766498626357,-0.010262991487328664,-0.008892144712302484,-0.010236562872808098,-0.08061115609016967,-0.08061115609016967,-0.013964013063745843,-0.014524850190460983,,-0.0069306307722684,-0.0069306307722684,-0.019885355389046414,-0.0010738785802369088,-0.001073878580236981,,-0.02549673280722546,-0.025384016702678404,,-0.012428638969437238,-0.012428638969437238,-0.015072858785131607,-0.001872816495504517,-0.0018728164955046026,,-0.01973037293548565,-0.01995443344656969,,-0.00967963487085282,-0.00967963487085282,-0.01747910708708901,-0.0014733475378707129,-0.0014733475378707918,,-0.02099897210726841,-0.021148941762913608,,-0.010284415772541392,-0.010284415772541392,-0.01694973246065838,-0.0015612307085501498,-0.00156123070855023,,0.0,-0.0
2019-05-24,-0.0013700025000000227,-0.021264124810000062,-0.019933922260000014,-0.04694417219999991,-0.06800000000000006,0.30667548627303565,9.0,0.3026938765848586,9.0,0.26766388999496993,9.0,0.30667548627303565,9.0,-97.97071609999966,-108.2147574267192,-116.00436044105123,-108.14554436581402,-116.57382303569818,2.75,2.968,2.6935322378880997,2.968,-0.06800000000000006,0.21799999999999997,-0.03600000000000003,-0.016569560345601204,-0.018311538098476653,-0.016467160570468906,-0.01834956590062263,0.30667548627303565,0.30667548627303565,-0.011796947635987647,-0.012065974645551439,,-0.006146116766885621,-0.006146116766885636,0.004696344999752433,0.0009966398402297839,0.0009966398402297084,-0.00010958423937702859,-0.020702674836319733,-0.020270694227603758,,-0.01435055721865836,-0.014350557218658397,-0.02462789341657868,-0.004560514563333266,-0.004560514563333474,-0.0559843275126149,-0.01624981123615369,-0.0161683344365776,,-0.01024833699277199,-0.010248336992772016,-0.009965774208413124,-0.0017819373615517412,-0.001781937361551883,-0.028046955875995965,-0.01722944122819022,-0.017070853590603355,,-0.011150825442466991,-0.011150825442467021,-0.013191440434209546,-0.0023932243459436767,-0.0023932243459438333,-0.034193177636052126,0.0,0.0
2019-05-31,-0.005500910440000006,0.009311579930000091,-0.011174313360000077,-0.03766093650000002,-0.18199999999999994,0.11433496419418354,9.0,0.11284915931033623,9.0,0.10017760640906803,9.0,0.1143349641941831,9.0,17.17370260000007,-14.72240767505981,-20.136360769903668,-14.766066243873937,-20.181978998230285,2.75,2.786,2.6935322378880997,2.786,-0.18199999999999994,0.03600000000000003,-0.06800000000000006,-0.004737120741327962,-0.0068369089526519235,-0.004790962916011184,-0.0068245489954069285,0.11433496419418354,0.11433496419418354,-0.011499388587694902,-0.011753119145896402,,-0.006126262453681812,-0.006126262453681849,0.0027288495163210694,0.0012667931797555626,0.0012667931797556316,0.0030864050484042927,-0.022986009671486264,-0.02254325297079324,,-0.013221651103110235,-0.013221651103110296,0.060406019227920674,-0.005250623762456937,-0.005250623762456815,-0.0984776475303717,-0.01724269912959058,-0.01714818605834482,,-0.009673956778396024,-0.009673956778396072,0.031567434372120874,-0.0019919152913506874,-0.0019919152913505916,-0.047695621240983706,-0.018506227448807634,-0.01833510077908347,,-0.01045444952983315,-0.010454449529833201,0.037911923040396825,-0.002708831154994062,-0.0027088311549939605,-0.058867667024649066,0.0,0.0
2019-06-07,0.011344817140000019,0.029678533389999928,-0.00037391672999997905,-0.00999506119999971,-0.15399999999999991,-0.47287212230024034,9.0,-0.4667383457679164,9.0,-0.41115059187843195,9.0,-0.4728721223002401,9.0,176.64692130000003,137.3058108772949,136.3088064293753,137.0569929900158,137.44741295899567,2.75,2.632,2.273202152793542,2.632,-0.15399999999999991,-0.11799999999999988,-0.18199999999999994,0.015227153685796295,0.014322240517829099,0.014905948435857175,0.014421451604404188,-0.47287212230024034,-0.47287212230024034,-0.011086681150146827,-0.011550237076716072,,-0.006724220015878671,-0.006724220015878552,-0.016148888305146103,9.157860757270063e-05,9.157860757260022e-05,-0.0186738413219652,-0.02303853025897768,-0.021670452272446298,,-0.014547806205905837,-0.014547806205905593,0.010518595382562576,-0.008060351964613304,-0.008060351964613367,-0.01800980121163276,-0.017062605704562254,-0.016610344674581185,,-0.010636013110892253,-0.010636013110892073,-0.0028151464612917636,-0.003984386678520302,-0.0039843866785203835,-0.01834182126679898,-0.018377309106533648,-0.01772356834611151,,-0.011496607591795242,-0.011496607591795046,0.00011827674435619003,-0.004881099041460763,-0.00488109904146084,-0.01826877685466241,0.0,-0.0
2019-06-14,-0.0002546329199999975,-0.002301271729999943,0.0004083469200000245,0.08693871819999988,-0.0129999999999999,-0.10311404968313864,9.0,-0.10177824273155012,9.0,-0.08917265015725895,9.0,-0.1031140496831382,9.0,-3.928364800000054,-13.836623675594545,-18.811219149052945,-13.897435162048794,-18.593394880343958,2.75,2.619,2.273202152793542,2.619,-0.0129999999999999,-0.13099999999999978,-0.15399999999999991,-0.006971482874992272,-0.007352246263410418,-0.0070364569977840585,-0.007341271048573204,-0.10311404968313864,-0.10311404968313864,-0.010748942923633844,-0.011613591487988831,-0.012023121771174674,-0.00747517174169902,-0.0074751717416989575,-0.01512764931897894,0.00028225366019433594,0.000282253660194279,,-0.024131005449323433,-0.024388467903839813,0.013033029595634649,-0.01633809067314209,-0.016338090673141927,-0.011221296545922542,-0.00870931658127136,-0.00870931658127136,,-0.01743997418647864,-0.01800102969591432,0.0005049539122299876,-0.011906631207420556,-0.011906631207420443,-0.013174472932450741,-0.004213531460538512,-0.004213531460538541,,-0.018912001064304493,-0.01940626610165793,0.003261130562579013,-0.012881552289879293,-0.012881552289879169,-0.012744774127414538,-0.005202604187099739,-0.0052026041870997615,,0.0,-0.0
2019-06-21,0.015551002930000002,-0.008726391629999997,-0.011439663839999947,0.12914006789999988,0.046499999999999986,-0.22710882586296632,9.0,-0.24119583370204012,9.0,-0.2266444893075903,9.0,-0.22710882586296666,9.0,115.73574829999961,112.6144898263387,107.95733220029604,111.8362904236799,108.57719746361428,2.75,2.6655,2.273202152793542,2.6655,0.046499999999999986,-0.0844999999999998,-0.0129999999999999,0.01891055213165876,0.01844290465763093,0.018487299927663518,0.018609208879079853,-0.22710882586296632,-0.22710882586296632,-0.01206541636233261,-0.011992364529370688,-0.013518431920112374,-0.007830177372101274,-0.007830177372101114,,6.818018454185244e-05,6.818018454174534e-05,,-0.025849352586721216,-0.02602420814464342,0.10243014355654838,-0.01598718091124475,-0.015987180911244663,,-0.009220490242830334,-0.009220490242830623,,-0.01895738447452691,-0.019008286337007053,0.044455855818218,-0.011908679141673012,-0.011908679141672889,,-0.004576155029144241,-0.004576155029144439,,-0.02047361745920966,-0.020551789134687054,0.05721019912065068,-0.012805949530978794,-0.012805949530978678,,-0.005597908776155181,-0.0055979087761554,,0.0,-0.0
2019-06-28,-0.004702476700000013,0.028604589419999993,-0.002946742950000081,,0.01849999999999996,-0.09658448838947165,9.0,-0.09535241176363318,9.0,-0.08352850602056683,9.0,-0.09658448838947142,9.0,72.22449010000037,67.36125337509388,62.09740847755393,67.3135385350437,62.267188477133296,2.75,2.684,2.273202152793542,2.684,0.01849999999999996,-0.06599999999999984,0.046499999999999986,0.008577861008066155,0.00819661727261763,0.008533448822601897,0.008204178655746108,-0.09658448838947165,-0.09658448838947165,-0.012127208259712186,-0.0118690415524843,,-0.007002540202307419,-0.007002540202307331,,0.00025304345214475447,0.00025304345214460425,,-0.025610053382508362,-0.024171239736572904,,-0.014399844479776009,-0.014399844479775832,,-0.008053240958404161,-0.008053240958404304,,-0.018868630821110274,-0.0180201406445286,,-0.010701192341041714,-0.010701192341041582,,-0.0039000987531297034,-0.0039000987531298496,,-0.020351743784617852,-0.019373382444778348,,-0.011514895811563258,-0.011514895811563116,,-0.004813790038290084,-0.00481379003829023,,0.0,-0.0
2019-07-05,-1.1105500000163637e-06,-0.019342615580000055,-0.008432204359999917,,-0.03100000000000014,-0.14917019762777806,9.0,-0.14725577042735705,9.0,-0.12931909094183502,9.0,-0.14917019762777806,9.0,63.42798609999954,49.78541605353769,45.30932237196795,49.70004461022188,45.64255532249281,2.75,2.653,2.093752870161147,2.653,-0.03100000000000014,-0.09699999999999998,0.01849999999999996,0.0047325993182892375,0.004089435107422701,0.004635345017262226,0.0041149306004134465,-0.14917019762777806,-0.14917019762777806,-0.01224165691565607,-0.012712956837244356,0.04414413380660135,-0.007616138073755784,-0.0076161380737557,0.005313441783820855,0.0007898446382670298,0.0007898446382668385,,-0.02536282992757458,-0.01938827876604402,-0.01178371733738472,-0.013556201528485422,-0.013556201528485433,0.02616108845759948,-0.00875743203016976,-0.00875743203016994,,-0.018802243421615326,-0.016050617801644188,0.016180208234608313,-0.010586169801120603,-0.010586169801120567,0.015737265120710168,-0.003983793695951365,-0.003983793695951551,,-0.02024557245292636,-0.016784903213812152,0.010028144608769848,-0.011239576781140865,-0.011239576781140837,0.01803050625482582,-0.0050339941294794115,-0.005033994129479596,,0.0,-0.0
2019-07-12,0.001590753569999992,0.02732988623999999,0.0327682869,,0.03600000000000003,-0.006691350299663612,9.0,-0.0066257243182129555,9.0,-0.005251357472721874,9.0,-0.006691350299663723,9.0,-20.509626099999878,-20.83468807303476,-26.93900332092208,-20.842917611052908,-26.974558094649517,2.75,2.689,2.093752870161147,2.689,0.03600000000000003,-0.06099999999999994,-0.03100000000000014,-0.0031836593438503724,-0.0037215543920506825,-0.0031748054556061034,-0.0037293656538818524,-0.006691350299663612,-0.006691350299663612,-0.008878458408371889,-0.007642329555567637,,-0.007432141247935512,-0.007432141247935491,0.02801777838135507,-0.00035078853127958564,-0.0003507885312797649,-0.010359966680693222,-0.023788980992875325,-0.02590304083470198,,-0.011678423973316227,-0.01167842397331612,-0.0019684992416798873,-0.00837834769505826,-0.008378347695058448,0.0061227367318609964,-0.016333719700623608,-0.016772685195134807,,-0.00955528261062587,-0.009555282610625805,0.013024639569837591,-0.004364568113168923,-0.004364568113169106,-0.002118614974416113,-0.017973877184918986,-0.01878136343583959,,-0.010022373710417748,-0.010022373710417675,0.009726149031303746,-0.005247599621184576,-0.005247599621184761,-0.00030551759903514955,0.0,-0.0
2019-07-19,-0.001409019630000008,-0.015749725229999956,-0.01650413680000007,,0.01949999999999985,-0.062001094025540104,9.0,-0.061217770480283096,9.0,-0.05341397719847096,9.0,-0.06200109402554044,9.0,30.589936999999736,26.57839568260766,21.034438569914265,26.543745898535064,21.131550111432034,2.75,2.7085,2.093752870161147,2.7085,0.01949999999999985,-0.04150000000000009,0.03600000000000003,0.005260106730645844,0.004540769572590926,0.005233427493123535,0.004547562386613882,-0.062001094025540104,-0.062001094025540104,-0.007566211854031543,-0.0076452337532578974,0.0044178560016732895,-0.010036780120429389,-0.01003678012042935,0.001233889331195037,-0.0013155794977515898,-0.0013155794977517201,-0.006476164126223541,-0.02305964786916758,-0.022978465047974378,-0.005167230314728979,-0.014681264737315347,-0.014681264737315578,-0.00960106722509229,-0.008893206492029187,-0.008893206492029473,0.006818257768296238,-0.015312929861599562,-0.015311849400616138,-0.0003746871565278448,-0.012359022428872369,-0.012359022428872463,-0.0041835889469486265,-0.005104392994890388,-0.005104392994890597,0.0001710468210363485,-0.017017207823264525,-0.01699850484303495,-0.0014290466513320942,-0.012869915736729824,-0.012869915736729949,-0.005375434168140233,-0.005937931964260924,-0.00593793196426115,0.0016334332294335244,0.0,-0.0
2019-07-26,-0.003249826269999978,-0.012660943069999986,,-0.12241018570000062,-0.025500000000000078,-0.03819540132982058,9.0,-0.03772097973386768,9.0,-0.0326844556462752,9.0,-0.038195401329820355,9.0,-79.23719559999972,-89.78936990409179,-95.18159465212968,-89.83196730781364,-95.08407660076112,2.75,2.683,2.093752870161147,2.683,-0.025500000000000078,-0.06700000000000017,0.01949999999999985,-0.015598717544659767,-0.01645743410386478,-0.015639327862173487,-0.016449334552437484,-0.03819540132982058,-0.03819540132982058,-0.008004254631996112,-0.007992211780236671,,-0.010031497772497887,-0.010031497772497754,-0.04061289715715026,-0.0012805159146617336,-0.0012805159146618227,,-0.022566988139023195,-0.022571551108276466,,-0.014768280106574303,-0.014768280106573809,-0.0024070380708116285,-0.008729086920715072,-0.008729086920715114,,-0.015285621385509655,-0.01528188144425657,,-0.012399888939536096,-0.01239988893953578,-0.021509967613980944,-0.005004801417688403,-0.005004801417688469,,-0.016887522071282635,-0.016885608770340947,,-0.012920934996284501,-0.012920934996284147,-0.017307323114483696,-0.00582414422835427,-0.00582414422835433,,0.0,-0.0
2019-08-02,-0.027238972059999977,-0.029118304409999962,,-0.3138434609999994,-0.10949999999999971,0.2048358494742447,9.0,0.2021567049011811,9.0,0.1789423016925611,9.0,0.20483584947424505,9.0,-380.46359480000046,-399.22988319726966,-405.90410337699,-399.2144198009341,-406.21678442161584,2.75,2.5735,2.022962884417377,2.5735,-0.10949999999999971,-0.17649999999999988,-0.025500000000000078,-0.06578326755465258,-0.06760791126554609,-0.06575353559290613,-0.0676223338490087,0.2048358494742447,0.2048358494742447,-0.009916721401338242,-0.009469762544065142,,-0.013199781711230756,-0.013199781711230773,,-0.0029314100465857246,-0.0029314100465858556,0.0007052141717107347,-0.02288932417513029,-0.023656708841908316,,-0.01722251845144172,-0.01722251845144145,,-0.009942937054458551,-0.00994293705445882,-0.143449510397868,-0.016403022788234266,-0.01656323569298673,,-0.015211150081336238,-0.015211150081336111,,-0.0064371735505221375,-0.006437173550522338,-0.07137214811307863,-0.017830009093351393,-0.01812379978574948,,-0.015653651122759443,-0.015653651122759286,,-0.007208441521388148,-0.007208441521388364,-0.08722916781573228,0.0,0.0
2019-08-09,-0.0019038524900000242,0.004709128419999931,,-0.0803953338000003,-0.16700000000000026,0.06425198265922305,9.0,0.06339705009523444,9.0,0.05652467939178185,9.0,0.0642519826592226,9.0,-142.9242747999997,-173.48805036886114,-178.62062666995342,-173.54551074577273,-178.57892692118983,2.5,2.4065,2.022962884417377,2.4065,-0.16700000000000026,-0.09350000000000014,-0.10949999999999971,-0.025450760036204986,-0.028028506057716382,-0.02551966535644352,-0.027999688032814413,0.06425198265922305,0.06425198265922305,-0.010560182856250955,-0.010560182856251004,,-0.013114503407763732,-0.013114503407763782,0.024978932865990594,-0.0029318729184410353,-0.002931872918441183,,-0.021562311405615982,-0.021562311405615917,,-0.017419505284914556,-0.0174195052849144,-0.06993770674911635,-0.009822226924529692,-0.009822226924529958,,-0.01606124713093347,-0.01606124713093346,,-0.015267004346339144,-0.01526700434633909,-0.02247938694156288,-0.006377049921485364,-0.00637704992148557,,-0.01727148127136362,-0.0172714812713636,,-0.015740554552825733,-0.01574055455282566,-0.03292021729922464,-0.0071349888621551165,-0.007134988862155336,,0.0,0.0
2019-08-16,-0.002762211229999978,-0.014633665870000034,,0.32021857099999984,-0.17300000000000004,0.28691219294754855,9.0,0.2831680282209136,9.0,0.25041274167102845,9.0,0.28691219294754877,9.0,-155.48740439999983,-182.5079142611509,-189.3501514663791,-182.48586923939462,-189.76258836013184,2.5,2.2335,2.022962884417377,2.2335,-0.17300000000000004,-0.2665000000000002,-0.16700000000000026,-0.031829751766431935,-0.03423064018550865,-0.03179578406304549,-0.03424579425130055,0.28691219294754855,0.28691219294754855,-0.009269116369255226,-0.00926911636925529,,-0.013226637262734858,-0.013226637262734953,0.006236485874499714,-0.0031647595009316326,-0.0031647595009317753,,-0.02532318526508613,-0.02532318526508607,,-0.018760736953776905,-0.018760736953777044,-0.01544276281520222,-0.011263146742465226,-0.011263146742465452,,-0.017296150817170678,-0.01729615081717068,,-0.015993687108255883,-0.015993687108255997,-0.004603138470351253,-0.0072139531216984295,-0.007213953121698613,,-0.019062098395712077,-0.019062098395712067,,-0.016602438074270507,-0.01660243807427063,-0.006987855826218466,-0.008104775718267124,-0.008104775718267319,,0.0,0.0
2019-08-23,-0.00029287191999999296,-0.006342981529999903,0.0007468041299999451,0.007877215199999732,0.000500000000000167,-0.0025460804272754434,9.0,-0.0025342433424697663,9.0,-0.0016417392919918505,9.0,-0.0025460804272756654,9.0,-18.80700390000038,-24.586302887363313,-30.45557336370857,-24.606174089104965,-30.46052315505017,2.5,2.234,2.022962884417377,2.234,0.000500000000000167,-0.266,-0.17300000000000004,-0.00013273203928522046,-0.0013480020463867448,-0.00014085553127788242,-0.0013424276059147296,-0.0025460804272754434,-0.0025460804272754434,-0.009661032471965769,-0.009661032471965803,,-0.01228681073507092,-0.01228681073507096,-0.053175207436638006,-0.002978016815825708,-0.002978016815825838,-0.0054151120790240604,-0.025008706832472874,-0.025008706832472895,,-0.017961182609523327,-0.01796118260952262,-0.06559288866190909,-0.011859443824128455,-0.011859443824128698,0.03769031525090235,-0.017334869652219323,-0.01733486965221935,,-0.015123996672297123,-0.015123996672296788,-0.059384048049273545,-0.007418730319977081,-0.007418730319977268,0.016137601585939146,-0.019023113831875105,-0.01902311383187513,,-0.01574817757848689,-0.01574817757848647,-0.06074999298405336,-0.008395687290890384,-0.008395687290890583,0.02087919859223105,0.0,-0.0
2019-08-30,0.001819722349999997,-0.01230583947000008,-0.0028431275399999345,,-0.04599999999999982,-0.020311522737513688,9.0,-0.02006916180994356,9.0,-0.017111531495123122,9.0,-0.020311522737513465,9.0,61.965580500000215,48.57538766116713,43.19680667315194,48.531753449891454,43.279943715590775,2.5,2.188,2.022962884417377,2.188,-0.04599999999999982,-0.31199999999999983,0.000500000000000167,0.008142239266025078,0.007051352590896888,0.008098955596225477,0.007061601454271583,-0.020311522737513688,-0.020311522737513688,-0.01074598470471224,-0.01074598470471226,,-0.012821919188974993,-0.012821919188975293,,-0.003130759114319796,-0.003130759114319899,,-0.02480468831939247,-0.024804688319392407,,-0.01838720100131634,-0.018387201001316526,,-0.011973440663369967,-0.011973440663370154,,-0.017775336512052355,-0.017775336512052334,,-0.015604560095145667,-0.015604560095145908,,-0.007552099888844881,-0.007552099888845027,,-0.01932179390966718,-0.01932179390966715,,-0.016216741094503218,-0.016216741094503443,,-0.0085247948592404,-0.008524794859240554,,0.0,-0.0
2019-09-06,0.011784691869999975,0.014312655890000081,0.007809225749999982,,0.06199999999999983,-0.11967956339278196,9.0,-0.11814780577134998,9.0,-0.10363923588463719,9.0,-0.11967956339278218,9.0,152.51132039999993,153.9690277740465,148.55916168078025,153.928965201544,148.72872028008103,2.5,2.25,1.8376642722075107,2.25,0.06199999999999983,-0.25,-0.04599999999999982,0.027061875272551796,0.02681584365970199,0.02703088924590628,0.02682214915888454,-0.11967956339278196,-0.11967956339278196,-0.010690093079596395,-0.010690093079596686,,-0.013041986853187956,-0.013041986853188239,-0.0020670049711827873,-0.006199447281505726,-0.006199447281505766,,-0.0245055592932376,-0.024505559293237538,,-0.018373468849334412,-0.018373468849334558,0.02581086281772215,-0.020138334032798515,-0.02013833403279857,,-0.017597826186416997,-0.01759782618641711,,-0.015707727851261184,-0.0157077278512614,0.011871928923269682,-0.01316889065715212,-0.013168890657152169,,-0.01911752746991753,-0.019117527469917607,,-0.016294190870837295,-0.016294190870837492,0.014938494380049223,-0.014702168199794327,-0.014702168199794377,,1.0,-0.11967956339278196
2019-09-13,0.01245856515999999,0.004512280119999934,-0.010012026730000012,,0.41900000000000004,-0.48908232716367916,9.0,-0.4827572104383668,9.0,-0.425307781761748,9.0,-0.4890823271636791,9.0,68.31669779999993,118.03146070109818,112.84082074294834,117.98817824841083,113.3807613802522,2.5,2.669,1.8376642722075107,2.669,0.41900000000000004,0.16900000000000004,0.06199999999999983,0.02694156020987612,0.029114900219769688,0.026932296686698665,0.029122123465570533,-0.48908232716367916,-0.48908232716367916,-0.010546336768144196,-0.010546336768144138,,-0.012002715984517713,-0.012002715984518197,,-0.005990892041717857,-0.005990892041717872,0.002487673605294521,-0.023789534976699042,-0.023789534976699167,,-0.018339430619288135,-0.01833943061928838,,-0.018832204995008026,-0.018832204995008067,0.008302716383909094,-0.01716793587242162,-0.01716793587242165,,-0.015171073301902923,-0.015171073301903289,,-0.01241154851836294,-0.012411548518362969,0.005395194994601807,-0.018624687675362652,-0.018624687675362704,,-0.01586811191172767,-0.01586811191172801,,-0.01382409294322486,-0.01382409294322489,0.006034849700249411,1.0,-0.48908232716367916
2019-09-20,-0.019049000930000004,0.004478753410000036,0.007515278189999974,,-0.2490000000000001,0.40594065642614763,9.0,0.4006519819529913,9.0,0.3540603494320079,9.0,0.4059406564261476,9.0,-61.52239499999996,-98.00363776219518,-105.21086597774624,-97.96608232679162,-105.78572831497982,2.5,2.42,1.8376642722075107,2.42,-0.2490000000000001,-0.08000000000000007,0.41900000000000004,-0.023219921720380537,-0.025660085203361466,-0.023172096774731626,-0.0256910242829732,0.40594065642614763,0.40594065642614763,-0.010027823133001459,-0.01002782313300145,,-0.011423954516119363,-0.011423954516119559,,-0.006229628015993678,-0.006229628015993747,,-0.026865416934632597,-0.026865416934632878,,-0.019057633738801854,-0.019057633738802055,,-0.018515058498654036,-0.01851505849865412,,-0.01844662003381703,-0.018446620033817165,,-0.015240794127460608,-0.015240794127460808,,-0.012372343257323858,-0.012372343257323934,,-0.02029875535199645,-0.02029875535199662,,-0.01608049884195568,-0.016080498841955882,,-0.013723740610416497,-0.013723740610416573,,1.0,0.40594065642614763
2019-09-27,-0.005719941549999996,0.00151064698000003,0.0024967485400000378,,0.1280000000000001,-0.13519471634372415,9.0,-0.13346163456627802,9.0,-0.11714952107537246,9.0,-0.13519471634372415,9.0,40.81094699999994,52.25184519105642,46.46653721117698,52.23056008588509,46.59535473297181,2.5,2.548,1.8376642722075107,2.548,0.1280000000000001,0.04800000000000004,-0.2490000000000001,0.013996305903540117,0.01379714160113098,0.013995323061698196,0.013800596473219608,-0.13519471634372415,-0.13519471634372415,-0.011122223428107604,-0.011122223428107519,,-0.012568656017605758,-0.01256865601760591,,-0.006122125217750994,-0.006122125217750947,-0.030712196311807598,-0.027621314768186203,-0.027621314768186103,,-0.020422719954493004,-0.020422719954493396,,-0.018405232347311774,-0.018405232347311666,0.011390652916903322,-0.019371769098146904,-0.01937176909814681,,-0.016495687986049383,-0.016495687986049654,,-0.012263678782531384,-0.012263678782531307,-0.009660771697452138,-0.02118666914555555,-0.021186669145555455,,-0.017359635019106978,-0.017359635019107277,,-0.013614820566783068,-0.013614820566782987,-0.005029458282293937,1.0,-0.13519471634372415
2019-10-04,0.0029084288400000324,0.013603727079999905,,,-0.19300000000000006,0.21608729627072987,9.0,0.2132621532639154,9.0,0.18873983675454442,9.0,0.21608729627072987,9.0,-118.18382440000005,-149.74889142108685,-155.88209243186037,-149.76025945709145,-156.12589381609484,2.5,2.355,1.8667061727788214,2.355,-0.19300000000000006,-0.14500000000000002,0.1280000000000001,-0.031032949625003657,-0.033009626954164414,-0.031045020510596884,-0.033017310339423164,0.21608729627072987,0.21608729627072987,-0.011928224677222187,-0.011928224677221998,,-0.012518481683960726,-0.01251848168396079,,-0.0066732024568813,-0.00667320245688132,0.0008122474716365528,-0.029768971816990994,-0.029768971816990487,,-0.01799842716933864,-0.0179984271693383,,-0.017914869894702062,-0.0179148698947021,0.0051715333741745384,-0.02084859824710659,-0.02084859824710624,,-0.015258454426649684,-0.015258454426649547,,-0.012294036175791681,-0.01229403617579171,0.0029918904229055457,-0.02281108043248116,-0.022811080432480778,,-0.015861248430041254,-0.015861248430041074,,-0.013530619593951965,-0.013530619593951996,0.003471411872184724,1.0,0.21608729627072987
2019-10-11,0.007924200140000004,0.018760177890000063,,,0.16400000000000015,-0.14917019762777883,9.0,-0.1472557704273577,9.0,-0.12931909094183536,9.0,-0.1491701976277786,9.0,28.15056260000074,44.925940515477706,38.979294467786744,44.91287417161997,39.09729715936342,2.5,2.519,1.8667061727788214,2.519,0.16400000000000015,0.019000000000000128,-0.19300000000000006,0.015189402892420455,0.015048676328422786,0.01520208711615922,0.015051043709891274,-0.14917019762777883,-0.14917019762777883,-0.012319635152992192,-0.012319635152992026,,-0.013286882405815338,-0.013286882405815503,0.008919732548390447,-0.006429140665955025,-0.006429140665955,0.020266706178754937,-0.030224407933308127,-0.0302244079333076,,-0.021969744506120503,-0.02196974450612068,0.001590324023149897,-0.01720959164950439,-0.017209591649504342,0.06198183794735942,-0.02127202154315016,-0.021272021543149812,,-0.01762831345596792,-0.01762831345596809,0.005255028285770172,-0.011819366157729709,-0.011819366157729671,0.041124272063057174,-0.02324154654898491,-0.023241546548984526,,-0.018583428287001488,-0.018583428287001658,0.0044487933479937115,-0.013005215765920139,-0.013005215765920099,0.04571293655760367,1.0,-0.14917019762777883
2019-10-18,0.001601372919999955,0.022020736510000027,,-0.14439982319999967,0.020999999999999908,0.10049348497210964,9.0,0.0991682837688822,9.0,0.08808305548616979,9.0,0.10049348497210986,9.0,59.20944039999995,58.70074815057344,51.86476915287486,58.726300194975494,51.62396895909336,2.5,2.54,1.8667061727788214,2.54,0.020999999999999908,0.040000000000000036,0.16400000000000015,0.011162746337168994,0.01033799540642896,0.011214905282087162,0.010316238392576352,0.10049348497210964,0.10049348497210964,-0.012138420680526814,-0.012138420680526719,,-0.01394978993750719,-0.013949789937507229,0.0033407781514623877,-0.006403436984972601,-0.006403436984972642,,-0.02934646423730336,-0.029346464237302868,,-0.023243009072104907,-0.02324300907210455,0.01318691018256191,-0.016468153082232297,-0.016468153082232328,,-0.020742442458915086,-0.020742442458914795,,-0.01859639950480605,-0.01859639950480589,0.008263844167012148,-0.01143579503360245,-0.011435795033602484,,-0.022635327250160507,-0.02263532725016017,,-0.0196186536096118,-0.019618653609611594,0.009346918690433095,-0.012542913804301016,-0.01254291380430105,,1.0,0.10049348497210964
2019-10-25,0.01214540630000005,0.008170282549999963,,-0.4671001303000004,0.01200000000000001,-0.011191929018257385,9.0,-0.011067903663306788,9.0,-0.009170371497515761,9.0,-0.011191929018257607,9.0,27.947568099999444,23.788221612310622,17.90036898307718,23.769440992311132,17.900617303468206,2.5,2.552,1.8667061727788214,2.552,0.01200000000000001,0.052000000000000046,0.020999999999999908,0.0034158834771104694,0.002772131397278033,0.003409130835964722,0.002768751120296678,-0.011191929018257385,-0.011191929018257385,-0.012153628591182008,-0.012153628591182028,,-0.014784019912403214,-0.014784019912403594,,-0.006291669822431137,-0.006291669822431129,-0.056984400225848934,-0.02945067221142728,-0.029450672211427116,,-0.02355715144543282,-0.02355715144543373,,-0.01681003046827041,-0.01681003046827039,0.0073271834298037075,-0.020802150401304644,-0.02080215040130457,,-0.019170585678918016,-0.01917058567891866,,-0.011550850145350773,-0.01155085014535076,-0.024828608398022613,-0.022704825199531625,-0.02270482519953153,,-0.020135630147551275,-0.02013563014755198,,-0.012707869816393092,-0.012707869816393078,-0.017754334195900823,1.0,-0.011191929018257385
2019-11-01,0.013302996149999968,-0.006876874040000036,,0.0018722914999997897,0.028000000000000025,-0.01202098299273524,9.0,-0.011886199858455182,9.0,-0.009892295133661522,9.0,-0.012020982992735463,9.0,125.98582510000051,124.30563235805553,118.30365325626508,124.2924801496991,118.28795725041155,2.5,2.58,1.8531784020947584,2.58,0.028000000000000025,0.08000000000000007,0.01200000000000001,0.021647744042485026,0.021008552954524293,0.021649680940201605,0.021004051622976288,-0.01202098299273524,-0.01202098299273524,-0.012857237490806523,-0.01285723749080646,,-0.015077848815305743,-0.015077848815305437,,-0.006101974021069494,-0.006101974021069441,,-0.03085057589479724,-0.030850575894797002,,-0.025479213065236962,-0.025479213065236386,,-0.01645713667897185,-0.016457136678971765,,-0.02185390669280188,-0.021853906692801732,,-0.020278530940271353,-0.020278530940270913,,-0.011279555350020672,-0.011279555350020603,,-0.02383317391724086,-0.02383317391724069,,-0.02142268100776379,-0.021422681007763317,,-0.012418623242389931,-0.012418623242389858,,1.0,-0.01202098299273524
2019-11-08,-0.008810665240000015,0.012581516600000064,,-0.12447918179999995,0.08299999999999974,-0.2186922952018453,9.0,-0.21587575136340664,9.0,-0.1898575444300883,9.0,-0.2186922952018452,9.0,-33.023589500000526,-30.281918724728335,-35.06977771530435,-30.35053843619185,-34.71850700520537,2.25,2.663,1.8531784020947584,2.663,0.08299999999999974,0.4129999999999998,0.028000000000000025,-0.006350071168126165,-0.006222461601555353,-0.006417195159915522,-0.006205652968926277,-0.2186922952018453,-0.2186922952018453,-0.010498311755076215,-0.010498311755076279,,-0.014853436261085913,-0.014853436261085822,-0.15874998261656667,-0.0073504997028182705,-0.00735049970281832,-0.48056215717938017,-0.030377809217677743,-0.03037780921767756,,-0.02646157079811698,-0.026461570798116587,-0.5793818212687186,-0.014327590153826598,-0.014327590153826624,0.371012647146207,-0.020438060486376978,-0.02043806048637692,,-0.020657503529601447,-0.020657503529601204,-0.36906590194264266,-0.010839044928322435,-0.010839044928322472,-0.054774755016586574,-0.022624805207263145,-0.02262480520726306,,-0.021934398328674866,-0.02193439832867459,-0.41533540419437937,-0.01160652487793335,-0.011606524877933386,0.038898473459228006,1.0,-0.2186922952018453
2019-11-15,-0.0022983045299999616,-0.03708336440000004,-0.009281829609999903,-0.3000142513999995,-0.06899999999999995,0.11695612817959755,9.0,0.11541730821540808,9.0,0.10241839626107119,9.0,0.11695612817959722,9.0,-77.11451639999996,-91.3310864714458,-97.61810021855038,-91.33286319557749,-97.79363013387399,2.25,2.594,1.8531784020947584,2.594,-0.06899999999999995,0.34399999999999986,0.08299999999999974,-0.01575223937174797,-0.017169689193226558,-0.015742291479732745,-0.017177709056002608,0.11695612817959755,0.11695612817959755,-0.011186741499688669,-0.011186741499688665,,-0.01389760731507126,-0.013897607315071206,0.003696129106036108,-0.007211780146524648,-0.00721178014652465,,-0.02770832997385348,-0.02770832997385344,,-0.025459223081657482,-0.025459223081657323,0.17068058286008367,-0.014938831452780117,-0.014938831452780068,,-0.019447535736771077,-0.019447535736771052,,-0.01967841519836437,-0.019678415198364264,0.08718835598305989,-0.011075305799652383,-0.011075305799652359,,-0.021264910468929202,-0.021264910468929178,,-0.020950192932688856,-0.020950192932688738,0.10555664589600512,-0.011925281443340483,-0.011925281443340454,,1.0,0.11695612817959755
2019-11-22,-0.011676920500000021,-0.003676149599999956,,,-0.054999999999999716,0.037130074065590546,9.0,0.036627074568222784,9.0,0.03290746329500105,9.0,0.03713007406559099,9.0,30.471599999999853,16.833040830997493,11.06960239246595,16.807154106452877,11.043807091647512,2.25,2.539,1.8531784020947584,2.539,-0.054999999999999716,0.28900000000000015,-0.06899999999999995,0.003645343288395671,0.002302695245263047,0.0036248969646354616,0.0023072065733435636,0.037130074065590546,0.037130074065590546,-0.011083740920576391,-0.011083740920576492,-2.1714855052439472,-0.01283520854272459,-0.012835208542724581,0.008374439534890539,-0.007415183673321073,-0.00741518367332108,-0.012103045300356002,-0.028830029904947332,-0.028830029904947433,1.5497322672054672,-0.022783793186286205,-0.022783793186286108,0.05443828237654214,-0.015056964692078059,-0.015056964692078028,0.001575149017836869,-0.01995688541276186,-0.019956885412761964,-0.31087661901924,-0.017809500864505397,-0.017809500864505345,0.03140636095571634,-0.011236074182699566,-0.011236074182699554,-0.005263948141259567,-0.021908977201042665,-0.021908977201042765,0.09845733595019557,-0.018903845175297175,-0.018903845175297113,0.03647338366829802,-0.012076670094762834,-0.012076670094762819,-0.0037593467662583504,1.0,0.037130074065590546
2019-11-29,-0.0014710539400000222,-0.003126847009999989,,,-0.017000000000000348,-0.0408009995353209,9.0,-0.04029276777576274,9.0,-0.03495335850273351,9.0,-0.040800999535321236,9.0,35.87264460000006,26.59396464783032,21.158175064496326,26.553562587959867,21.251703146013774,2.25,2.522,1.8531784020947584,2.522,-0.017000000000000348,0.2719999999999998,-0.054999999999999716,0.0034559004468219623,0.0026462790310316543,0.0034187860113685316,0.002653393479972014,-0.0408009995353209,-0.0408009995353209,-0.011428775568070397,-0.011428775568070444,0.103285179968944,-0.012729122912361678,-0.012729122912361682,0.017796653487936118,-0.007382287443658888,-0.007382287443658911,,-0.028930460830830805,-0.028930460830830833,-0.00818087591209288,-0.02313073443369892,-0.023130734433698893,-0.1142083187830741,-0.014125004195908257,-0.014125004195908215,,-0.0201796181994506,-0.02017961819945064,0.04755215202842556,-0.0179299286730303,-0.01792992867303029,-0.04820583264756899,-0.010753645819783572,-0.010753645819783563,,-0.022104803578354246,-0.02210480357835428,0.035290885881511504,-0.019074105940377395,-0.01907410594037738,-0.06272637959738012,-0.011495344662531003,-0.011495344662530986,,1.0,-0.0408009995353209
2019-12-06,0.007297404790000017,-0.0034789935800000338,,0.03705111220000035,0.02100000000000035,-0.17108090981040702,9.0,-0.16888216987057691,9.0,-0.14839850132569776,9.0,-0.1710809098104069,9.0,-27.022535600000083,-32.99442544974685,-37.6899759481985,-33.06855812981748,-37.368797076093074,2.25,2.543,1.8859222926663965,2.543,0.02100000000000035,0.29300000000000015,-0.017000000000000348,-0.006369368675184291,-0.006807747855174767,-0.00644792323120765,-0.0067855459814947765,-0.17108090981040702,-0.17108090981040702,-0.013163910117294963,-0.013163910117295051,,-0.013305314854584187,-0.013305314854584173,0.004259327934827574,-0.008245429021062973,-0.00824542902106294,,-0.032192113604945796,-0.03219211360494607,,-0.022966518283784546,-0.022966518283784532,0.01600506584176057,-0.013630757334971185,-0.013630757334971096,,-0.02267801186112038,-0.022678011861120558,,-0.018135916569184368,-0.018135916569184354,0.010132196888294072,-0.01093809317801708,-0.010938093178017017,,-0.02477111424476197,-0.02477111424476217,,-0.019198648946396408,-0.01919864894639639,0.011424228058056702,-0.011530479292546983,-0.011530479292546915,,1.0,-0.17108090981040702
2019-12-13,-0.0048346998600000135,0.00439962819999995,,-0.03525539120000065,-0.05600000000000005,0.06354136496681317,9.0,0.0626956533565356,9.0,0.0559058877036569,9.0,0.06354136496681329,9.0,49.981098700000075,36.71785972058965,30.753800537284736,36.70129679009076,30.67445510798983,2.25,2.487,1.8859222926663965,2.487,-0.05600000000000005,0.2370000000000001,0.02100000000000035,0.005915069833756005,0.004645742104716275,0.005906568105774369,0.004644170623382627,0.06354136496681317,0.06354136496681317,-0.011839018256835613,-0.011839018256835697,0.3310626230971998,-0.012729059110907253,-0.012729059110907206,,-0.008835613481723379,-0.008835613481723313,,-0.027355429606903223,-0.02735542960690336,0.1843758399348115,-0.02364179584099716,-0.023641795840997116,,-0.014876686843434059,-0.014876686843433939,,-0.01959722393186942,-0.01959722393186953,0.2577192315160056,-0.018185427475952205,-0.01818542747595216,,-0.011856150162578719,-0.011856150162578627,,-0.021304029180376854,-0.021304029180376972,0.24158368536814295,-0.019385828516262096,-0.01938582851626205,,-0.012520668232366894,-0.012520668232366795,,1.0,0.06354136496681317
2019-12-20,0.007001914679999999,0.01845040697,,0.11531059640000052,0.020999999999999908,-0.05465804453730827,9.0,-0.05397000418039388,9.0,-0.04701979642117682,9.0,-0.05465804453730838,9.0,177.70669480000015,174.07685608026418,168.4637123786901,174.04545784596618,168.54397305551996,2.25,2.508,1.8859222926663965,2.508,0.020999999999999908,0.258,-0.05600000000000005,0.028464492070219408,0.02789895439895196,0.028441904755427978,0.027901658079489678,-0.05465804453730827,-0.05465804453730827,-0.011741205431043794,-0.01174120543104388,,-0.013388080309644557,-0.013388080309644501,0.011244913942080432,-0.008998013137835992,-0.008998013137835966,,-0.026892906005724648,-0.02689290600572475,,-0.025302321543116547,-0.025302321543116502,-0.0006166697644247037,-0.014740359272800794,-0.014740359272800705,,-0.01931705571838422,-0.019317055718384317,,-0.019345200926380552,-0.0193452009263805,0.005314122088827864,-0.011869186205318393,-0.011869186205318336,,-0.020983742781599115,-0.02098374278159921,,-0.02065576746206247,-0.02065576746206242,0.004009347881112299,-0.01250084428016452,-0.012500844280164458,,1.0,-0.05465804453730827
2019-12-27,0.017435993149999995,0.03459096756000002,,0.08899252809999947,-0.0040000000000000036,-0.22475231162014697,8.0,-0.21948716148223163,8.0,-0.2062487813562116,8.0,-0.2247523116201468,8.0,82.21887479999987,71.26755318892589,67.21292745242773,70.90300234459862,67.64338588136792,2.25,2.504,1.8859222926663965,2.504,-0.0040000000000000036,0.254,0.020999999999999908,0.0064012814612247285,0.006249437904951114,0.006157013481796108,0.006259811982547404,-0.22475231162014697,-0.22475231162014697,-0.013517510836792423,-0.013517510836792474,,-0.015002338007104172,-0.01500233800710419,-0.01118941393351845,-0.009499235441561636,-0.009499235441561617,0.013445750337793399,-0.030010478022629024,-0.03001047802262905,,-0.027289229213386584,-0.027289229213386612,-0.02667595596703827,-0.016084521404899625,-0.01608452140489955,0.003925995437120285,-0.021763994429710724,-0.021763994429710762,,-0.021145783610245376,-0.0211457836102454,-0.01893268495027836,-0.01279187842323063,-0.012791878423230582,0.008685872887456841,-0.02357822082015275,-0.023578220820152783,,-0.02249734164293644,-0.022497341642936465,-0.02063620457396554,-0.01351625987919781,-0.013516259879197755,0.0076386998483828,1.0,-0.22475231162014697
2020-01-03,-0.004728371769999962,-0.005218502790000024,0.011928378189999922,0.011375049200000653,-0.04899999999999993,0.12493577268394651,8.0,0.12329340909371533,8.0,0.10936691125897813,8.0,0.12493577268394623,8.0,12.140664399999878,1.2044084764226266,-5.296323160551882,1.2129766866661598,-5.510440551448564,2.25,2.455,1.874398069500109,2.455,-0.04899999999999993,0.20500000000000007,-0.0040000000000000036,-0.0020842667934945665,-0.003163686577626358,-0.002059737447334166,-0.0031804264898731994,0.12493577268394651,0.12493577268394651,-0.013253801555744994,-0.013253801555745034,-0.1338074621478538,-0.015121886266968365,-0.015121886266968332,0.020413331642991594,-0.0104583680697158,-0.010458368069715807,-0.0007631791255814873,-0.03042907406582696,-0.030429074065826966,0.06876773201469939,-0.02742025565179665,-0.027420255651796583,-0.019234076485136885,-0.0167446649655077,-0.016744664965507687,-0.16175305754989508,-0.02184143781078598,-0.021841437810786,-0.032519865066577204,-0.021271070959382507,-0.02127107095938246,0.0005896275789273545,-0.01360151651761175,-0.013601516517611746,-0.08125811833773829,-0.023730717786894992,-0.023730717786895013,-0.010236593708696354,-0.022623891591713616,-0.022623891591713567,-0.003771587315166776,-0.014293009176148858,-0.014293009176148853,-0.09896700496441278,1.0,0.12493577268394651
2020-01-10,-0.0017097066000000272,-0.01221778371999993,,-0.10036757730000012,0.009999999999999787,0.24072204294092747,8.0,0.23757724020547993,8.0,0.21019128194288672,8.0,0.2407220429409277,8.0,-53.85193799999979,-53.25556989736715,-61.11381373583073,-53.182623983859294,-61.632652942238224,2.25,2.465,1.874398069500109,2.465,0.009999999999999787,0.21499999999999986,-0.04899999999999993,-0.006716066874879663,-0.007824354100275488,-0.006602515100294795,-0.007866559430810546,0.24072204294092747,0.24072204294092747,-0.012917695691400128,-0.012917695691400149,0.03230658649131154,-0.011632744706011533,-0.011632744706011538,0.01249262356128683,-0.010340822544987329,-0.010340822544987369,-0.02048517495207259,-0.030899117031012516,-0.03089911703101246,-0.009026859459522883,-0.02908529484644359,-0.0290852948464436,-0.00595004479819666,-0.017209675897032276,-0.0172096758970323,0.030600649281317418,-0.02190840636120632,-0.021908406361206306,0.011639863515894328,-0.02035901977622756,-0.020359019776227567,0.0032712893815450856,-0.013775249221009802,-0.013775249221009835,0.005057737164622414,-0.023886362708563685,-0.023886362708563657,0.007093184461302542,-0.022278800291675088,-0.022278800291675095,0.0012425958620019021,-0.014530823089734746,-0.014530823089734777,0.010677177830295313,1.0,0.24072204294092747
2020-01-17,-0.0022614152100000062,0.010852054339999917,,0.19740605309999992,-0.03699999999999992,-0.029623575415130943,8.0,-0.029260381573311567,8.0,-0.02522028090826456,8.0,-0.02962357541513072,8.0,88.02285670000037,75.84924079963578,70.47618161827239,75.80552564323726,70.56865473580461,2.25,2.428,1.874398069500109,2.428,-0.03699999999999992,0.17799999999999994,0.009999999999999787,0.012449789353761632,0.011343054741548208,0.012407191637811276,0.01135463106541888,-0.029623575415130943,-0.029623575415130943,-0.014984965613645033,-0.01498496561364497,,-0.01044952087756566,-0.010449520877565642,,-0.012792689284700532,-0.01279268928470054,,-0.04295557110287487,-0.04295557110287464,,-0.028937249686915644,-0.028937249686915714,,-0.019693868618087453,-0.019693868618087425,,-0.028970268358259953,-0.028970268358259804,,-0.019693385282240652,-0.019693385282240676,,-0.01624327895139399,-0.016243278951393984,,-0.032047034962075234,-0.03204703496207507,,-0.02172703545126915,-0.021727035451269184,,-0.01700240867806655,-0.017002408678066537,,1.0,-0.029623575415130943
2020-01-24,0.0011310481800000383,-0.0002797070799999135,0.0021528675699999944,0.11424415369999963,-0.051000000000000156,0.161310515814161,8.0,0.15919615465586967,8.0,0.14104131079488946,8.0,0.1613105158141609,8.0,-124.75565610000012,-135.27214890856465,-142.0444874917658,-135.25097049187428,-142.33166901106108,2.25,2.377,1.874398069500109,2.377,-0.051000000000000156,0.12699999999999978,-0.03699999999999992,-0.024118612485445723,-0.025245946334967878,-0.024077719063178574,-0.025268489511849332,0.161310515814161,0.161310515814161,-0.014425658745363511,-0.014425658745363413,,-0.01034337113412524,-0.010343371134125251,0.03583381935031728,-0.01249666449707074,-0.012496664497070794,,-0.042226738089563204,-0.04222673808956283,,-0.028582961320643863,-0.028582961320643915,0.016827694295939298,-0.019306829668086653,-0.01930682966808669,,-0.02832619841746336,-0.02832619841746312,,-0.019463166227384553,-0.019463166227384584,0.026330756823128288,-0.015901747082578695,-0.015901747082578743,,-0.03138431714532532,-0.03138431714532506,,-0.0214695211479016,-0.021469521147901637,0.024240083067146707,-0.016650865251390447,-0.016650865251390493,,1.0,0.161310515814161
2020-01-31,-0.011784605770000012,-0.03485540097000006,-0.003865868669999939,-0.08316334189999974,-0.14399999999999968,0.23086222245874455,8.0,0.22784536045603088,8.0,0.20160554727014834,8.0,0.23086222245874433,8.0,-239.7677775000002,-263.3921364803736,-270.011310297973,-263.3799122241432,-270.33976949127225,2.25,2.233,1.874398069500109,2.233,-0.14399999999999968,-0.016999999999999904,-0.051000000000000156,-0.043843823057504144,-0.045970982228351144,-0.043820697589810415,-0.04598252786148206,0.23086222245874455,0.23086222245874455,-0.0173073964902534,-0.01730739649025337,,-0.010411899726809393,-0.010411899726809408,-0.28446195876885944,-0.01356448875029985,-0.013564488750299869,,-0.050171538001112057,-0.05017153800111192,,-0.029311645354761565,-0.029311645354761627,-0.026439974185002914,-0.022111665987872828,-0.022111665987872828,,-0.033739467245682726,-0.03373946724568264,,-0.01986177254078548,-0.019861772540785517,-0.15545096647693118,-0.01783807736908634,-0.01783807736908635,,-0.03735452281187718,-0.03735452281187708,,-0.02194074455986022,-0.02194074455986026,-0.12706854817270696,-0.018778266865219367,-0.018778266865219374,,1.0,0.23086222245874455
2020-02-07,0.0034522355500000157,0.015345895649999997,-0.006980136280000049,0.23528970619999967,0.05799999999999983,-0.22095738909640128,8.0,-0.21811145346800997,8.0,-0.19182994293598843,8.0,-0.22095738909640128,8.0,-6.277028599999539,-7.480661098836586,-12.062135272920312,-7.559382125441545,-11.678583696252964,2.25,2.291,1.8898086500796618,2.291,0.05799999999999983,0.040999999999999925,-0.14399999999999968,0.005156928669163647,0.004346393981523167,0.005076195048865034,0.004381421480846662,-0.22095738909640128,-0.22095738909640128,-0.016628769882319882,-0.016628769882319826,0.008312941603249318,-0.011151210001253386,-0.01115121000125334,,-0.013253374210459615,-0.013253374210459594,-0.03542964839912245,-0.041048222546560265,-0.04104822254656076,0.03502597127733957,-0.02824829227811973,-0.028248292278119654,,-0.022660774488857838,-0.022660774488857758,-0.023250073594747598,-0.028838496214440075,-0.02883849621444029,0.021669456440294443,-0.01969975113968656,-0.019699751139686496,,-0.017957074349658726,-0.017957074349658677,-0.029339860996935023,-0.03152463600750652,-0.031524636007506796,0.024607889704444372,-0.021580430190141858,-0.02158043019014179,,-0.018991888380282533,-0.018991888380282474,-0.02800010776845379,0.0,-0.0
2020-02-14,-0.008043536300000043,-0.015510800119999946,,-0.09644762399999962,-0.042999999999999705,0.07776852335026208,8.0,0.07673820056257075,8.0,0.06829461295966377,8.0,0.07776852335026208,8.0,-0.008702400000402122,-10.957873815729936,-17.13210195317343,-10.964394152655158,-17.255236858064013,2.25,2.248,1.8898086500796618,2.248,-0.042999999999999705,-0.0019999999999997797,0.05799999999999983,-0.002147869309026361,-0.003327472677563014,-0.0021423313858600695,-0.0033341870822341945,0.07776852335026208,0.07776852335026208,-0.009843773813993414,-0.009843773813993421,,-0.010547683234451388,-0.010547683234451356,,-0.01350439565256845,-0.013504395652568502,,-0.025153669071280985,-0.02515366907128099,,-0.030228926406668695,-0.03022892640666861,,-0.023266535961980354,-0.023266535961980403,,-0.0174987214426372,-0.017498721442637206,,-0.02038830482056004,-0.020388304820559984,,-0.018385465807274404,-0.018385465807274452,,-0.01918280992093883,-0.019182809920938838,,-0.022553241569503946,-0.022553241569503883,,-0.019459301241309714,-0.019459301241309762,,0.0,0.0
2020-02-21,0.003585509060000047,-0.011298127440000028,,-0.0212836059999999,-0.09800000000000031,0.07483722536907422,8.0,0.07384493901543854,8.0,0.06574209724614866,8.0,0.07483722536907422,8.0,-93.81023879999975,-113.3977996610612,-119.13415343237844,-113.42578971299338,-119.1905165221036,2.25,2.15,1.8898086500796618,2.15,-0.09800000000000031,-0.10000000000000009,-0.042999999999999705,-0.021577804739009943,-0.023001875443653945,-0.021604493932248302,-0.022999776910231008,0.07483722536907422,0.07483722536907422,-0.011670860921953978,-0.011670860921953713,,-0.01069245688801022,-0.010692456888010196,,-0.013021586667767973,-0.013021586667767962,,-0.023538675060295694,-0.023538675060295635,,-0.029203314672866174,-0.029203314672866135,,-0.023251413971866745,-0.02325141397186668,,-0.017604767991124835,-0.017604767991124676,,-0.0199478857804382,-0.019947885780438164,,-0.01813650031981736,-0.018136500319817322,,-0.018910227546342424,-0.018910227546342286,,-0.02198408013677235,-0.02198408013677232,,-0.019261781323268223,-0.01926178132326818,,0.0,0.0
2020-02-28,-0.02032228285000004,-0.02284252345000004,,-0.2013266251000001,0.020000000000000018,-0.08798305340426493,8.0,-0.08686258873896469,8.0,-0.07603854829555079,8.0,-0.08798305340426471,8.0,-483.0357340999999,-487.491953585077,-492.834903105865,-487.53595496946616,-492.6845779952104,2.25,2.17,1.8898086500796618,2.17,0.020000000000000018,-0.08000000000000007,-0.09800000000000031,-0.08530283471034131,-0.08615662931634824,-0.08534142738226821,-0.0861427582635324,-0.08798305340426493,-0.08798305340426493,-0.011178779618153563,-0.011178779618153351,-0.015295903158495687,-0.01120661586607678,-0.011206615866076785,,-0.013131443312193939,-0.013131443312193937,,-0.026332410898988745,-0.02633241089898841,-0.042579183171966344,-0.029175479600919395,-0.029175479600919346,,-0.023361977809495754,-0.02336197780949571,,-0.018755595258571154,-0.01875559525857088,-0.028937543165231016,-0.020191047733498085,-0.020191047733498065,,-0.018246710560844846,-0.01824671056084482,,-0.02042249469946302,-0.020422494699462734,-0.031938703966712785,-0.022167622744330776,-0.022167622744330748,,-0.019372069355548048,-0.019372069355548017,,0.0,-0.0
2020-03-06,-0.005154905069999993,0.008622608410000066,-0.006311451810000035,,-0.482,0.05125360070223173,8.0,0.0922784175461202,8.0,0.04520594809649148,8.0,0.051253600702231505,8.0,18.6033467999996,-61.35859930083187,-63.49616745075298,-61.53763143911905,-63.59694303627565,2.25,1.688,1.808256378940565,1.688,-0.482,-0.562,0.020000000000000018,-0.012143161799380044,-0.016201945566174027,-0.01239407554394438,-0.016453197875694856,0.05125360070223173,0.05125360070223173,-0.009471041569311115,-0.009471041569310895,,-0.010042637736077838,-0.010042637736077834,,-0.011403088515227542,-0.011403088515227594,,-0.02778533686882076,-0.02778533686881992,,-0.02667131130327411,-0.026671311303274096,,-0.02121992014897288,-0.02121992014897294,,-0.018628189219065935,-0.018628189219065408,,-0.018356974519675974,-0.018356974519675967,,-0.01631150433210021,-0.01631150433210027,,-0.020642761702011996,-0.0206427617020114,,-0.020186128612067564,-0.020186128612067554,,-0.017391355811812198,-0.017391355811812257,,1.0,0.05125360070223173
2020-03-13,-0.033404404870000015,-0.03570766809000003,-0.022765507170000032,,0.837,-1.1834890534651346,8.0,-1.167492733904324,8.0,-1.0299832845016423,8.0,-1.1834890534651348,8.0,-792.6174359999995,-691.6682870165155,-694.5299943519776,-691.8114675360862,-693.0226461078834,2.25,2.525,1.808256378940565,2.525,0.837,0.2749999999999999,-0.482,-0.1256468513719596,-0.12083418120436756,-0.12575570405605427,-0.12077912980423869,-1.1834890534651346,-1.1834890534651346,-0.0066163543641347316,-0.006616354364134566,,-0.009467153160117278,-0.009467153160117304,,-0.010165319110869164,-0.010165319110869177,,-0.02884860949573693,-0.028848609495736387,,-0.02694748580758881,-0.026947485807588843,,-0.021257440353584373,-0.021257440353584373,,-0.01773248192993583,-0.017732481929935477,,-0.018207319483853044,-0.018207319483853075,,-0.01571137973222677,-0.015711379732226777,,-0.020178029994412074,-0.020178029994411678,,-0.02013015607507491,-0.020130156075074943,,-0.01693151306892544,-0.016931513068925447,,1.0,-1.1834890534651346
2020-03-20,-0.06815999915999998,-0.03195154599999994,-0.015024813079999921,-0.39196812199999975,1.3240000000000003,0.10215159292106402,8.0,0.1014654782906248,8.0,0.0895269027584612,8.0,0.10215159292106443,8.0,-480.53721360000054,-277.7582619091799,-294.42542683639715,-277.2489548533125,-296.11602670545517,1.25,3.849,1.808256378940565,3.849,1.3240000000000003,2.599,0.837,-0.013778570265231369,-0.010604718895018364,-0.012992144992584068,-0.010797459652076985,0.10215159292106402,0.10215159292106402,-0.012392817961574607,-0.012392817961574444,,-0.01289551195465123,-0.012895511954650949,0.06482836164751053,-0.012161994449165808,-0.012161994449165695,,-0.02538261225565683,-0.02538261225565682,,-0.02266299258799121,-0.022662992587991416,0.002718387906002947,-0.017958655521303886,-0.017958655521303712,,-0.01888771510861572,-0.018887715108615633,,-0.01777925227132122,-0.017779252271321183,0.03377337477675674,-0.015060324985234847,-0.015060324985234703,,-0.020316592480964762,-0.020316592480964693,,-0.018853675140988617,-0.01885367514098863,0.026941277665190905,-0.015697957703170035,-0.015697957703169885,,1.0,0.10215159292106402
2020-03-27,-0.006076356529999993,0.01681322385999995,0.005038150739999914,-0.17318568199999973,-1.33,0.7695548469109589,8.0,0.760208527817469,8.0,0.6706883213495979,8.0,0.7695548469109587,8.0,23.62151320000021,-174.16961359423712,-176.08235913404405,-174.39941890217565,-176.22470254004756,1.25,2.519,1.808256378940565,2.519,-1.33,1.2690000000000001,1.3240000000000003,-0.04825642313446772,-0.058014300954893655,-0.04863581644698318,-0.057912970055571056,0.7695548469109589,0.7695548469109589,-0.017872235118855336,-0.017872235118855405,,-0.01550265619232451,-0.015502656192324596,,-0.013336690141170364,-0.013336690141170364,,-0.028958689612471923,-0.028958689612471934,,-0.023754317132517806,-0.023754317132517903,,-0.02005180563962128,-0.02005180563962129,,-0.02341546236566363,-0.02341546236566367,,-0.01962848666242116,-0.01962848666242125,,-0.016694247890395822,-0.016694247890395825,,-0.024634972359961455,-0.024634972359961486,,-0.020536169365842422,-0.020536169365842512,,-0.01743291059522542,-0.017432910595225427,,1.0,0.7695548469109589
2020-04-03,-0.012705344880000025,-0.02501632777999996,0.01284271408000004,,0.08199999999999985,0.17983098942258469,8.0,0.17813690928965775,8.0,0.15716856916665423,8.0,0.17983098942258446,8.0,-144.77325210000026,-134.17057253482804,-142.08368451134396,-134.093280164543,-142.56417807700012,1.25,2.601,1.712758526345368,2.601,0.08199999999999985,1.351,-1.33,-0.031250859127793004,-0.03187486578141546,-0.031126394070894934,-0.031924601274813495,0.17983098942258469,0.17983098942258469,-0.01753213665291039,-0.017532136652910275,,-0.01586476097260912,-0.015864760972609016,,-0.013598462216205767,-0.013598462216205679,0.07081748002742007,-0.026200027115081743,-0.0262000271150815,,-0.026890328495875714,-0.026890328495875596,,-0.020996527604121976,-0.020996527604122014,0.008630923871350477,-0.021866081883996066,-0.021866081883995886,,-0.021377544734242415,-0.021377544734242304,,-0.01729749491016387,-0.017297494910163847,0.03972420194938527,-0.022819549834834914,-0.022819549834834724,,-0.02259035716180174,-0.02259035716180163,,-0.018111282102834657,-0.018111282102834643,0.03288368077221762,1.0,0.17983098942258469
2020-04-10,0.026855646260000032,0.01488295073000001,0.008708882119999983,,-0.028000000000000025,0.07923417234085695,8.0,0.07884543346758388,8.0,0.06957087081642244,8.0,0.07923417234085739,8.0,227.18244700000014,218.60260184783783,212.31189156730545,218.60218142614315,212.16097870364442,1.25,2.573,1.712758526345368,2.573,-0.028000000000000025,1.323,0.08199999999999985,0.0599300762606027,0.058353951007877006,0.05994556398065066,0.058347326708531835,0.07923417234085695,0.07923417234085695,-0.018317492805959953,-0.018317492805959984,0.008000799606676634,-0.01739021206561049,-0.01739021206561045,,-0.01572420230790342,-0.01572420230790337,-0.010382459211781058,-0.027031561186679237,-0.027031561186679213,0.013967355130135386,-0.028170145097270095,-0.028170145097270043,,-0.023841858501517484,-0.023841858501517474,0.010909265891383175,-0.022674526996319597,-0.022674526996319597,0.010984077368406009,-0.022780178581440293,-0.022780178581440248,,-0.019783030404710453,-0.01978303040471042,0.00026340333980105855,-0.023633074518198714,-0.023633074518198714,0.011640398475986472,-0.02396597121492285,-0.0239659712149228,,-0.020675972586008,-0.020675972586007972,0.002605493101149124,1.0,0.07923417234085695
2020-04-17,-0.000658983950000025,-0.014875708020000045,-0.002422159889999942,-0.06347121750000007,-0.008999999999999897,-0.07492545330623901,8.0,-0.07331382153392474,8.0,-0.06466825102624907,8.0,-0.07492545330623923,8.0,110.51302810000016,101.79579042977733,96.57681311111324,101.7458289321597,96.7239373808174,0.25,2.564,1.712758526345368,2.564,-0.008999999999999897,2.314,-0.028000000000000025,0.016750914855534146,0.01671651180989646,0.016700627307181762,0.01671096945345543,-0.07492545330623901,-0.07492545330623901,-0.018274693491838512,-0.01827469349183843,0.009539751484844811,-0.01727127657276518,-0.017271276572765115,,-0.01620844810155001,-0.016208448101549942,0.025949432911744143,-0.024252921208007736,-0.024252921208007473,0.014371123168291023,-0.02633986571896141,-0.026339865718961353,,-0.02245729068234329,-0.022457290682343214,0.01730283627669427,-0.021263807349923124,-0.02126380734992295,0.011955437326567918,-0.021805571145863296,-0.021805571145863234,,-0.01933286939194665,-0.01933286939194658,0.021626134594219207,-0.02192141239870174,-0.021921412398701545,0.012486888211747,-0.022803115951944883,-0.02280311595194482,,-0.02002024207583391,-0.02002024207583384,0.020675008964363722,1.0,-0.07492545330623901
2020-04-24,-0.00956110994999998,0.024048819230000018,,0.003104323599999681,0.12299999999999978,-0.20963191962362349,8.0,-0.20627234081354817,8.0,-0.1819679504064916,8.0,-0.20963191962362349,8.0,-37.42491880000034,-28.26140353196465,-33.41413527473682,-28.311865705772625,-33.1339521985091,0.25,2.687,1.712758526345368,2.687,0.12299999999999978,2.437,-0.008999999999999897,-0.007924191105279239,-0.00754651395508179,-0.007964680322116079,-0.007543876078377425,-0.20963191962362349,-0.20963191962362349,-0.018142323784744837,-0.018142323784744792,0.009159097636083953,-0.017221377711391865,-0.017221377711391934,0.020051082241022908,-0.016415481355092937,-0.01641548135509289,,-0.029884580354217625,-0.029884580354217517,0.021647678847804188,-0.02868892927316783,-0.028688929273167883,-0.00077057005830543,-0.024496134471660574,-0.024496134471660526,,-0.02401345206948123,-0.024013452069481155,0.01540338824194407,-0.022955153492279848,-0.02295515349227991,0.009640256091358738,-0.020455807913376756,-0.020455807913376707,,-0.025305100292123236,-0.025305100292123156,0.016777132175233297,-0.024216584164075204,-0.024216584164075263,0.0073498743384326215,-0.021344679756199195,-0.02134467975619915,,1.0,-0.20963191962362349
2020-05-01,0.004529550399999971,-0.0012527890300000344,,-0.006439046799999737,-0.20899999999999963,-0.1510537556584194,7.0,-0.35300331217658587,7.0,-0.10172034904661398,7.0,-0.15105375565841928,7.0,156.41287319999992,114.9662852064203,109.31997441807209,115.50202326269012,112.38098451887669,0.25,2.478,1.7692982745277699,2.478,-0.20899999999999963,2.228,0.12299999999999978,0.02366922358219461,0.02025796178805293,0.023801606840035607,0.021963130346473417,-0.1510537556584194,-0.1510537556584194,-0.017870301135453626,-0.017870301135453643,-0.04751886401940736,-0.01765485197079202,-0.01765485197079206,0.014313661870559529,-0.016417602353660653,-0.016417602353660687,0.018928919441534336,-0.027933692276538184,-0.02793369227653797,-0.028691003142309872,-0.028740486116400177,-0.028740486116400267,-0.02963577678817455,-0.023650969374781106,-0.023650969374781127,0.026238410811909217,-0.022901996705995905,-0.022901996705995804,-0.03810493358085862,-0.023197669043596096,-0.023197669043596165,-0.00766105745880751,-0.02003428586422088,-0.02003428586422091,0.022583665126721775,-0.024008969731515208,-0.024008969731515083,-0.036033868884377894,-0.024417088799612997,-0.024417088799613067,-0.012495495711268258,-0.020829956236544128,-0.020829956236544156,0.023387709177463016,1.0,-0.1510537556584194
2020-05-08,0.01200060203000003,-0.008140321269999973,,-0.03570909220000029,-0.027000000000000135,-0.4305271390920928,7.0,-0.42467550254061304,7.0,-0.3742655216062654,7.0,-0.43052713909209295,7.0,162.3215323000004,143.64292939190852,141.35775007711365,143.4570258122914,142.26524113844013,0.25,2.451,1.7692982745277699,2.451,-0.027000000000000135,2.201,-0.20899999999999963,0.025271285800969025,0.025366033433549443,0.025040884920864807,0.02542876671882753,-0.4305271390920928,-0.4305271390920928,-0.01797565411562486,-0.017975654115624674,,-0.017743427792897743,-0.01774342779289786,,-0.017441543440724162,-0.017441543440724135,0.010356162730966529,-0.02545065902095047,-0.025450659020949964,,-0.026847165935735016,-0.026847165935735214,,-0.022282153369355462,-0.022282153369355424,0.025335060065464904,-0.021713156568287664,-0.021713156568287317,,-0.02229529686431638,-0.022295296864316538,,-0.019861848405039812,-0.01986184840503978,0.017845611398215715,-0.02253540710787348,-0.0225354071078731,,-0.02329670806002848,-0.023296708060028648,,-0.020394315497189255,-0.020394315497189223,0.01949329010501054,1.0,-0.4305271390920928
2020-05-15,0.0016014967399999858,-0.007903124339999956,,,0.052000000000000046,-0.1482088815791005,7.0,-0.14602059820892108,7.0,-0.12842842379536235,7.0,-0.14820888157910037,7.0,-129.71812320000026,-130.39422811141057,-135.50027650992894,-130.4472104643262,-135.26419304050415,0.25,2.503,1.7692982745277699,2.503,0.052000000000000046,2.253,-0.027000000000000135,-0.03298481666429193,-0.03289766234558271,-0.033035135857691605,-0.03289323099664631,-0.1482088815791005,-0.1482088815791005,-0.018743333445816412,-0.018743333445816416,0.013152132998683796,-0.018187594860754587,-0.01818759486075466,,-0.017793385940438493,-0.017793385940438503,-0.04968804014693567,-0.02608195446964924,-0.026081954469648855,0.010066220019165573,-0.026333124336453163,-0.026333124336453347,,-0.02240942763377128,-0.022409427633771267,-0.1394023233108568,-0.022412643957732827,-0.022412643957732636,0.011609176508924684,-0.022260359598603875,-0.022260359598604004,,-0.020101406787104887,-0.020101406787104883,-0.09454518172889624,-0.02321989227035444,-0.023219892270354203,0.01126972608117768,-0.023156367840930718,-0.023156367840930857,,-0.020609171373371492,-0.02060917137337149,-0.10441375287692757,1.0,-0.1482088815791005
2020-05-22,0.00914976431000003,-0.0004625639300001039,0.0048193948300000455,,-0.33000000000000007,0.1199477804923031,7.0,0.11865647111584164,7.0,0.10507703965933135,7.0,0.11994778049230326,7.0,72.46951739999986,17.59987626162504,13.261110790582897,17.50368027645942,13.363918194972683,0.25,2.173,1.7692982745277699,2.173,-0.33000000000000007,1.923,0.052000000000000046,0.001957415779409574,-0.0010226764704259171,0.0018238547096838791,-0.0009874592791576063,0.1199477804923031,0.1199477804923031,-0.02069129386380201,-0.0206912938638018,,-0.018087762529878974,-0.018087762529879075,,-0.017864681237856322,-0.017864681237856277,,-0.02423805163604821,-0.02423805163604797,,-0.026223003530974585,-0.026223003530974856,,-0.02270375044950823,-0.02270375044950817,,-0.02246467274992511,-0.022464672749924884,,-0.02215538303042678,-0.022155383030426967,,-0.020284215843682278,-0.020284215843682223,,-0.02285481610487219,-0.022854816104871965,,-0.023050259540547298,-0.0230502595405475,,-0.020816513456963986,-0.02081651345696393,,1.0,0.1199477804923031
2020-05-29,0.0068623801000000095,-0.04554102924999992,-0.03900287358999999,,0.03100000000000014,-0.5896547437852317,7.0,-0.5817382722421341,7.0,-0.5128306603400278,7.0,-0.589654743785232,7.0,63.05762170000071,50.22527621167285,48.756874785066714,50.002469018163595,49.929637353065054,0.25,2.204,1.7692982745277699,2.204,0.03100000000000014,1.9540000000000002,-0.33000000000000007,0.007437080287319361,0.007756987057224681,0.007163058837248688,0.007841156566652333,-0.5896547437852317,-0.5896547437852317,-0.01980767190464334,-0.019807671904643283,0.01814000180738963,-0.01792920671491876,-0.017929206714918784,,-0.01756720435019354,-0.017567204350193596,,-0.021053064302058944,-0.021053064302057802,-0.027065634943182704,-0.02201372432906286,-0.022013724329063084,,-0.018496309751460337,-0.018496309751460355,,-0.02043036810335114,-0.02043036810335054,-0.004462816567896537,-0.01997146552199081,-0.019971465521990934,,-0.01803175705082694,-0.018031757050826977,,-0.020567361267066857,-0.02056736126706614,-0.009435436610459494,-0.02042076245954666,-0.020420762459546805,,-0.018133958644966287,-0.01813395864496632,,1.0,-0.5896547437852317
2020-06-05,0.007352819769999963,0.0006591097599999429,,0.23547398210000026,0.028000000000000025,-0.05928015321470459,7.0,-0.05824580633744936,7.0,-0.05099106396711604,7.0,-0.0592801532147047,7.0,485.0470274999998,482.4161332548569,476.790179262866,482.38689419716627,476.86872906223084,0.25,2.232,1.5894732899654342,2.232,0.028000000000000025,1.9820000000000002,0.03100000000000014,0.09998002409601262,0.09953046827494215,0.09995960270824769,0.09952926514874862,-0.05928015321470459,-0.05928015321470459,-0.022809391062914387,-0.02280939106291432,,-0.018627759397498465,-0.018627759397498573,,-0.0176209747068794,-0.017620974706879417,,-0.01762063385768465,-0.017620633857683973,,-0.023578527842839918,-0.023578527842840268,,-0.018588106158564013,-0.01858810615856398,,-0.020215012460299518,-0.020215012460299147,,-0.02110314362016919,-0.02110314362016942,,-0.018104540432721708,-0.0181045404327217,,-0.019644249167724247,-0.01964424916772381,,-0.02164772814915675,-0.021647728149157008,,-0.018210924892407013,-0.018210924892407002,,1.0,-0.05928015321470459
2020-06-12,-0.0032766043499999897,0.01627826954,,-0.03790661389999972,0.017999999999999794,-0.15384306471177578,7.0,-0.15158167235146258,7.0,-0.13333455789406912,7.0,-0.15384306471177533,7.0,-168.46157490000041,-174.5546635441081,-179.3599018167069,-174.6223210362774,-179.07463199391802,0.25,2.25,1.5894732899654342,2.25,0.017999999999999794,2.0,0.028000000000000025,-0.049031242043360145,-0.048228242900467046,-0.049104870686805684,-0.04823237020252134,-0.15384306471177578,-0.15384306471177578,-0.022710369790155935,-0.022710369790155904,0.013383608306742657,-0.018408941548223978,-0.018408941548224,0.011634720841450865,-0.017452340290480768,-0.01745234029048079,0.06764043841327207,-0.017378075484561353,-0.017378075484561314,0.005501308419443713,-0.02199790544456616,-0.021997905444566295,-0.04885582407105944,-0.019224246273750273,-0.019224246273750228,0.024213555131203376,-0.020044222637358645,-0.02004422263735861,0.009442458363093185,-0.02020342349639507,-0.020203423496395145,-0.018610551614804287,-0.01833829328211552,-0.01833829328211551,0.04592699677223772,-0.01945767026374324,-0.019457670263743204,0.008575405375490302,-0.02059820952499271,-0.0205982095249928,-0.025264511555180422,-0.018533202940275165,-0.018533202940275145,0.041150039611210165,1.0,-0.15384306471177578
2020-06-19,0.0012655054599999827,0.006595280179999996,-0.010664806050000086,0.04789260129999917,-0.11699999999999999,0.13106387153785282,7.0,0.12962832009977565,7.0,0.11475670963786203,7.0,0.1310638715378526,7.0,-31.375697599999512,-52.795960431866376,-58.8286336461038,-52.809096702652255,-58.98392685269105,0.25,2.133,1.5894732899654342,2.133,-0.11699999999999999,1.883,0.017999999999999794,-0.007809187604825741,-0.009854787303714122,-0.007818032814631228,-0.009853448140765338,0.13106387153785282,0.13106387153785282,-0.02129665544045421,-0.02129665544045416,0.012183193742027835,-0.018209472693281333,-0.01820947269328131,0.010585067508288325,-0.017672466083224567,-0.017672466083224602,,-0.016223736447121107,-0.016223736447120923,0.009755964563616784,-0.021514633719829868,-0.021514633719829954,-0.04420582943443283,-0.019695915207253115,-0.019695915207253112,,-0.01876019594378766,-0.01876019594378754,0.01096957915282231,-0.0198620532065556,-0.01986205320655563,-0.016810380963072254,-0.01868419064523884,-0.01868419064523886,,-0.018202174854521018,-0.018202174854520886,0.010702583943197095,-0.02022562091947594,-0.02022562091947598,-0.022837379626771577,-0.01890677004888198,-0.018906770048881992,,1.0,0.13106387153785282
2020-06-26,-0.002256221849999962,0.015789624459999985,-0.04723238835999999,0.0038628768000004143,-0.08400000000000007,0.058124041252672454,7.0,0.05763495484903114,7.0,0.05124216279243442,7.0,0.058124041252672454,7.0,-91.95444550000047,-109.69436884232286,-115.40102548859974,-109.7220423280464,-115.44180515498354,0.25,2.049,1.5894732899654342,2.049,-0.08400000000000007,1.799,-0.11699999999999999,-0.023156369421273578,-0.024575149553286386,-0.023182503686355854,-0.02457335363016931,0.058124041252672454,0.058124041252672454,-0.020986254878679014,-0.020986254878679212,,-0.017899440179981237,-0.01789944017998123,0.04453663760088613,-0.01770597038796519,-0.017705970387965196,0.006463431791504242,-0.01324237190445213,-0.013242371904452958,,-0.02079224478020615,-0.020792244780206172,0.01226367706746584,-0.018397730526341968,-0.01839773052634193,0.00682811051385848,-0.01711431339156557,-0.017114313391566084,,-0.019345842480093696,-0.019345842480093703,0.028400157334175984,-0.01805185045715358,-0.018051850457153563,0.006645771152681361,-0.016262486264400616,-0.016262486264401195,,-0.019664050986118432,-0.019664050986118446,0.024850131675499754,-0.018127944072375023,-0.018127944072375002,0.006685885812140326,1.0,0.058124041252672454
2020-07-03,-0.0014007462000000248,-0.044878496259999956,-0.0008649586400000242,,-0.053999999999999826,0.11583634955764799,7.0,0.11459838998479754,7.0,0.1014968877494636,7.0,0.11583634955764788,7.0,-2.0755734999993365,-13.974827741114652,-20.36258593869354,-13.97019335222653,-20.55590419357353,0.25,1.995,1.8488249840166904,1.995,-0.053999999999999826,1.745,-0.08400000000000007,-0.0003529330909374527,-0.0018779164916951844,-0.0003341936597282447,-0.0018872991988857011,0.11583634955764799,0.11583634955764799,-0.021086228627126703,-0.021086228627126665,0.0003267428697716173,-0.017572207346634564,-0.017572207346634585,,-0.0173727475816575,-0.017372747581657536,,-0.01859644304683112,-0.018596443046830464,-0.0003297594832656915,-0.022797075003402327,-0.022797075003402386,,-0.018854049665968015,-0.018854049665967994,,-0.01984133583697891,-0.019841335836978564,-1.5083067470371132e-06,-0.020184641175018447,-0.020184641175018486,,-0.018113398623812758,-0.018113398623812765,,-0.019567459423146395,-0.019567459423145982,-7.372356558114107e-05,-0.0207593766172629,-0.020759376617262945,,-0.018276341853086915,-0.018276341853086915,,1.0,0.11583634955764799
2020-07-10,-0.030095818539999986,-0.011805294610000017,,,-0.025000000000000133,-0.031718338430534176,7.0,-0.031041632829339028,7.0,-0.02699078634911502,7.0,-0.03171833843053429,7.0,23.28048459999991,12.93660257029996,7.493107214032042,12.89782826075281,7.573120798480554,0.25,1.97,1.8488249840166904,1.97,-0.025000000000000133,1.72,-0.053999999999999826,0.002679909330278544,0.0017464937097280277,0.0026434266208213517,0.00175234541427616,-0.031718338430534176,-0.031718338430534176,-0.022997309777645185,-0.022997309777644984,,-0.018526682944477235,-0.018526682944477256,0.15621408456104238,-0.016259145520046293,-0.01625914552004634,,-0.01694048621859297,-0.016940486218591688,,-0.022925108708917213,-0.02292510870891718,0.02954464471678479,-0.01872678825939221,-0.01872678825939221,,-0.01996889799811908,-0.019968897998118337,,-0.020725895826697226,-0.02072589582669722,0.09287936463891358,-0.017492966889719252,-0.017492966889719276,,-0.019302647406623335,-0.01930264740662247,,-0.02120972266078562,-0.02120972266078561,0.07894572625604525,-0.017764407591047304,-0.01776440759104732,,1.0,-0.031718338430534176
2020-07-17,-0.006368009750000014,-0.00543054837000001,,,-0.09200000000000008,0.10639528592992098,7.0,0.10527983331351143,7.0,0.09327579817865696,7.0,0.10639528592992126,7.0,20.59512790000008,2.5783499084993693,-3.448428848836855,2.56542861426108,-3.580268050301683,0.25,1.878,1.8488249840166904,1.878,-0.09200000000000008,1.628,-0.025000000000000133,-0.0011937937679936525,-0.0025642523691593666,-0.0012014517299609694,-0.002571657179372808,0.10639528592992098,0.10639528592992098,-0.02280682596669834,-0.02280682596669777,,-0.020405571643924907,-0.020405571643924997,0.021825238178584564,-0.01615657805161827,-0.016156578051618218,0.06968231648653293,-0.015542099447437688,-0.015542099447434891,,-0.027953281333793177,-0.027953281333793278,0.028610835147465898,-0.018647617578482042,-0.01864761757848193,0.01052257895573228,-0.01917446270706801,-0.019174462707066332,,-0.02417942648885904,-0.024179426488859138,0.02521803666302523,-0.017402097815050158,-0.017402097815050074,0.040102447721132604,-0.018375342789949345,-0.018375342789947416,,-0.02500967455474455,-0.02500967455474465,0.025964452329602178,-0.017676112163005173,-0.017676112163005082,0.03359487659274454,1.0,0.10639528592992098
2020-07-24,0.016476297149999986,0.0012548422600000553,,0.05749654909999968,-0.10699999999999998,0.06467187570416055,7.0,0.0640978247984712,7.0,0.05694388620444554,7.0,0.06467187570416033,7.0,127.55621599999995,106.3602559234715,100.77544192681381,106.32645760719984,100.74649871448257,0.25,1.771,1.8488249840166904,1.771,-0.10699999999999998,1.521,-0.09200000000000008,0.01965764981409984,0.018264633935349446,0.01962153056029466,0.018266496371510357,0.06467187570416055,0.06467187570416055,-0.021409750768649503,-0.021409750768648806,,-0.01954349182687851,-0.01954349182687859,0.005745638221616854,-0.01599628631602175,-0.015996286316021745,0.6944815801112499,-0.014191143301553454,-0.0141911433015499,,-0.027292277457990552,-0.02729227745799059,-0.003793291547049048,-0.018627833775571388,-0.01862783377557134,1.6791032925011071,-0.017800447035101478,-0.01780044703509935,,-0.02341788464243453,-0.02341788464243459,0.0009761733372839032,-0.01731206004579657,-0.017312060045796544,1.1867924363061786,-0.017006400213720914,-0.01700640021371847,,-0.024270251061856856,-0.02427025106185691,-7.310893726934558e-05,-0.01760153026634703,-0.017601530266346997,1.295100824669063,1.0,0.06467187570416055
2020-07-31,-0.001250925799999969,-0.012125963100000026,-0.00034588510999999933,-0.055615027500000025,-0.24499999999999988,0.19532401429431612,7.0,0.19305462518498284,7.0,0.17071315800690273,7.0,0.19532401429431617,7.0,94.88325439999971,54.78904457686849,49.21518717595528,54.752033973598294,49.06819739881162,0.25,1.526,1.8488249840166904,1.526,-0.24499999999999988,1.276,-0.10699999999999998,0.0027409890512657235,0.0008053133101290182,0.0026899544768449676,0.0008024155991112822,0.19532401429431612,0.19532401429431612,-0.021069922233752682,-0.021069922233752262,,-0.020605698938874213,-0.020605698938874262,,-0.01606701452485705,-0.016067014524857086,,-0.01336972435030817,-0.013369724350305024,,-0.029767673163836238,-0.029767673163836255,,-0.01901882817996961,-0.019018828179969614,,-0.017219823292030426,-0.017219823292028643,,-0.025186686051355225,-0.02518668605135526,,-0.01754292135241333,-0.01754292135241335,,-0.01637280152485153,-0.016372801524849448,,-0.026194503216101048,-0.02619450321610108,,-0.017867620854475713,-0.017867620854475727,,1.0,0.19532401429431612
2020-08-07,-0.013858538760000039,0.0036724929400000494,,-0.04516289629999992,-0.038000000000000034,0.031932703446720674,7.0,0.03178347505126916,7.0,0.028435269144389375,7.0,0.03193270344672071,7.0,63.317692499999794,52.22640016501875,46.379272452785926,52.20616941392317,46.34191923640532,0.25,1.488,1.6776087451606854,1.488,-0.038000000000000034,1.238,-0.24499999999999988,0.007499588967353471,0.006679591616596898,0.007485986807992565,0.0066726509069996,0.031932703446720674,0.031932703446720674,-0.0223535459526779,-0.02235354595267776,-0.010106704291378308,-0.02118197187134755,-0.021181971871347537,,-0.017052602787906115,-0.017052602787906136,,-0.012360671065505691,-0.0123606710655028,-0.01668661731351705,-0.02529562109276817,-0.02529562109276813,,-0.017875998077035382,-0.01787599807703538,,-0.017357108509091796,-0.01735710850909028,-0.013396660802447679,-0.023238796482057858,-0.023238796482057834,,-0.01746430043247075,-0.017464300432470756,,-0.016257892271502854,-0.016257892271501033,-0.014120451234882942,-0.023691297896414127,-0.0236912978964141,,-0.017554873914274967,-0.017554873914274974,,1.0,0.031932703446720674
2020-08-14,-0.006992481619999991,-0.018363210220000092,,-0.07488955590000046,0.2570000000000001,-0.5331182226712556,6.0,-0.5254240213477499,6.0,-0.5883958311865869,6.0,-0.5331182226712554,6.0,56.85510460000023,80.4137126198768,76.80172168750575,77.35981342703103,77.6017060890524,0.25,1.745,1.6776087451606854,1.745,0.2570000000000001,1.495,-0.038000000000000034,0.018621675412023662,0.019898361071527648,0.017094248481105558,0.019934791505035646,-0.5331182226712556,-0.5331182226712556,-0.022247422306934644,-0.02224742230693461,,-0.019161775168655807,-0.019161775168655783,0.009765477281642744,-0.01649917973484899,-0.016499179734848966,0.007796408723656629,-0.010863298150813562,-0.010863298150812191,,-0.017117301246935147,-0.017117301246935106,0.008723545442877994,-0.01729413380890206,-0.01729413380890201,-0.19056271530872013,-0.016555360228874102,-0.0165553602288734,,-0.01813953820779548,-0.018139538207795444,0.009244511362260368,-0.016896656771875525,-0.01689665677187549,-0.09138315329253174,-0.015303106571700784,-0.015303106571699934,,-0.017914646076406204,-0.01791464607640617,0.009129898859996247,-0.016984101720021363,-0.016984101720021325,-0.11320265693609319,1.0,-0.5331182226712556
2020-08-21,0.007143835759999995,-0.0014412942699999487,-0.00467248855000002,-0.18211991589999954,-0.02400000000000002,0.05205304560619206,6.0,0.052017008212348115,6.0,0.045902088745631675,6.0,0.05205304560619228,6.0,-17.270863100000497,-25.77354661619475,-31.88019253113179,-25.782461023508404,-31.97927345094803,0.25,1.721,1.6776087451606854,1.721,-0.02400000000000002,1.471,0.2570000000000001,-0.006363699952311254,-0.007248271445758731,-0.00636019410532767,-0.007261878784892565,0.05205304560619206,0.05205304560619206,-0.021381891133444304,-0.021381891133444242,,-0.01941966048096633,-0.019419660480966328,0.00987911003049092,-0.01643175848424082,-0.01643175848424084,0.0073720526362067535,-0.011039273836372657,-0.01103927383637183,,-0.01644366859579341,-0.01644366859579338,0.008365172579715842,-0.01664672820148528,-0.016646728201485262,0.006698991892714215,-0.016210582484908483,-0.016210582484908035,,-0.01793166453837987,-0.017931664538379855,0.00912214130510338,-0.01653924334286305,-0.016539243342863053,0.007035522264460484,-0.0150728945822306,-0.015072894582230071,,-0.01760430543101085,-0.017604305431010832,0.008955608185518122,-0.01656289001175994,-0.016562890011759937,0.006961485582676305,1.0,0.05205304560619206
2020-08-28,-0.004317668529999985,-0.008133124860000063,0.04666131776999993,0.45379429120000037,0.05599999999999983,-0.07550283018132065,6.0,-0.0738837063841169,6.0,-0.0651710192728499,6.0,-0.07550283018132098,6.0,99.95783019999999,101.3682935636223,95.66368275045109,101.34222183253497,95.74025838809688,0.25,1.777,1.6776087451606854,1.777,0.05599999999999983,1.527,-0.02400000000000002,0.021807249616915016,0.02128421970472786,0.02179451039205223,0.021282213398465196,-0.07550283018132065,-0.07550283018132065,-0.02149582576402226,-0.021495825764022175,-0.05289193659599173,-0.01921449374391148,-0.019214493743911456,,-0.016841604856439246,-0.01684160485643932,,-0.01128220135726559,-0.011282201357264838,-0.31174063010727515,-0.016804736746491786,-0.016804736746491755,,-0.016565896309028928,-0.016565896309029014,,-0.016389013560643925,-0.016389013560643505,-0.18231628335163344,-0.018009615245201633,-0.018009615245201605,,-0.016703750582734087,-0.016703750582734166,,-0.015265514875900691,-0.0152655148759002,-0.21078963963787462,-0.017744541975485466,-0.017744541975485438,,-0.01667342264251895,-0.01667342264251903,,1.0,-0.07550283018132065
2020-09-04,-0.004565937849999979,0.032477649770000006,0.0034563578300000897,0.027991022999999338,-0.04399999999999982,0.08562973157254228,6.0,0.08515800411587371,6.0,0.07513999600954921,6.0,0.08562973157254239,6.0,-95.70578479999949,-106.65280363370367,-112.87326015841023,-106.65680921276743,-113.01974767362725,0.25,1.733,1.8075797179351198,1.733,-0.04399999999999982,1.483,0.05599999999999983,-0.023514415525604203,-0.02443012803196249,-0.023506146817864455,-0.024447955305321595,0.08562973157254228,0.08562973157254228,-0.02090904700366151,-0.02090904700366146,,-0.018889852594580602,-0.018889852594580644,0.009621837540084065,-0.016680184066829862,-0.016680184066829865,0.03729161680310126,-0.008399063121080462,-0.008399063121079865,,-0.015196097473342492,-0.015196097473342501,0.007740366442760454,-0.015287983692843723,-0.015287983692843688,0.07056582995475989,-0.014654055062370986,-0.014654055062370663,,-0.017042975033961547,-0.01704297503396157,0.00868110199142226,-0.015984083879836793,-0.015984083879836776,0.05392872337893058,-0.01327795683528707,-0.013277956835286688,,-0.016636661970625355,-0.016636661970625376,0.008474140170716663,-0.015830941838698317,-0.015830941838698296,0.05758888682561302,1.0,0.08562973157254228
2020-09-11,0.01498420990999999,0.028515108320000038,-0.01349794767000001,0.3140236475,0.08799999999999986,0.09886838006171572,6.0,0.1819317739549412,6.0,0.06728708549889748,6.0,0.09886838006171594,6.0,-47.236836900000526,-37.32692605817471,-43.60953885174307,-37.73303361439105,-44.96675162554379,0.25,1.821,1.8075797179351198,1.821,0.08799999999999986,1.571,-0.04399999999999982,-0.0013146605726931503,-0.001450004996336485,-0.0014437522545130612,-0.0021581114392566136,0.09886838006171572,0.09886838006171572,-0.01696828370022069,-0.01696828370022071,,-0.017388985890984112,-0.01738898589098436,,-0.015838781246168245,-0.015838781246168252,-0.01486838764165628,-0.005244765477287393,-0.005244765477287516,,-0.013002214056391084,-0.01300221405639127,,-0.013904176670916589,-0.013904176670916564,0.009357223026894134,-0.011106524588754042,-0.011106524588754113,,-0.015195599973687598,-0.015195599973687815,,-0.014871478958542416,-0.014871478958542409,-0.002755582307381073,-0.00981693758423138,-0.009816937584231461,,-0.014713055071882366,-0.014713055071882575,,-0.014658672455264735,-0.014658672455264723,-9.076513384052767e-05,1.0,0.09886838006171572
2020-09-18,-0.005491062669999991,-0.0035880456100000346,0.006303039449999992,0.11335734509999984,-0.038999999999999924,0.06360058310784744,6.0,0.06341470521620612,6.0,0.0559574536776673,6.0,0.06360058310784727,6.0,19.44864680000046,8.838420202242952,2.7538811494187065,8.828182529982868,2.6474606515474015,0.25,1.782,1.8075797179351198,1.782,-0.038999999999999924,1.532,0.08799999999999986,0.0029203988868573227,0.00167446937794518,0.002921556132087383,0.0016659713547841231,0.06360058310784744,0.06360058310784744,-0.015622631494654149,-0.015622631494654133,,-0.01747012513478507,-0.017470125134785033,-1.026225446027735,-0.01582148038282385,-0.01582148038282383,,-0.004802110193130659,-0.004802110193130415,,-0.013129534101721671,-0.013129534101721631,-0.06260728232860625,-0.013935066144034319,-0.01393506614403426,,-0.010212370843892404,-0.010212370843892274,,-0.015299829618253371,-0.015299829618253331,-0.5444163641781706,-0.014878273263429085,-0.014878273263429045,,-0.009022113500724821,-0.009022113500724665,,-0.014822364604616396,-0.014822364604616358,-0.43841836617126645,-0.014670767697162237,-0.014670767697162192,,1.0,0.06360058310784744
2020-09-25,-0.005476429030000007,-0.028165011959999986,-0.0002178417300000568,-0.038900753799999244,0.08000000000000007,0.02860266175667664,6.0,0.02887091583528184,6.0,0.025481963037498473,6.0,0.028602661756676695,6.0,-140.3407715000003,-133.09229523887652,-139.79841026157237,-133.07125467852697,-139.96375389528484,0.25,1.862,1.8075797179351198,1.862,0.08000000000000007,1.612,-0.038999999999999924,-0.024240273454872497,-0.024694130400682277,-0.02418965322340724,-0.024718473320108778,0.02860266175667664,0.02860266175667664,-0.015453254100931029,-0.015453254100931022,0.04988843142964699,-0.017536859520208864,-0.01753685952020876,0.00807737440487538,-0.015779714259711856,-0.015779714259711863,,-0.0055698677454506535,-0.005569867745450688,-0.012065942559863594,-0.013780333968642214,-0.013780333968642103,0.007731725515189705,-0.014683336662638283,-0.014683336662638278,,-0.010511560923190841,-0.010511560923190855,0.018911244434891696,-0.01565859674442554,-0.01565859674442543,0.007904549960032543,-0.01523152546117507,-0.01523152546117507,,-0.009424388424088,-0.009424388424088019,0.012096263296045535,-0.015245378933753207,-0.0152453789337531,0.007866528582167118,-0.015110923925496976,-0.015110923925496976,,1.0,0.02860266175667664
2020-10-02,0.0027343763100000085,-0.0024120424499999293,,-0.03470005270000076,0.0,-0.06200109402554049,6.0,-0.06055716834883734,6.0,-0.05341397719847131,6.0,-0.06200109402554049,6.0,10.92085170000064,3.867515586414699,-1.5211974270078077,3.8256352923962957,-1.410751722253977,0.25,1.862,1.7136298386392084,1.862,0.0,1.612,0.08000000000000007,0.004940410572504071,0.003801496798313646,0.0049034105069199925,0.0038116265890423377,-0.06200109402554049,-0.06200109402554049,-0.01618193395871006,-0.01618193395871006,,-0.017052988885575923,-0.017052988885575836,0.1950247609526176,-0.015818137245233774,-0.015818137245233833,0.006543608678165675,-0.0066278724895409424,-0.006627872489541898,,-0.011673019020490035,-0.011673019020489953,0.005922239410355065,-0.01621155064217258,-0.01621155064217263,0.007299081001666302,-0.0114049032241255,-0.01140490322412598,,-0.014363003953032978,-0.014363003953032895,0.10047350018148632,-0.01601484394370318,-0.01601484394370323,0.006921344839915989,-0.010353956462516897,-0.01035395646251748,,-0.013771207267873531,-0.013771207267873448,0.07967222281183746,-0.016058119417366446,-0.016058119417366498,0.007004446795501058,1.0,-0.06200109402554049
2020-10-09,-0.007204658360000005,-0.0015991195500000277,,0.20289692760000033,-0.16500000000000004,0.08456380503392935,6.0,0.08410590900782638,6.0,0.07421180847736238,6.0,0.08456380503392918,6.0,119.86572979999983,90.02254129120341,84.72298252143352,89.97327820948075,84.71225390296263,0.25,1.697,1.7136298386392084,1.697,-0.16500000000000004,1.447,0.0,0.01438995859938119,0.012667453265811857,0.014330387937858867,0.012672579059421317,0.08456380503392935,0.08456380503392935,-0.016358427222295233,-0.016358427222295132,,-0.016695762430499504,-0.016695762430499528,0.008340779339874135,-0.01614464893169357,-0.01614464893169374,0.04494810121671444,-0.006251334098535457,-0.006251334098536292,,-0.012209845115366316,-0.012209845115366286,0.00609972885666314,-0.01750308096000033,-0.017503080960000417,0.035831113386112876,-0.011304880660415344,-0.011304880660415711,,-0.014452803772932909,-0.014452803772932907,0.007220254098268638,-0.01682386494584695,-0.01682386494584708,0.04038960730141366,-0.01019310041680177,-0.010193100416802239,,-0.013959352868268259,-0.01395935286826825,0.006973738545115429,-0.016973292468960694,-0.016973292468960812,0.039386738640047485,1.0,0.08456380503392935
2020-10-16,0.004463513239999994,-0.010684003279999965,,0.008381829600000223,-0.06000000000000005,-0.09824259633842747,6.0,-0.09632840202248494,6.0,-0.08497235329285883,6.0,-0.0982425963384273,6.0,-131.4104954000004,-148.5522618118512,-153.20285778437773,-148.62969271830818,-152.95119148654223,0.25,1.637,1.7136298386392084,1.637,-0.06000000000000005,1.387,-0.16500000000000004,-0.03446608227461467,-0.03514663898622543,-0.034555361685056574,-0.035133056715029656,-0.09824259633842747,-0.09824259633842747,-0.016426500281669823,-0.01642650028166981,,-0.01683185830175168,-0.01683185830175169,,-0.015995893868912016,-0.01599589386891205,,-0.007085185313772599,-0.00708518531377361,,-0.012212988909919412,-0.012212988909919368,,-0.017531178243266072,-0.01753117824326616,,-0.011755842797721211,-0.01175584279772171,,-0.014522423605835546,-0.01452242360583553,,-0.016763536056089046,-0.016763536056089105,,-0.010728298151252516,-0.010728298151253129,,-0.014014347972733997,-0.014014347972733973,,-0.01693241733726799,-0.016932417337268055,,1.0,-0.09824259633842747
2020-10-23,-0.004491557219999998,-0.008642431640000003,,-0.03611953259999989,0.19399999999999995,-0.17676585134968215,6.0,-0.1738327416487211,6.0,-0.153348834830699,6.0,-0.17676585134968215,6.0,72.91658910000024,93.81651610541918,87.86931675436958,93.80444429863705,88.00312295549169,0.25,1.831,1.7136298386392084,1.831,0.19399999999999995,1.581,-0.06000000000000005,0.027189365976452988,0.02715743733245199,0.027205705075486704,0.02715559950406376,-0.17676585134968215,-0.17676585134968215,-0.016309206557086092,-0.016309206557086047,,-0.016759480581469338,-0.0167594805814693,0.002561712311431595,-0.015941295500898574,-0.015941295500898667,,-0.0069475472514592546,-0.006947547251459667,,-0.012990398602787789,-0.012990398602787752,0.004026674704167917,-0.017583654394776438,-0.017583654394776504,,-0.011628376904272673,-0.011628376904272857,,-0.014874939592128563,-0.014874939592128527,0.003294193507799756,-0.016762474947837506,-0.016762474947837586,,-0.010598594380653721,-0.010598594380653956,,-0.014460340574473592,-0.014460340574473556,0.0034553393710007514,-0.01694313442616407,-0.016943134426164148,,1.0,-0.17676585134968215
2020-10-30,-0.008478871200000015,-0.05091781657000005,,,0.0020000000000000018,0.08296491522600746,6.0,0.08252776634575387,6.0,0.07281952717908041,6.0,0.08296491522600757,6.0,-174.89927970000008,-178.72439008176474,-185.27074324268474,-178.71231722690584,-185.46248861984895,0.25,1.833,1.7136298386392084,1.833,0.0020000000000000018,1.583,0.19399999999999995,-0.03719960916952972,-0.03795541659946128,-0.03716675639202709,-0.037978906516287575,0.08296491522600746,0.08296491522600746,-0.015940569991027064,-0.015940569991027036,,-0.01664510730923823,-0.0166451073092382,,-0.01614249248702027,-0.016142492487020252,,-0.009244591631252193,-0.009244591631252944,,-0.01377549084224302,-0.013775490842242994,,-0.018973481811276862,-0.018973481811276918,,-0.012592580811139628,-0.012592580811139991,,-0.015210299075740626,-0.015210299075740598,,-0.017557987149148566,-0.017557987149148586,,-0.011856023191564393,-0.01185602319156484,,-0.014894641264371152,-0.014894641264371124,,-0.017869395974816793,-0.017869395974816817,,1.0,0.08296491522600746
2020-11-06,0.006430875370000033,-0.01509977930999995,,,-0.06400000000000006,0.07266095868606903,6.0,0.07235751363461818,6.0,0.06384704770126404,6.0,0.07266095868606881,6.0,164.12543449999976,149.79773640769278,143.83031986205404,149.7815545732689,143.73274401261963,0.25,1.769,2.1251991875039513,1.769,-0.06400000000000006,1.519,0.0020000000000000018,0.0347168490901987,0.03298787752254222,0.034709001401573736,0.03298776582937215,0.07266095868606903,0.07266095868606903,-0.01655310939123257,-0.016553109391232418,0.0014765644987163012,-0.016516991624160503,-0.016516991624160524,0.0788442610169739,-0.015859164494645916,-0.01585916449464595,,-0.007584928689463743,-0.007584928689464176,-0.010124304315338783,-0.013960883751294572,-0.01396088375129457,-0.1929082334492218,-0.01905535368480077,-0.019055353684800866,,-0.012069019040348157,-0.012069019040348298,-0.0043238699083112415,-0.015238937687727537,-0.015238937687727546,-0.05703198621612396,-0.017457259089723343,-0.01745725908972341,,-0.011082519163153587,-0.01108251916315379,-0.0055999654778573,-0.014957765821712285,-0.014957765821712292,-0.08692476060740548,-0.017808839900640375,-0.01780883990064045,,1.0,0.07266095868606903
2020-11-13,0.003217652719999964,0.0027780884999999422,,0.6526371773999999,0.027000000000000135,-0.18742511673582574,6.0,-0.1843536927292061,6.0,-0.16263071015257796,6.0,-0.18742511673582574,6.0,-45.79852039999969,-51.16326591831248,-55.76705755519758,-51.241173168428446,-55.4268683357575,0.25,1.796,2.1251991875039513,1.796,0.027000000000000135,1.546,-0.06400000000000006,-0.014561388556854753,-0.014578116044710236,-0.014645105435759517,-0.014565726576768363,-0.18742511673582574,-0.18742511673582574,-0.017031768742931275,-0.017031768742931257,,-0.017400092817936974,-0.01740009281793697,0.009044655739947626,-0.016342105515125816,-0.016342105515125865,0.029431790761980565,-0.0076799631506424635,-0.007679963150642372,,-0.014841359161957012,-0.014841359161956995,0.01199954152576257,-0.018619658939191715,-0.018619658939191784,-0.45709189851964593,-0.012355865946786868,-0.012355865946786814,,-0.016120725989946995,-0.01612072598994698,0.010522098632855099,-0.017480882227158767,-0.017480882227158823,-0.2138300538788327,-0.0113271673316351,-0.011327167331635038,,-0.015839265287789197,-0.015839265287789187,0.01084713606929474,-0.017731413103806014,-0.017731413103806076,-0.2673476596998116,1.0,-0.18742511673582574
2020-11-20,0.004608804550000012,0.01563093633000001,,0.08291432229999973,-0.14000000000000012,0.20181572428150452,6.0,0.1998363708931572,6.0,0.17631243701802893,6.0,0.20181572428150474,6.0,292.9583424000002,269.3736198213143,262.96140125938433,269.37666538437657,262.6804452302574,0.25,1.656,2.1251991875039513,1.656,-0.14000000000000012,1.406,0.027000000000000135,0.051997709464974215,0.05008183052170456,0.05200883230001085,0.05006655633066317,0.20181572428150452,0.20181572428150452,-0.017090331384966767,-0.017090331384966705,-1.9711825432144725,-0.018884998707772938,-0.018884998707772858,,-0.01653788535788531,-0.016537885357885296,,-0.006846664377937109,-0.006846664377937048,1.3720847263141789,-0.01256669195788324,-0.012566691957883184,,-0.01816148453139816,-0.01816148453139817,,-0.011968497881451937,-0.011968497881451877,-0.2995489084501468,-0.015725845332828087,-0.01572584533282802,,-0.017349684944641737,-0.017349684944641734,,-0.010841694510678675,-0.010841694510678615,0.06821049119800482,-0.015030831590340223,-0.015030831590340157,,-0.01752828085372815,-0.01752828085372815,,1.0,0.20181572428150452
2020-11-27,0.013194225589999997,-0.006966784299999973,0.0009684227899999787,0.39703486560000023,0.14600000000000013,-0.07887826422026722,6.0,-0.07721534089293824,6.0,-0.06811027979144604,6.0,-0.07887826422026745,6.0,191.80695279999964,207.18856626424378,200.83184264305737,207.19462712290877,200.81606615018225,0.25,1.802,2.1251991875039513,1.802,0.14600000000000013,1.552,-0.14000000000000012,0.03503311781992561,0.03575908341283426,0.03506767638736807,0.0357297642378128,-0.07887826422026722,-0.07887826422026722,-0.017216731534645164,-0.01721673153464519,0.11414031916758571,-0.018357292096564823,-0.01835729209656482,,-0.016656742059151273,-0.016656742059151266,0.0021055489924685367,-0.006960393099389321,-0.006960393099389161,0.06664885803939294,-0.013287865384001143,-0.01328786538400097,,-0.01836305038802573,-0.018363050388025735,-0.5199445031879958,-0.012088562317017243,-0.012088562317017177,0.09039458860348933,-0.015822578740282985,-0.015822578740282894,,-0.0175098962235885,-0.0175098962235885,-0.25891947709776364,-0.0109603650891391,-0.010960365089139012,0.08517052787938811,-0.015264941801900979,-0.015264941801900871,,-0.017697590139764692,-0.017697590139764692,-0.3163449828376147,1.0,-0.07887826422026722
2020-12-04,0.006468036010000011,0.012942192150000031,0.005251776309999956,0.12530303349999983,0.04899999999999993,-0.11618569307176818,6.0,-0.11403866967463361,6.0,-0.10059684341802133,6.0,-0.11618569307176829,6.0,295.4022775000003,294.9024070360302,289.57122949911655,294.85880659167196,289.73971792298386,0.25,1.851,1.9594107658802673,1.851,0.04899999999999993,1.601,0.14600000000000013,0.049078445782857874,0.04910342770500961,0.049041265843075194,0.04910021021310762,-0.11618569307176818,-0.11618569307176818,-0.016325944292485572,-0.016325944292485593,,-0.0195240017625813,-0.019524001762581327,-21.896245327746886,-0.01714549240507944,-0.017145492405079444,,-0.007882886039134526,-0.00788288603913431,,-0.008935158870686237,-0.008935158870686197,-22.192825443178428,-0.020053385788556533,-0.020053385788556536,,-0.01210441516581005,-0.012104415165809953,,-0.014229580316633768,-0.014229580316633763,-22.04453538546266,-0.018599439096817987,-0.01859943909681799,,-0.011175678757941433,-0.011175678757941312,,-0.01306480759852531,-0.013064807598525298,-22.077159198160125,-0.018919307369000465,-0.018919307369000472,,1.0,-0.11618569307176818
2020-12-11,-0.0031122577500000137,0.029077935689999945,0.005470683900000051,-0.12173618439999956,-0.050999999999999934,2.831989458312346,6.0,2.795881050002734,6.0,2.4666151726916183,6.0,2.8319894583123464,6.0,-40.41911970000001,2.789801485514353,-25.02345091438636,3.791285482011496,-30.84535725195191,0.25,1.8,1.9594107658802673,1.8,-0.050999999999999934,1.55,0.04899999999999993,0.008596506578207288,0.004347191231832372,0.009921636797795563,0.003875604839266882,2.831989458312346,2.831989458312346,-0.005231349717817829,-0.005231349717817851,,-0.0067434894988148576,-0.006743489498814869,,-0.0075509287343855785,-0.0075509287343856046,,0.007123181531434509,0.007123181531434619,,0.005909569993838596,0.005909569993838524,,-0.0005474243224465928,-0.00054742432244661,,0.0009459159068083401,0.0009459159068083839,,-0.00041695975248813057,-0.0004169597524881722,,-0.004049176528416086,-0.0040491765284161076,,0.002304914344226097,0.0023049143442261553,,0.000974876791703749,0.0009748767917037008,,-0.0032787910431027975,-0.0032787910431028183,,1.0,2.831989458312346
2020-12-18,-0.009658094979999976,0.002498766730000046,0.0063581336699999325,,-0.131,-2.9014517384709944,6.0,-2.863163187005262,6.0,-2.5259508650249476,6.0,-2.9014517384709944,6.0,95.62438779999957,11.01587599656041,28.994358633569476,9.88316619706768,35.125176481678906,0.25,1.669,1.9594107658802673,1.669,-0.131,1.419,-0.050999999999999934,-0.01753364194198289,-0.015142353478180118,-0.019010866419603756,-0.014654153947863492,-2.9014517384709944,-2.9014517384709944,-0.0013887919325273313,-0.0013887919325273155,-0.00034589526547778654,-0.002467479038586056,-0.0024674790385860925,0.0042187228162312955,-0.0036700046268243335,-0.0036700046268243586,0.011558535462889279,0.0025012326716208335,0.002501232671620859,0.033555287120843665,0.0014616431068108977,0.0014616431068108678,-0.002499014997681116,-0.0017292791535102885,-0.001729279153510311,-0.14014709575782192,0.0005562203695467511,0.0005562203695467718,0.01660469592768294,-0.0005029179658875792,-0.0005029179658876124,0.0008598539092750897,-0.002699641890167311,-0.002699641890167335,-0.06429428014746631,0.0009841230760030493,0.000984123076003071,0.020333825990178297,-7.071452989391427e-05,-7.07145298939468e-05,0.00012090274974472441,-0.002486162088102766,-0.0024861620881027895,-0.08098189958174455,1.0,-2.9014517384709944
2020-12-25,-0.006224660659999992,-0.022930381390000032,-0.0035670595899999213,,-0.04100000000000015,0.03730772848869457,6.0,0.037463025884345025,6.0,0.033062161217033426,6.0,0.03730772848869457,6.0,-17.481598200000008,-28.932730862975692,-34.79495875052898,-28.953361241931823,-34.84476296980482,0.25,1.628,1.9594107658802673,1.628,-0.04100000000000015,1.378,-0.131,-0.00787837519640195,-0.008750560904998018,-0.007891614160204154,-0.008760362887596518,0.03730772848869457,0.03730772848869457,-0.0009801736622219413,-0.0009801736622219407,-0.13092285555563968,-0.002535053204235336,-0.0025350532042353094,-0.03341572017378233,-0.0036805596629671837,-0.003680559662967182,5.749156010416938,0.00325542900160295,0.0032554290016029875,0.025379523943735903,0.0017371482192472109,0.001737148219247278,-0.079074901112861,-0.0018344852820193986,-0.0018344852820193862,-17.51457436747425,0.0011376276696905044,0.0011376276696905235,-0.052771665805951884,-0.0003989524924940625,-0.0003989524924940157,-0.056245310643321667,-0.002757522472493291,-0.002757522472493284,-5.882709178528656,0.0016035439627112421,0.0016035439627112655,-0.03557840406102058,7.098966408901754e-05,7.098966408906893e-05,-0.06126782054662032,-0.002554454290589035,-0.002554454290589026,-8.441719520096687,1.0,0.03730772848869457
2021-01-01,-0.0008814273400000183,-0.001477190929999983,-0.005760029120000065,,-0.007999999999999785,-0.03393169517536376,6.0,-0.032851997170228464,6.0,-0.028971705517524093,6.0,-0.03393169517536354,6.0,-22.906001800000013,-30.64258829728437,-36.192201464997126,-30.67713173599722,-36.13101085917273,0.25,1.62,2.6485044033142477,1.62,-0.007999999999999785,1.37,-0.04100000000000015,-0.004888117418809773,-0.005768892418614356,-0.004916689952299327,-0.00576776728549016,-0.03393169517536376,-0.03393169517536376,-0.0009792928230652163,-0.000979292823065206,0.0152780620149049,-0.002562898699066905,-0.0025628986990668744,-5.450192988985461,-0.003570673798214616,-0.0035706737982145664,0.49818787679748666,0.0032393352501253036,0.0032393352501253175,0.003826676266632317,0.0013801950389799927,0.001380195038980047,-0.02852469824794597,-0.001818413431480215,-0.0018184134314801568,-83.70592964702007,0.0011300212135300436,0.0011300212135300558,0.009552369140768608,-0.0005913518300434562,-0.0005913518300434137,-2.7393588436167033,-0.0026945436148474154,-0.0026945436148473616,-41.60387088511129,0.001594070301581001,0.0015940703015810131,0.008292716708458624,-0.00015761151885829736,-0.00015761151885825236,-2.142975331635577,-0.0025017949745066315,-0.002501794974506577,-50.866323812731224,0.0,-0.0
2021-01-08,0.01398928613,-0.005917145740000018,-0.0007202318900000337,,0.1509999999999998,-0.1126326046097198,6.0,-0.11053168598113783,6.0,-0.09750288497739451,6.0,-0.11263260460972013,6.0,236.82747860000018,252.31001139899962,246.18161799344847,252.3055362884444,246.23017189669045,0.25,1.771,2.6485044033142477,1.771,0.1509999999999998,1.521,-0.007999999999999785,0.047946548564228066,0.047920056624628934,0.04796914057268137,0.04790941573467537,-0.1126326046097198,-0.1126326046097198,-0.0011036868187479267,-0.0011036868187479349,,-0.0026010288859647547,-0.002601028885964754,0.0044303531494289256,-0.0035928778682560295,-0.003592877868256011,0.03343627472820322,0.003339823360080732,0.003339823360080728,,0.001437358717072362,0.0014373587170724246,-0.0024482645130945325,-0.0018132979374438953,-0.0018132979374438666,-0.0013446039758775166,0.0011180682706664028,0.0011180682706663965,,-0.0005818350844461964,-0.0005818350844461646,0.0009910443181671965,-0.002703087902849962,-0.0027030879028499388,0.016045835376162852,0.0016068543903375553,0.0016068543903375494,,-0.00013761244811211378,-0.00013761244811207507,0.00023439637528961622,-0.0025073341104606276,-0.002507334110460603,0.012219938718713972,0.0,-0.0
2021-01-15,0.006674390390000007,0.029853806879999945,,,0.10200000000000009,-0.05365133613972872,6.0,-0.05231575666912447,6.0,-0.046143174862999514,6.0,-0.05365133613972839,6.0,-44.39813630000026,-35.37257569103838,-41.59630978645183,-35.37356997469851,-41.61572453000251,0.25,1.873,2.6485044033142477,1.873,0.10200000000000009,1.623,0.1509999999999998,-0.008223017215610817,-0.007970378961435638,-0.008200541002807728,-0.007993061560511596,-0.05365133613972872,-0.05365133613972872,-0.0011150515741068807,-0.0011150515741068824,0.002194952919605806,-0.0026524333828424392,-0.002652433382842446,0.6871779001073988,-0.003406398366224576,-0.0034063983662246163,,0.003472671982007422,0.0034726719820074273,-0.02478564350489667,0.001184066806190104,0.001184066806190108,0.1499478078687695,-0.0019488916299694123,-0.0019488916299694374,,0.0011788102039502707,0.0011788102039502724,-0.011295345292645432,-0.0007341832883261676,-0.000734183288326169,0.4185628539880841,-0.0026776449980969942,-0.0026776449980970268,,0.001683459795122844,0.0016834597951228465,-0.014263210899340703,-0.0003121682675325879,-0.00031216826753258824,0.35946754384183494,-0.002517319257108926,-0.002517319257108957,,0.0,-0.0
2021-01-22,-0.00826086852000002,0.01734959458000007,,,-0.026999999999999913,0.05525082522203473,6.0,0.055173293536492696,6.0,0.048686651342195075,6.0,0.05525082522203473,6.0,-53.49712839999938,-62.40345137332512,-68.51267688127542,-62.41230438241413,-68.61506385145809,0.25,1.846,2.6485044033142477,1.846,-0.026999999999999913,1.596,0.10200000000000009,-0.009600443863732008,-0.010752905301722857,-0.009596631073741034,-0.010762335207550319,0.05525082522203473,0.05525082522203473,-0.0012405821245993563,-0.0012405821245993743,,-0.0026532040885978675,-0.0026532040885978523,-0.03887457246817989,-0.0034236757152505573,-0.0034236757152505608,-0.03895343459172829,0.003421571110024654,0.0034215711100246426,,0.001108292257818088,0.00110829225781807,0.02060030931811902,-0.001814947034894638,-0.0018149470348946244,-1.0600629376189188,0.001090494492712649,0.0010904944927126342,,-0.0007724559153898898,-0.0007724559153898912,-0.009137131575030433,-0.0026193113750725976,-0.002619311375072593,-0.5495081861053236,0.00160333134852129,0.001603331348521276,,-0.0003586913172841348,-0.0003586913172841399,-0.0025948945785375533,-0.0024423512202334467,-0.0024423512202334397,-0.6618302314383145,0.0,0.0
2021-01-29,0.023275676999999995,-0.027515305560000036,,,-0.02200000000000002,0.02522722771773178,6.0,0.025539281326462104,6.0,0.022542702518903612,6.0,0.02522722771773167,6.0,-86.61554979999983,-95.34590297000936,-101.25620231715489,-95.36392253322008,-101.30197905719317,0.25,1.824,2.6485044033142477,1.824,-0.02200000000000002,1.574,-0.026999999999999913,-0.015145827819049244,-0.016254844559463588,-0.01515362514353902,-0.016259801356988866,0.02522722771773178,0.02522722771773178,-0.001108830168264289,-0.0011088301682642872,,-0.00241675361023143,-0.002416753610231484,-0.02161196210595637,-0.003453489193510108,-0.0034534891935099356,1.938682307000778,0.0038329503971171472,0.0038329503971171568,,0.0013842932058754337,0.0013842932058754096,-0.0026049225533621052,-0.0024369851021556776,-0.002436985102155501,-14.715609900113904,0.001362060114426429,0.001362060114426435,,-0.0005162302021779981,-0.0005162302021780372,-0.012108442329659238,-0.0029452371478328925,-0.002945237147832718,-6.388463796556563,0.001905655976618387,0.0019056559766183934,,-9.811505240624315e-05,-9.811505240627904e-05,-0.010017667978873868,-0.0028334216977839053,-0.0028334216977837306,-8.220435939339177,0.0,0.0
2021-02-05,-0.0026506654899999815,0.0,0.0055390735199999375,,0.11599999999999988,-0.12364717884206866,6.0,-0.12140333543097304,6.0,-0.1070941561433364,6.0,-0.12364717884206855,6.0,185.1261160999993,194.92743963967615,189.14980350201256,194.9059436557039,189.2597813483405,0.25,1.94,2.3810668060855313,1.94,0.11599999999999988,1.69,-0.02200000000000002,0.03838208425522694,0.03805823332066788,0.038380042507383,0.03805730958615605,-0.12364717884206866,-0.12364717884206866,-0.0009280121664480621,-0.0009280121664480499,,-0.002353095429283637,-0.002353095429283659,0.0050696322548644856,-0.003304864067226716,-0.0033048640672267045,0.0928586619701255,0.0041752827464452075,0.00417528274644521,,0.0013805881421211853,0.0013805881421211762,0.004730025044348375,-0.0016543086367105566,-0.001654308636710551,-0.6430687720354697,0.0016236352899985727,0.00162363528999858,,-0.00048625364358122593,-0.0004862536435812413,0.0048998286496064304,-0.0024795863519686363,-0.0024795863519686276,-0.27510505503267213,0.002184997730416832,0.0021849977304168387,,-7.554845072669548e-05,-7.554845072670947e-05,0.004862471856449658,-0.002298025254611859,-0.002298025254611851,-0.3560570727732876,0.0,-0.0
2021-02-12,0.008731475529999977,-0.009823619670000006,,,0.008000000000000007,-0.10499346441631785,6.0,-0.10299167104012474,6.0,-0.09085087433004879,6.0,-0.10499346441631818,6.0,163.17353820000062,156.50325059586962,151.39305395605925,156.44855578615162,151.58363542363338,0.25,1.948,2.3810668060855313,1.948,0.008000000000000007,1.698,0.11599999999999988,0.021467920988580837,0.021221645169879098,0.021413281681785388,0.021224020052459158,-0.10499346441631785,-0.10499346441631785,-0.000959860379327332,-0.0009598603793273462,-0.016980276736638412,-0.002321057226398229,-0.0023210572263982813,-0.017118578976508078,-0.002869407725121082,-0.002869407725121059,0.062148239914938244,0.004269720661649332,0.004269720661649323,-0.08153001915707216,0.0017290695199875844,0.0017290695199875636,0.5133023193821721,1.1885443001099453e-05,1.1885443001127273e-05,0.027728824789275467,0.001654930141161,0.0016549301411609885,-0.04925514794685529,-0.0002959938532053222,-0.00029599385320535883,0.248091870202832,-0.0014287611410599913,-0.001428761141059966,0.044938532352106854,0.002230184055668433,0.0022301840556684218,-0.056355619613102995,0.0001495200888971173,0.00014952008889708402,0.3064381690222868,-0.0011118188925665516,-0.0011118188925665253,0.04115239668828395,0.0,-0.0
2021-02-19,0.0005952359499999949,0.021110351919999992,,0.18980639769999996,0.18199999999999994,-0.1710809098104059,6.0,-0.16822156773912944,6.0,-0.1483985013256971,6.0,-0.17108090981040558,6.0,90.64567459999944,109.78809050344312,103.88658050382706,109.77365587984812,104.02186758152675,0.25,2.13,2.3810668060855313,2.13,0.18199999999999994,1.88,0.008000000000000007,0.019193215519596084,0.019807902596131674,0.019204293836339266,0.01979492873764416,-0.1710809098104059,-0.1710809098104059,-0.0010330640050752122,-0.0010330640050752228,0.03053909525247535,-0.0022917684639002815,-0.0022917684639002967,,-0.002859684113331277,-0.002859684113331295,,0.004131466652886251,0.004131466652886252,-0.6389157290552074,0.0016448972937107356,0.0016448972937107322,,0.0001549955524661993,0.00015499555246618432,,0.0015492013239055192,0.0015492013239055149,-0.30418831690136605,-0.00032343558509477293,-0.00032343558509478226,,-0.0013523442804325389,-0.0013523442804325553,,0.0021172996962812796,0.002117299696281277,-0.3778283475752111,0.00010959764824243891,0.00010959764824243078,,-0.0010207295171948164,-0.0010207295171948325,,0.0,-0.0
2021-02-26,-0.004385113669999996,-0.024225397669999982,-0.000544747730000017,0.4279440464000004,0.26900000000000013,-0.03801774690671844,6.0,-0.03688502841774688,6.0,-0.032529757724244046,6.0,-0.03801774690671844,6.0,-55.286809499999436,-19.896509075891274,-27.502856291909882,-19.829842029419567,-27.73894760840882,0.25,2.399,2.3810668060855313,2.399,0.26900000000000013,2.149,0.18199999999999994,0.003592651062074159,0.004277210397139014,0.0037167615958909397,0.004231784864076637,-0.03801774690671844,-0.03801774690671844,-0.001049746675493437,-0.0010497466754934648,,-0.0022954637408668776,-0.0022954637408668785,,-0.0028156412744914927,-0.0028156412744914944,,0.004232453701210853,0.004232453701210846,,0.0015855293599620524,0.001585529359962058,,7.588346828002728e-05,7.588346828003091e-05,,0.001591353512858708,0.0015913535128586906,,-0.0003549671904524126,-0.0003549671904524102,,-0.0013698789031057327,-0.0013698789031057318,,0.00217239555429618,0.0021723955542961647,,7.194205063876962e-05,7.194205063877266e-05,,-0.0010518111814008654,-0.001051811181400864,,0.0,-0.0
2021-03-05,-0.013402453059999986,0.009725065539999966,-0.003608904280000047,-0.09325533460000024,0.31400000000000006,-0.2961496236744865,6.0,-0.29166739375014905,6.0,-0.25730583843574173,6.0,-0.2961496236744867,6.0,-75.00906530000066,-37.792016081182794,-43.70324097988567,-37.80341372529699,-43.4548388577586,0.25,2.713,2.5745355855296417,2.713,0.31400000000000006,2.463,0.26900000000000013,0.003707989642795291,0.0046447913644369725,0.0037336420857320765,0.004639732186906498,-0.2961496236744865,-0.2961496236744865,-0.0009801988994037575,-0.0009801988994037236,,-0.0021701189286645493,-0.0021701189286645285,-0.050718003327926,-0.002781961680620553,-0.002781961680620316,,0.004042441925862379,0.004042441925862397,,0.0014608183051616564,0.0014608183051616835,0.003223682465711492,-7.216819585587498e-05,-7.21681958556393e-05,,0.0015311215132293107,0.0015311215132293367,,-0.00035465031175144646,-0.0003546503117514225,-0.023747160431107257,-0.001427064938238214,-0.0014270649382379778,,0.002083612004008586,0.0020836120040086097,,4.475278396943614e-05,4.4752783969460755e-05,-0.017813574993807132,-0.0011289876549140992,-0.001128987654913863,,0.0,-0.0
2021-03-12,-0.00084801243999999,-0.028758692189999935,-0.005163629220000021,0.13200665000000011,-0.016999999999999904,-0.11121136922490171,6.0,-0.10912889250374147,6.0,-0.09626530160114477,6.0,-0.11121136922490171,6.0,42.02608210000017,31.330973463403765,26.45831593627512,31.264726410642343,26.6893579700792,0.25,2.696,2.5745355855296417,2.696,-0.016999999999999904,2.446,0.31400000000000006,0.005967384544833331,0.00502621125651196,0.005896806206174181,0.005043410959531393,-0.11121136922490171,-0.11121136922490171,-0.00018018496013193523,-0.0001801849601319319,,-0.0016563465043879008,-0.0016563465043878908,-0.032462479465666674,-0.0028142794872284627,-0.0028142794872285026,-0.006502255496293316,0.0043996918394382635,0.004399691839438265,,0.0018276804060544175,0.0018276804060544433,-3.179684569249277e-05,8.611215734042319e-05,8.611215734038739e-05,0.05925626228944185,0.0021097534396531644,0.0021097534396531665,,8.566695083325835e-05,8.566695083327624e-05,-0.016247138155679585,-0.0013640836649440199,-0.0013640836649440576,0.026377003396574266,0.0026135398876058857,0.0026135398876058883,,0.00046890991098191327,0.000468909910981933,-0.012679763067482424,-0.0010450405840414423,-0.0010450405840414798,0.03361044035300513,0.0,-0.0
2021-03-19,0.001586214510000017,-0.03285388889000007,-0.0018743942499999111,0.1775541399999998,-0.015000000000000124,-0.0850961690288512,6.0,-0.08335256235655364,6.0,-0.07352470706254155,6.0,-0.08509616902885098,6.0,-168.8070491999997,-178.66482560321424,-183.75839410252667,-178.72074515952238,-183.58360072036697,0.25,2.681,2.5745355855296417,2.681,-0.015000000000000124,2.431,-0.016999999999999904,-0.030966579491505,-0.031678693139796855,-0.031023929501419793,-0.03167038958562263,-0.0850961690288512,-0.0850961690288512,8.757569642458695e-05,8.757569642459475e-05,,-0.0014251899472804827,-0.0014251899472804874,-28.97426100320134,-0.0028430694174066172,-0.0028430694174066415,,0.0045334330042462075,0.0045334330042462,,0.00182911255827135,0.0018291125582713453,0.5309663352348064,5.940364027998287e-05,5.9403640279962994e-05,,0.002310504350335397,0.002310504350335397,,0.0002019613054954337,0.00020196130549542893,-14.221647333983267,-0.001391832888563317,-0.0013918328885633392,,0.0027995486541957755,0.0027995486541957737,,0.0005599345811061353,0.0005599345811061304,-10.976072326755292,-0.0010725608522177913,-0.0010725608522178128,,0.0,-0.0
2021-03-26,0.0018512942399999677,0.038490841810000065,,-0.0474435371999995,-0.04800000000000004,-0.028957371328495407,6.0,-0.027942219999334883,6.0,-0.02464016370064681,6.0,-0.028957371328496073,6.0,-253.86604570000054,-267.74214397498605,-273.02931078173,-267.78969334217436,-272.93426393382856,0.25,2.633,2.5745355855296417,2.633,-0.04800000000000004,2.383,-0.015000000000000124,-0.043073857321436766,-0.04448455170404975,-0.04312183306340118,-0.044472361390774415,-0.028957371328495407,-0.028957371328495407,1.5146721815030443e-05,1.5146721815036553e-05,,-0.001436476911259442,-0.0014364769112594788,0.0025958202424722658,-0.0028027435385498058,-0.002802743538549877,0.02782840232172274,0.004776567701456041,0.004776567701456032,,0.0020314807022692445,0.0020314807022692245,-0.0036710361912594297,0.00017851878650037732,0.00017851878650031774,0.020797329055449086,0.0023958572116355354,0.002395857211635534,,0.0002975018955049013,0.0002975018955048729,-0.0005376079743935819,-0.0013121123760247142,-0.0013121123760247795,0.024312865688585913,0.0029196135193960467,0.0029196135193960437,,0.0006789772329930568,0.0006789772329930302,-0.0012269621821040684,-0.0009841735202691941,-0.000984173520269258,0.02353944762929581,0.0,-0.0
2021-04-02,-0.005535540630000002,0.0032725626999999813,,-0.039072883000000225,0.04700000000000015,-0.11583038422556435,6.0,-0.1136879713052843,6.0,-0.1002874475739588,6.0,-0.11583038422556391,6.0,-40.72112599999946,-41.52582775375286,-46.84472308847036,-41.570039368389196,-46.67476242866987,0.25,2.68,2.365261097955619,2.68,0.04700000000000015,2.43,-0.04800000000000004,-8.928183094225866e-05,-0.0011355144732955753,-0.0001255042527716528,-0.0011204634537217359,-0.11583038422556435,-0.11583038422556435,0.0007557843573443061,0.000755784357344307,,-0.0014958249534475529,-0.001495824953447588,5.6227884297893,-0.0026803809297825066,-0.0026803809297825058,-0.14917819412998426,0.004991584643502125,0.004991584643502127,,0.0018560612950087,0.0018560612950086874,1.2170622005068672,0.0005770385801969213,0.0005770385801969199,-15.829613637713935,0.0028736845004232155,0.002873684500423217,,0.00018011817078057355,0.0001801181707805497,3.4199253151480837,-0.0010516711747927928,-0.001051671174792793,-7.98939591592196,0.0033396225319005757,0.0033396225319005774,,0.0005488256581107613,0.00054882565811074,2.935295429927016,-0.0006933550286950555,-0.0006933550286950562,-9.714243814716195,1.0,-0.11583038422556435
2021-04-09,0.013367394550000022,0.018431323990000026,,,-0.05900000000000016,0.12524666792437555,6.0,0.1242608722983427,6.0,0.10963763262253301,6.0,0.12524666792437622,6.0,315.5461489999998,303.05625251485696,296.6366723444911,303.06122688920703,296.4247601929481,0.25,2.621,2.365261097955619,2.621,-0.05900000000000016,2.371,0.04700000000000015,0.05217826807958781,0.0507815694658456,0.05219784163237703,0.05076566087520806,0.12524666792437555,0.12524666792437555,0.0007950868574143554,,,-0.0014569643890526493,-0.001456964389052691,,-0.002552056776473802,-0.002552056776473804,-0.8012342491865133,0.005138589125873225,,,0.0019862373164006575,0.001986237316400636,,0.0005307925666605464,0.0005307925666605505,-0.10374474145420917,0.00296683799164379,,,0.0002646364636740041,0.00026463646367397243,,-0.0010106321049066277,-0.0010106321049066268,-0.45248949532036126,0.003444623241174266,,,0.0006433886512738678,0.0006433886512738383,,-0.0006715186771618495,-0.0006715186771618479,-0.37576564946980784,1.0,0.12524666792437555
2021-04-16,-0.00014502970000002113,-0.028103388940000085,,,-0.028999999999999915,0.4912147795152939,6.0,0.4854801927283141,6.0,0.4283153520070375,6.0,0.491214779515293,6.0,-160.46262300000035,-160.910741600668,-170.44095835615187,-160.76031026472305,-171.44329437445373,0.25,2.592,2.365261097955619,2.592,-0.028999999999999915,2.342,-0.05900000000000016,-0.03215803467574289,-0.0330926138755564,-0.03194702720132788,-0.033186690247229596,0.4912147795152939,0.4912147795152939,0.0007467422469865507,,,-0.001353090863562596,-0.0013530908635626133,,-0.0023226574179660165,-0.0023226574179660404,,0.004142517845002598,,,0.001292567763022234,0.001292567763022231,,0.00010424856371536294,0.00010424856371535176,,0.0024446300459945746,,,-3.0261550270180943e-05,-3.0261550270191135e-05,,-0.0011092044271253268,-0.0011092044271253443,,0.00281816536177634,,,0.0002607608986541503,0.00026076089865414173,,-0.000842244769140375,-0.0008422447691403912,,1.0,0.4912147795152939
2021-04-23,-0.05806407835999999,-0.18408606229999996,,-0.3796850802000007,0.20399999999999974,1.4151954340708086,6.0,1.397471302221655,6.0,1.2328992444918967,6.0,1.4151954340708086,6.0,-795.5035202999998,-741.018591442825,-759.5883339898168,-740.4426063101806,-762.7598703465147,0.25,2.796,2.365261097955619,2.796,0.20399999999999974,2.546,-0.028999999999999915,-0.11817142512840392,-0.12033951229103429,-0.11738339435285189,-0.1206019700163291,1.4151954340708086,1.4151954340708086,-0.002117664894195317,,,-0.003232363409689679,-0.0032323634096896423,,-0.003614137642315529,-0.003614137642315592,0.028555476533546263,-0.006088615719264423,,,-0.008605290587823384,-0.008605290587823312,,-0.00879509157896817,-0.008795091578968278,0.01898748044439567,-0.00410314030672987,,,-0.005918826998756531,-0.005918826998756477,,-0.006204614610641849,-0.006204614610641935,0.023771478488970967,-0.004539944897487471,,,-0.006509848988351239,-0.006509848988351181,,-0.00677451954367364,-0.006774519543673731,0.0227189989191644,1.0,1.4151954340708086
2021-04-30,0.0019665360200000204,-0.02462639771999997,,-1.1808122488999997,-0.03299999999999992,-0.04565688710012092,6.0,-0.04442504335876038,6.0,-0.03918176837158993,6.0,-0.04565688710012053,6.0,125.5297615999998,113.65756528332683,108.38889721399792,113.60944808404419,108.50194482153577,0.25,2.763,2.365261097955619,2.763,-0.03299999999999992,2.513,0.20399999999999974,0.04187066272996748,0.03896778001147844,0.04182589857621777,0.0390072850655335,-0.04565688710012092,-0.04565688710012092,-0.002111898611557465,,,-0.0032093745250687694,-0.0032093745250687962,-0.0156373812172859,-0.003598336616235216,-0.003598336616235299,0.03393602659597089,-0.006060901439069307,,,-0.008320083655691882,-0.008320083655691904,0.11857591722802512,-0.008576862907794473,-0.00857686290779459,0.00506673742289199,-0.0040864000253133855,,,-0.005764729090380325,-0.0057647290903803505,0.051469268005369606,-0.006087599762014844,-0.006087599762014945,0.01950138200943144,-0.004520790336339688,,,-0.006326907094748868,-0.006326907094748892,0.06623273083435381,-0.006635237654086362,-0.006635237654086466,0.016325760200392763,1.0,-0.04565688710012092
2021-05-07,-0.002563447629999993,0.026348784319999985,,-0.2051066203000005,-0.06000000000000005,0.10819184330654683,6.0,0.10742735056956744,6.0,0.09478663210752702,6.0,0.10819184330654646,6.0,137.50340420000066,124.51443038185171,118.23681004203891,124.51277377751242,118.06129382271743,0.25,2.703,2.4276650493402006,2.703,-0.06000000000000005,2.453,-0.03299999999999992,0.01984322823937372,0.01888936773141347,0.01985327269971805,0.018869188928907293,0.10819184330654683,0.10819184330654683,-0.0019843784689040703,,,-0.0032454525708649675,-0.003245452570864976,,-0.0035980095323580393,-0.003598009532358101,,-0.005829081189401379,,,-0.00812166596638797,-0.008121665966387944,,-0.00842283424954132,-0.008422834249541414,,-0.003906729829152725,,,-0.005683559268626469,-0.00568355926862646,,-0.00601042189094968,-0.006010421890949758,,-0.004329647128407429,,,-0.006219942742133998,-0.006219942742133986,,-0.006541152609839841,-0.006541152609839922,,1.0,0.10819184330654683
2021-05-14,0.028706727759999995,0.02088491069999998,,0.7028902484000001,-0.042999999999999705,0.34553815257133447,6.0,0.34169386129502327,6.0,0.30146305594136,6.0,0.3455381525713346,6.0,642.9059859999998,637.3434726194312,629.0669923140164,637.4352404209457,628.3815628244491,0.25,2.66,2.4276650493402006,2.66,-0.042999999999999705,2.41,-0.06000000000000005,0.11079557666741294,0.10962131309341695,0.11092931246233768,0.10955945227986547,0.34553815257133447,0.34553815257133447,-0.0015801332280200651,,,-0.0031977059088583006,-0.003197705908858275,0.02436945286383325,-0.0037197631216199485,-0.0037197631216199572,,-0.005506238311726843,,,-0.00800003207063874,-0.008000032070638667,-0.0767755854976062,-0.008549701215373155,-0.008549701215373177,,-0.003543185769873454,,,-0.005598868989748521,-0.0055988689897484714,-0.026203066316886472,-0.006134732168496552,-0.006134732168496568,,-0.0039750573290811995,,,-0.006127124867544369,-0.0061271248675443145,-0.037329020536644816,-0.006666025358809405,-0.006666025358809421,,1.0,0.34553815257133447
2021-05-21,-0.022182160380000038,-0.061561579899999996,,-0.5181561200999996,0.1629999999999998,-0.18724746231272232,6.0,-0.18417834354453044,6.0,-0.16247601223054609,6.0,-0.18724746231272243,6.0,-459.61708910000016,-443.76369195148357,-449.39449979064807,-443.791105819427,-449.20478750696395,0.25,2.823,2.4276650493402006,2.823,0.1629999999999998,2.573,-0.042999999999999705,-0.08902836365274228,-0.08731262517888261,-0.0890378030001089,-0.08733986069626863,-0.18724746231272232,-0.18724746231272232,-0.0015685796123232545,,,-0.0031797653013126157,-0.0031797653013126625,-0.0029997769453259772,-0.00377131766823283,-0.0037713176682328594,0.0023196083373768356,-0.0055353131917809705,,,-0.0077975585226107424,-0.007797558522610783,0.2159486158431978,-0.008152094600312985,-0.00815209460031306,0.012829214390514813,-0.0035519464020521124,,,-0.005488661911961679,-0.005488661911961723,0.10647441944893592,-0.005961706134272908,-0.00596170613427296,0.0075744113639458245,-0.003988287095792461,,,-0.005996619166304473,-0.005996619166304516,0.13055874265567352,-0.006443591596801725,-0.006443591596801782,0.008730468029791001,1.0,-0.18724746231272232
2021-05-28,0.0020985709499999894,0.02658613635000001,,0.10011924490000013,-0.07699999999999996,-1.0104980589691857,6.0,-0.9967464653272929,6.0,-0.8793461829236513,6.0,-1.0104980589691857,6.0,28.62356980000004,-9.521644195277311,-6.854046664060185,-9.940233219933262,-4.695852308819454,0.25,2.746,2.4276650493402006,2.746,-0.07699999999999996,2.496,0.1629999999999998,0.0018755523759491207,0.000962964734919327,0.0013402736031864803,0.0011514552218968264,-1.0104980589691857,-1.0104980589691857,-0.0012563156486842802,,23.146133530361737,-0.003136397268126027,-0.0031363972681260357,0.00792213508907726,-0.003705716306736601,-0.003705716306736592,,-0.007758209708134614,,113.73773922572602,-0.00917369665970192,-0.009173696659701911,-0.0874090405631446,-0.009443140145173527,-0.009443140145173506,,-0.004507262678409447,,68.44193637804388,-0.006155046963913974,-0.006155046963913974,-0.03974345273703367,-0.006574428225955064,-0.006574428225955049,,-0.005222471024948984,,78.40701300453395,-0.006819149896987322,-0.00681914989698732,-0.05022988205877807,-0.007205544848183126,-0.007205544848183109,,1.0,-1.0104980589691857
2021-06-04,-0.005965154509999959,-0.013864277509999967,,-0.2693019691000007,-0.06700000000000017,0.14088025715738628,6.0,0.13969160054972019,6.0,0.12325104976128867,6.0,0.14088025715738617,6.0,243.38873200000035,229.96541690262288,223.4829500940683,229.9731634152834,223.24751673017155,0.25,2.679,3.213433538476795,2.679,-0.06700000000000017,2.429,-0.07699999999999996,0.03930630532738626,0.0380151145026449,0.0393286267949257,0.03799510560185883,0.14088025715738628,0.14088025715738628,-0.0013762278948183063,,,-0.0030933148067859035,-0.0030933148067859135,,-0.003828446217741357,-0.003828446217741353,0.04516278551886639,-0.007936898783520987,,,-0.009264134891214408,-0.00926413489121441,,-0.00896676957201039,-0.008966769572010381,0.059181859833343654,-0.004656563339169647,,,-0.006178724849000156,-0.006178724849000162,,-0.0063976078948758735,-0.0063976078948758675,0.052172322676105026,-0.005378237136926942,,,-0.0068575150582872915,-0.006857515058287297,,-0.006962823463845467,-0.00696282346384546,0.053714420850697525,1.0,0.14088025715738628
2021-06-11,-0.01822467363000002,-0.0506808748,,-0.5291131771999993,-0.08199999999999985,0.269502059483514,6.0,0.26664441025423424,6.0,0.23525234531195893,6.0,0.269502059483514,6.0,-684.9064874000005,-698.0821903988642,-705.465277589748,-698.0327936011539,-705.9503166924627,0.25,2.597,3.213433538476795,2.597,-0.08199999999999985,2.347,-0.06700000000000017,-0.13506805231901078,-0.13609865956403872,-0.13499314596804907,-0.13614589519296258,0.269502059483514,0.269502059483514,-0.0011776212315105848,,,-0.003040858016964145,-0.003040858016964176,-0.13073716853588463,-0.0037917961798302926,-0.0037917961798302454,-0.0058949505993481305,-0.007198896334039042,,,-0.009190796720860303,-0.00919079672086034,-0.33020788434730763,-0.008918006560974816,-0.008918006560974742,-0.0034455787342122447,-0.004188258782774813,,,-0.0061158273689122244,-0.006115827368912257,-0.23047252644159613,-0.006354901370402555,-0.006354901370402493,-0.004670264666780188,-0.004850599044052943,,,-0.006792320626340801,-0.006792320626340835,-0.25241430518085267,-0.006918784512328452,-0.006918784512328388,-0.0044008337616152395,1.0,0.269502059483514
2021-06-18,-0.012521753179999984,-0.03780307181000003,,-0.018959183600000706,-0.0019999999999997797,0.013502035792973266,6.0,0.01396623513792819,6.0,0.012332639664836317,6.0,0.013502035792973294,6.0,-365.06865239999934,-370.91508893664235,-376.88380142373967,-370.92999646824023,-376.9273896833602,0.25,2.595,3.213433538476795,2.595,-0.0019999999999997797,2.345,-0.08199999999999985,-0.057606798306321094,-0.060175983514116516,-0.05760621796552051,-0.06015546878259466,0.013502035792973266,0.013502035792973266,-0.0011881972567878236,,-103.55350624599201,-0.003024472536502291,-0.0030244725365023047,,-0.0036570036946002625,-0.0036570036946002647,0.04653284285014898,-0.007241458022875048,,4263.729391108669,-0.009164398554289742,-0.00916439855428976,,-0.009112926545192199,-0.009112926545192199,0.04337105443857338,-0.004214827639831436,,2080.0879424313384,-0.006094435545396016,-0.006094435545396033,,-0.006384965119896231,-0.006384965119896232,0.04495194864436118,-0.004880686324101031,,2560.489061140351,-0.006769827407352635,-0.0067698274073526524,,-0.006985116633461344,-0.0069851166334613446,0.04460415191908786,1.0,0.013502035792973266
2021-06-25,-0.0006556338700000053,-0.0020837071700000043,,-0.6491518357999997,0.06399999999999961,-0.7265614036503776,6.0,-0.576533484798492,6.0,-0.597730388395508,6.0,-0.7265614036503772,6.0,49.146089899999424,38.70727838281935,39.8086518585424,39.25368442086534,39.4886966669399,0.25,2.659,3.213433538476795,2.659,0.06399999999999961,2.409,-0.0019999999999997797,0.016976324273383043,0.017557881834166927,0.01704403320019386,0.016546256201751697,-0.7265614036503776,-0.7265614036503776,-0.0009828676549526012,-0.01706576908527766,,-0.0025720320922468327,-0.0025720320922468453,0.0949953127947918,-0.003481039688999832,-0.0034810396889998247,-65.28026750743304,-0.007015565417213374,-0.04300318649730206,,-0.008780989893292228,-0.008780989893292238,0.029155797892745194,-0.009001158415495853,-0.00900115841549583,-10.90972410483323,-0.003999216536082988,-0.03003447779128986,,-0.005676510992769531,-0.005676510992769542,0.0620755553437685,-0.006241099052247843,-0.006241099052247827,-38.094995806133134,-0.0046628132899316724,-0.032887593706612546,,-0.006359496350884524,-0.006359496350884534,0.054833208704543376,-0.006848312112162405,-0.0068483121121623875,-32.114236031847156,1.0,-0.7265614036503776
2021-07-02,0.0036007192999999993,0.004202696589999999,,0.12132901719999989,-0.1259999999999999,0.18600448062539177,6.0,0.18423029345710473,6.0,0.1625443219572415,6.0,0.18600448062539165,6.0,78.65839049999977,56.939449562079716,50.54627006631411,56.94188254887965,50.282580406985915,0.25,2.533,3.7582842062400696,2.533,-0.1259999999999999,2.283,0.06399999999999961,0.008890490076382963,0.007325048058117822,0.008901371415442203,0.007305717941326317,0.18600448062539177,0.18600448062539177,-0.0010898442418002684,,0.18104400666041567,-0.0025868893808735013,-0.002586889380873528,0.004421434235061076,-0.0035201880592071674,-0.0035201880592071496,,-0.006988596103045559,,33.23731523433783,-0.008683341557889275,-0.008683341557889315,0.054597095311147203,-0.009168837488963185,-0.009168837488963156,,-0.004039220172422913,,16.70917962049912,-0.005635115469381388,-0.005635115469381421,0.02950926477310414,-0.006344512774085176,-0.006344512774085153,,-0.004688082877159896,,20.345369455543636,-0.006305725208853123,-0.006305725208853158,0.03502858749147361,-0.006965864211358338,-0.006965864211358313,,1.0,0.18600448062539177
2021-07-09,0.0002852550199999859,0.018589259999999996,,-0.12617276789999998,-0.04699999999999971,1.3169525380951885,6.0,1.3005032030965213,6.0,1.1473512936085801,6.0,1.316952538095188,6.0,-92.10070039999937,-78.74545920696171,-94.64803013625637,-78.298604979419,-97.33922881466773,0.25,2.486,3.7582842062400696,2.486,-0.04699999999999971,2.236,-0.1259999999999999,-0.01239527058309331,-0.015046552416044748,-0.011796079127022095,-0.015263741218882697,1.3169525380951885,1.3169525380951885,-0.0011840320636064422,,,-0.002640197179757807,-0.0026401971797578045,0.03241075518413205,-0.003438699286857582,-0.0034386992868575893,,-0.005308444045111849,,,-0.006528589993832234,-0.006528589993832228,-0.011819449749695402,-0.007098729375849617,-0.007098729375849636,,-0.0032462380543591455,,,-0.0045843935867950205,-0.004584393586795016,0.010295652717218324,-0.0052687143313536,-0.005268714331353613,,-0.0036999233723247404,,,-0.005012116796343208,-0.005012116796343202,0.0054303301744973035,-0.0056713176411427235,-0.005671317641142737,,1.0,1.3169525380951885
2021-07-16,-0.005854697489999977,0.021282376410000026,0.004924319879999972,0.0743417663999999,-0.04900000000000038,0.009060675215415537,6.0,0.009582505521061102,6.0,0.008465191614055012,6.0,0.009060675215415537,6.0,-64.6601926000003,-77.92748033876006,-83.50674717197214,-77.9614455093739,-83.48926874668453,0.25,2.437,3.7582842062400696,2.437,-0.04900000000000038,2.187,-0.04699999999999971,-0.014322501294048717,-0.015674316035770932,-0.01435294962861178,-0.01567012246130478,0.009060675215415537,0.009060675215415537,-0.0010866979883354115,,,-0.0025826168438918716,-0.0025826168438918893,0.006327995299868094,-0.003389016803399078,-0.003389016803399093,0.02400466846877563,-0.00546218569181675,,,-0.006729027407811234,-0.00672902740781126,0.016487638849727912,-0.007415921737560235,-0.007415921737560256,-0.008568997230591882,-0.003274441840076081,,,-0.004655822125851553,-0.004655822125851574,0.011407817074798004,-0.005402469270479656,-0.005402469270479674,0.007717835619091873,-0.003755745487459028,,,-0.005111927287882683,-0.005111927287882705,0.012525377865282582,-0.005845428813237383,-0.0058454288132374025,0.004134732392161448,1.0,0.009060675215415537
2021-07-23,0.012016818139999996,0.038910041090000014,-0.00212173178999997,-0.12929831359999966,0.07500000000000018,-0.04281441633048366,6.0,-0.041619456403965804,6.0,-0.036706601619089785,6.0,-0.04281441633048333,6.0,41.22976920000019,46.26161767931918,40.156086748590035,46.25458974515943,40.144047873800815,0.25,2.512,3.7582842062400696,2.512,0.07500000000000018,2.262,-0.04900000000000038,0.01398597205753124,0.013370936030571177,0.013999847968083907,0.01336298851565244,-0.04281441633048366,-0.04281441633048366,-0.0011934782050859012,,,-0.0027179499514173124,-0.0027179499514173584,0.006669589410484787,-0.0034288198931013156,-0.003428819893101292,0.0046861132434133975,-0.005653682602023896,,,-0.0070182285183074304,-0.007018228518307482,0.017222062010986038,-0.007685918792980376,-0.007685918792980335,0.42440768199243273,-0.0034235804035548986,,,-0.004868089234862372,-0.00486808923486242,0.011945825710735412,-0.005557369343040845,-0.005557369343040814,0.21454689761792306,-0.003914202887218078,,,-0.005341119877220284,-0.005341119877220334,0.01310659769679055,-0.006025650222027542,-0.006025650222027509,0.2607162701803152,1.0,-0.04281441633048366
2021-07-30,-0.019802415099999998,-0.056591457820000024,-0.011281496309999972,-0.026043781800000332,0.20800000000000018,-0.15580262942360096,6.0,-0.15314153785710205,6.0,-0.13509448003100466,6.0,-0.1558026294236013,6.0,-352.8789039000003,-329.3734120637154,-335.5914123176439,-329.3725979265031,-335.516438525597,0.25,2.72,3.7582842062400696,2.72,0.20800000000000018,2.47,0.07500000000000018,-0.06880591763879296,-0.0683306989450806,-0.06877249532682041,-0.06834609374352994,-0.15580262942360096,-0.15580262942360096,-0.0010711616872380856,,,-0.002655617586929522,-0.002655617586929516,0.030233219981393153,-0.0033104633434583998,-0.003310463343458393,,-0.005148448663234865,,,-0.006373658082028276,-0.006373658082028267,0.08984479400300877,-0.007292311811481621,-0.00729231181148161,,-0.0031098051752364757,,,-0.0045146378344788985,-0.0045146378344788915,0.06003900699220096,-0.0053013875774700105,-0.005301387577470002,,-0.003558306742596121,,,-0.004923622288939762,-0.004923622288939754,0.06659628013457868,-0.005739390908952565,-0.005739390908952555,,1.0,-0.15580262942360096
2021-08-06,-0.02262987789000001,-0.05575140172999998,-0.016996838170000028,-0.3278845594999993,-0.15600000000000014,0.07443750291709339,6.0,0.07411100548136651,6.0,0.0653940269215777,6.0,0.07443750291709322,6.0,-137.31634870000016,-165.9593403329108,-171.2469597443794,-166.00898324003577,-171.2466673308978,0.25,2.564,4.853458483804383,2.564,-0.15600000000000014,2.314,0.20800000000000018,-0.02996306219889506,-0.03269654770322551,-0.030020549165068213,-0.032673049677942635,0.07443750291709339,0.07443750291709339,-0.001007662775946409,,,-0.0024514348987681625,-0.002451434898768141,0.006026889793585535,-0.0031202071303479844,-0.0031202071303479788,,-0.005018076026496683,,,-0.005917396399697742,-0.005917396399697711,0.014548008590340122,-0.006850885581681034,-0.006850885581681031,,-0.003012869401221546,,,-0.0041844156492329525,-0.004184415649232926,0.010287449191962828,-0.004985546356014509,-0.004985546356014505,,-0.0034540148587820763,,,-0.004565671414335206,-0.0045656714143351785,0.011224772259605834,-0.005395920985661145,-0.00539592098566114,,0.0,0.0
2021-08-13,-0.006790263709999994,0.0042087417099999636,,-0.01664509160000005,0.09099999999999975,-0.013323782095485903,6.0,-0.01251149174795696,6.0,-0.011026746561890954,6.0,-0.013323782095485792,6.0,-122.9447025999998,-114.82376640822004,-121.28239009838245,-114.81403671596789,-121.37311496573417,0.5,2.655,4.853458483804383,2.655,0.09099999999999975,2.155,-0.15600000000000014,-0.020480886393029127,-0.021303136691919144,-0.020443424618614037,-0.02131425020561445,-0.013323782095485903,-0.013323782095485903,-0.0011916075329754074,-0.0011916075329754005,-30.5576397515392,-0.0024219624110476644,-0.002421962411047669,,-0.003087373136597825,-0.003087373136597828,0.009865676503871247,-0.0052884945892445944,-0.005288494589244568,-11.686832148616398,-0.005816456058250291,-0.005816456058250284,,-0.006811260185277427,-0.006811260185277447,-0.02666264401446577,-0.003240051061110001,-0.0032400510611099846,-21.122235950077798,-0.004119209234648978,-0.004119209234648977,,-0.004949316660937626,-0.0049493166609376376,-0.008398483755297262,-0.0036907086372996115,-0.003690708637299593,-19.04644711375629,-0.004492603535841267,-0.004492603535841264,,-0.005358944236292382,-0.005358944236292395,-0.012416599012314332,0.0,-0.0
2021-08-20,-0.011631260710000008,-0.01518056311999999,,-0.18523359430000053,-0.10499999999999998,0.05347428099101076,6.0,0.053419801689745916,6.0,0.04713967212188208,6.0,0.053474280991011036,6.0,-337.7288887999998,-358.8381292764634,-364.34513190709356,-358.8765564277635,-364.35775050418613,0.5,2.55,4.853458483804383,2.55,-0.10499999999999998,2.05,0.09099999999999975,-0.08757742810110333,-0.08939445247928945,-0.08761760851174813,-0.0893864308298063,0.05347428099101076,0.05347428099101076,-0.001255974698835454,-0.0012559746988353962,-1.2107201014028959,-0.0025467084228085633,-0.002546708422808552,,-0.003101844857170988,-0.003101844857170962,,-0.005336050954424963,-0.0053360509544248145,-16.850728396180102,-0.005729542181514981,-0.005729542181514966,,-0.006852029899013295,-0.006852029899013255,,-0.0032960128266302084,-0.0032960128266301056,-9.030724248791499,-0.0041381253021617725,-0.004138125302161759,,-0.004976937378092142,-0.004976937378092109,,-0.003744821214745054,-0.003744821214744941,-10.75112516121699,-0.004488237015619478,-0.004488237015619465,,-0.005389457732694796,-0.005389457732694761,,0.0,0.0
2021-08-27,0.018072410439999992,0.04168845969000001,,,-0.03200000000000003,-0.017232179403738,6.0,-0.016369173810801385,6.0,-0.014430100846579474,6.0,-0.017232179403738113,6.0,502.98525740000014,491.8408636538522,486.3406233963916,491.8035508887972,486.3937469468387,0.5,2.518,4.853458483804383,2.518,-0.03200000000000003,2.018,-0.10499999999999998,0.1341708668828549,0.1320469985152863,0.13413888045313405,0.13206791667594822,-0.017232179403738,-0.017232179403738,-0.0013025054813289435,-0.0013025054813289546,,-0.0025456881092613647,-0.002545688109261362,-904.4952421505282,-0.003075891488949511,-0.003075891488949505,0.22196293089821534,-0.0054663585521316825,-0.005466358552131703,,-0.005690882843675088,-0.005690882843675085,-3.4481610547824793,-0.006836004438080637,-0.0068360044380806305,-1.7557607926860728,-0.003384432016730313,-0.003384432016730329,,-0.004118285476468226,-0.0041182854764682236,-453.97170160265534,-0.004955947963515074,-0.004955947963515068,-0.7668989308939287,-0.003842455854518614,-0.003842455854518631,,-0.0044642568972537355,-0.004464256897253733,-354.8565226821233,-0.0053695603879194975,-0.0053695603879194915,-0.9844485404882005,0.0,-0.0
2021-09-03,0.007608586750000007,0.03262263943999999,,,0.019000000000000128,-0.027891444789882758,6.0,-0.02689012489128695,6.0,-0.02371197616845977,6.0,-0.027891444789882924,6.0,38.47351999999955,35.070159656800136,29.269324981122367,35.047844841651596,29.288215157832525,0.5,2.537,5.117527029322179,2.537,0.019000000000000128,2.037,-0.03200000000000003,-0.008031542928678118,-0.0070779566816855394,-0.008045171491328317,-0.0071111165220905884,-0.027891444789882758,-0.027891444789882758,-0.0013147161913984124,-0.001314716191398481,-0.07338176958869595,-0.0025165897942636306,-0.002516589794263609,0.012459341858006628,-0.003097104053509734,-0.003097104053509695,-0.0397742091813435,-0.005769008757859472,-0.005769008757859643,-0.3055580364615062,-0.005657700089450658,-0.00565770008945061,0.010921567599302252,-0.006958636623774452,-0.006958636623774394,-0.07723196771947013,-0.0035418624746289423,-0.003541862474629062,-0.18946990302510108,-0.004087144941857144,-0.00408714494185711,0.01169045472865444,-0.005027870338642093,-0.005027870338642044,-0.05850308845040682,-0.004031834656939659,-0.00403183465693979,-0.21500929238111022,-0.004432667074327717,-0.00443266707432768,0.011521299560196957,-0.005452638921371212,-0.005452638921371161,-0.06262344188960074,0.0,-0.0
2021-09-10,-0.0007797332399999968,-0.00821715370999998,,-0.1075377015999992,0.002000000000000224,-0.12204828903414766,6.0,-0.11982519276890069,6.0,-0.10570187484505489,6.0,-0.12204828903414766,6.0,3.695062599999801,-4.2542497207768175,-9.184780059107869,-4.317429486093312,-8.952283934723786,1.0,2.539,5.117527029322179,2.539,0.002000000000000224,1.5390000000000001,0.019000000000000128,-0.0019605452072267654,-0.0025130140170352513,-0.002026210187611078,-0.002501819511827464,-0.12204828903414766,-0.12204828903414766,-0.0013933070694284778,-0.001393307069428442,,-0.0019066960387954359,-0.0019066960387954265,,-0.0027840534062785133,-0.002784053406278532,0.020061796920470075,-0.00603784592613969,-0.006037845926139608,,-0.005073955726790786,-0.005073955726790764,,-0.006903455836089228,-0.006903455836089255,0.03352852421540479,-0.003715576497784084,-0.003715576497784025,,-0.003490325882793111,-0.003490325882793095,,-0.00484375462118387,-0.004843754621183894,0.02679516056793743,-0.004226475772022317,-0.004226475772022253,,-0.0038387244484725993,-0.0038387244484725824,,-0.005296888888463049,-0.0052968888884630735,0.028276500570380253,0.0,-0.0
2021-09-17,-0.00014652620999999755,-0.001448668480000026,,,0.004999999999999893,-0.11245495018661777,6.0,-0.11035633679646417,6.0,-0.09734818705536374,6.0,-0.11245495018661808,6.0,50.60585290000017,43.31749592856374,38.288731280970026,43.2589499025032,38.49806431524265,1.0,2.544,5.117527029322179,2.544,0.004999999999999893,1.544,0.002000000000000224,0.010193809065574674,0.009534254548975496,0.010134634616667634,0.009545257798199041,-0.11245495018661777,-0.11245495018661777,-0.0013610988183221998,-0.0013610988183222247,,-0.0015823693144575714,-0.0015823693144575665,-0.01967242080541909,-0.0025751974478036227,-0.002575197447803624,-0.022701976932745095,-0.006067321810229613,-0.0060673218102296695,,-0.00516390490173526,-0.005163904901735246,-1.5954204357051216,-0.006871248349013245,-0.006871248349013247,-0.10545890760910778,-0.0037142103142759064,-0.003714210314275947,,-0.0033731371080964155,-0.003373137108096406,-0.8075464282552703,-0.004723222898408434,-0.004723222898408435,-0.06408044227092644,-0.004231894843385722,-0.004231894843385766,,-0.003767106022696961,-0.003767106022696951,-0.9808787098942376,-0.005195788497541492,-0.005195788497541494,-0.07318370464532634,0.0,-0.0
2021-09-24,0.003193102619999999,0.007079077380000021,,,0.17899999999999983,-0.29010937328900555,6.0,-0.28570552147120704,6.0,-0.25204610908667685,6.0,-0.29010937328900516,6.0,69.30970720000005,85.58968734298445,80.64893059432497,85.53044947057711,81.03383896400246,1.0,2.723,5.117527029322179,2.723,0.17899999999999983,1.7229999999999999,0.004999999999999893,0.021102326100025236,0.021660875552581553,0.021054813725404103,0.021671220797433603,-0.29010937328900555,-0.29010937328900555,-0.0013757227555555875,-0.0013757227555555387,,-0.0014362405691941947,-0.0014362405691942055,-0.09308900349338939,-0.002596401436342561,-0.0025964014363425545,0.11009919687031187,-0.00610563863851464,-0.006105638638514527,,-0.005127376794579916,-0.0051273767945799395,3.9102433943307258,-0.006839928192470752,-0.00683992819247074,0.0368814637716794,-0.0037406806970351134,-0.0037406806970350327,,-0.0032818086818870553,-0.0032818086818870726,1.908577195418668,-0.004718164814406657,-0.0047181648144066475,0.07349033032099564,-0.00426097144416061,-0.004260971444160521,,-0.003687833666679485,-0.0036878336666795034,2.348943759179321,-0.005184952757580757,-0.005184952757580748,0.06543637968014607,0.0,-0.0
2021-10-01,0.0007141511200000061,0.006775317820000015,,,0.13400000000000034,0.09966443099763152,6.0,0.09901058970517887,6.0,0.08736113185002348,6.0,0.09966443099763161,6.0,-1.1145804999996471,15.9868602389232,8.313438095358357,16.05400784700641,7.941441455658298,1.0,2.857,5.684416546929388,2.857,0.13400000000000034,1.8570000000000002,0.17899999999999983,0.005635197753059635,0.005501439007772092,0.00574995909744296,0.00545440057006761,0.09966443099763152,0.09966443099763152,-0.001330273946755761,-0.0013302739467557956,-28.230738818426623,-0.0013222173894427364,-0.0013222173894427286,0.016346893804893348,-0.0026365934588053167,-0.002636593458805319,,-0.005983468018794154,-0.005983468018794235,693.1125720126244,-0.005214410863956655,-0.005214410863956643,0.31815548383027503,-0.00697277772821505,-0.006972777728215036,,-0.0036568709827749573,-0.0036568709827750154,332.44091659709886,-0.003268314126699696,-0.003268314126699686,0.1672511888175842,-0.004804685593510183,-0.004804685593510178,,-0.00416872233069918,-0.004168722330699244,411.7886807885145,-0.003696455408896227,-0.0036964554088962168,0.20045013372037618,-0.0052816658631452545,-0.005281665863145247,,0.0,0.0
2021-10-08,0.021363962799999997,-0.005023881660000007,,,-0.13100000000000023,0.35157840295681697,6.0,0.3476557335739657,6.0,0.3067227852904258,6.0,0.3515784029568169,6.0,281.9776813999997,262.8096043498086,255.14915136773095,262.8709593059762,254.548352114583,1.0,2.726,5.684416546929388,2.726,-0.13100000000000023,1.726,0.13400000000000034,0.05676576904407062,0.05480831334525636,0.056853782959872645,0.0547652125135051,0.35157840295681697,0.35157840295681697,-0.0010705124684557423,-0.0010705124684557738,,-0.0013987743877869993,-0.0013987743877869835,,-0.0025646717614931022,-0.0025646717614931057,10.148855160235113,-0.006619533153378381,-0.0066195331533784535,,-0.005784991390598954,-0.005784991390598914,,-0.00723903259318655,-0.007239032593186544,-0.09412176471472111,-0.0038450228109170614,-0.003845022810917114,,-0.0035918828891929764,-0.0035918828891929487,,-0.004901852177339826,-0.004901852177339825,5.027366697760196,-0.004455415086258551,-0.004455415086258609,,-0.004074366759502291,-0.004074366759502261,,-0.005416031868826106,-0.005416031868826103,3.9006392360157145,0.0,0.0
2021-10-15,0.02948235945999997,0.05219776556,,,0.002000000000000224,-0.2240219278949176,6.0,-0.2204756247722035,6.0,-0.1944984820910287,6.0,-0.2240219278949177,6.0,490.66440969999985,480.66371790522595,476.53689839892786,480.5631074605501,476.9804123932329,1.5,2.728,5.684416546929388,2.728,0.002000000000000224,1.2280000000000002,-0.13100000000000023,0.08774248926049284,0.08803338362335404,0.08762648824626414,0.08804923024758707,-0.2240219278949176,-0.2240219278949176,-0.0010599254639344288,-0.0010599254639344297,0.7848637450648853,-0.0013991652253477116,-0.001399165225347716,-0.017030860411278093,-0.002630134058554748,-0.0026301340585547566,0.0779402460119309,-0.006670791627269182,-0.006670791627269179,9.598852321485673,-0.0057864202357211176,-0.005786420235721132,0.7114487525167492,-0.007477862531961585,-0.007477862531961587,0.046397547043119325,-0.003865358545601805,-0.0038653585456018043,5.191858033275279,-0.0035927927305344147,-0.0035927927305344242,0.34720894605273556,-0.0050539982952581665,-0.005053998295258172,0.062168896527525115,-0.0044825538235686285,-0.004482553823568627,6.161396776681565,-0.004075390781675489,-0.0040753907816755,0.4273417034748186,-0.005587248427332919,-0.005587248427332922,0.05869919964095584,0.0,-0.0
2021-10-22,0.0032522731200000377,0.02721389794000001,0.028237860660000003,,-0.016000000000000014,0.05347428099101145,6.0,0.05341980168974664,6.0,0.047139672121882525,6.0,0.05347428099101151,6.0,79.41330830000061,72.18713125231935,66.0089534392031,72.18170489000268,65.89810154443673,1.5,2.712,5.684416546929388,2.712,-0.016000000000000014,1.2120000000000002,0.002000000000000224,0.0004964787605294795,0.0008216662882912472,0.0005030392555716058,0.0007866588521984064,0.05347428099101145,0.05347428099101145,-0.0011230945205576589,-0.0011230945205576175,-2.89972550458749,-0.0014535027820572592,-0.0014535027820572971,2.8288543896258416,-0.002646450513483582,-0.002646450513483595,,-0.006532351892096035,-0.0065323518920959445,49.009899882068794,-0.005369119651352977,-0.005369119651353047,-4.180977017616842,-0.007465856230456854,-0.0074658562304568705,,-0.003827723206326847,-0.003827723206326781,23.05508718874065,-0.003411311216705118,-0.0034113112167051722,-0.6760613139955001,-0.0050561533719702175,-0.005056153371970233,,-0.004422741517196068,-0.004422741517195997,28.76514598127284,-0.003842029072327647,-0.003842029072327705,-1.4471427687921952,-0.005586288000837277,-0.005586288000837293,,0.0,0.0
2021-10-29,-0.007243776079999986,-0.0037905272600000095,-0.0022340970599999954,0.062165983200000774,0.11999999999999966,-0.11529742095625625,6.0,-0.11316192375125994,6.0,-0.0998233538078645,6.0,-0.11529742095625638,6.0,-95.67619730000024,-85.08294575710894,-90.95655614661025,-85.09989367814288,-90.86827174665387,1.5,2.832,5.684416546929388,2.832,0.11999999999999966,1.3319999999999999,-0.016000000000000014,-0.015068819662099695,-0.014984181952810826,-0.015065323976887627,-0.014993892838938726,-0.11529742095625625,-0.11529742095625625,-0.0011118809607997566,-0.0011118809607997553,27.701893779194403,-0.0014653073411779933,-0.0014653073411780078,,-0.0026515367880611297,-0.002651536788061106,,-0.006356821428840817,-0.006356821428840821,-79.24942333714321,-0.005420847088400276,-0.005420847088400291,,-0.007418814024501281,-0.00741881402450123,,-0.003734351194820287,-0.003734351194820288,-25.773764778974403,-0.0034430772147891345,-0.0034430772147891493,,-0.005035175406281206,-0.005035175406281168,,-0.004311294646304803,-0.004311294646304805,-37.538409661771546,-0.003878186586983586,-0.0038781865869836007,,-0.005559575902289622,-0.005559575902289582,,0.0,-0.0
2021-11-05,0.0010329856999999887,-0.003972453729999992,-0.00371479929999996,-0.09463082400000022,-0.07200000000000006,-1.079605629556014,6.0,-1.0649572981657682,6.0,-0.939523674593832,6.0,-1.079605629556014,6.0,-110.32122350000009,-149.07671069593232,-145.902144524734,-149.51881252812296,-143.60646201011093,1.5,2.76,5.522120545964882,2.76,-0.07200000000000006,1.2599999999999998,0.11999999999999966,-0.03368658148040166,-0.03364954507774306,-0.03425381006765757,-0.03346469437989044,-1.079605629556014,-1.079605629556014,-0.0011813176045193988,-0.0011813176045194112,-0.03834716014721966,-0.0013482547948034673,-0.001348254794803435,-0.03165312430540476,-0.0027540515374659177,-0.0027540515374659138,,-0.006051736196138457,-0.0060517361961384825,0.9528905772911378,-0.005165294915154916,-0.005165294915154857,0.038497077548704794,-0.006865900202428631,-0.0068659002024286184,,-0.003616526900328928,-0.003616526900328947,0.4572717085719591,-0.0032567748549791917,-0.003256774854979146,0.0034219766216500164,-0.004809975869947274,-0.004809975869947266,,-0.004152272945407025,-0.004152272945407045,0.5663078596901784,-0.003676649268217851,-0.0036766492682178023,0.011138498825602068,-0.005262279223093172,-0.005262279223093164,,0.0,-0.0
2021-11-12,-0.0019471064100000102,-0.01217577202000003,,,0.051000000000000156,-0.14336681980643384,6.0,-0.14086709492986937,6.0,-0.12426562548881248,6.0,-0.1433668198064334,6.0,80.6095650999996,79.87487731854178,74.74284673559397,79.8220412978009,74.96537459314139,2.0,2.811,5.522120545964882,2.811,0.051000000000000156,0.8109999999999999,-0.07200000000000006,0.01969996234335597,0.019003728215622115,0.019652201481676373,0.019017660510995096,-0.14336681980643384,-0.14336681980643384,-0.001251737071695556,-0.0012517370716956088,,-0.0013859368207004958,-0.0013859368207005422,,-0.0027651649227021383,-0.0027651649227021383,,-0.006200753445389801,-0.006200753445389913,,-0.005271178838904273,-0.005271178838904369,,-0.006676094143708509,-0.006676094143708506,,-0.0037262452585426786,-0.003726245258542761,,-0.003328557829802384,-0.0033285578298024557,,-0.004720629533205324,-0.004720629533205322,,-0.004270637059649045,-0.0042706370596491345,,-0.0037559344518048,-0.0037559344518048763,,-0.005150831747516025,-0.005150831747516023,,0.0,-0.0
2021-11-19,-0.0009723408000000267,0.006870822840000013,,,-0.020000000000000018,-0.007994149402414497,6.0,-0.007251016207715066,6.0,-0.0063858089009518615,6.0,-0.007994149402415163,6.0,-160.35455639999964,-169.4412371699288,-175.10478299814488,-169.47070945777688,-175.08402098816623,2.0,2.791,5.522120545964882,2.791,-0.020000000000000018,0.7909999999999999,0.051000000000000156,-0.03544562610323261,-0.03616819731920873,-0.03546888590239183,-0.03617368432699248,-0.007994149402414497,-0.007994149402414497,-0.0010488239985177476,-0.0010488239985177515,-3.202190962607178,-0.00136393318497854,-0.0013639331849785489,,-0.0027203968988750893,-0.0027203968988751036,0.01632756478694062,-0.005690957641954493,-0.005690957641954498,4.803422018840525,-0.005062328844461058,-0.00506232884446107,,-0.006635197232759047,-0.006635197232759085,-0.003904703633385087,-0.0033698908202361203,-0.003369890820236125,0.8006155281166736,-0.003213131014719799,-0.0032131310147198097,,-0.004677797065817068,-0.004677797065817094,0.006211430576777767,-0.0038805255210141625,-0.003880525521014167,1.6812329560759207,-0.0036199545372628756,-0.003619954537262887,,-0.0051084251025443035,-0.005108425102544332,0.003985881050541939,0.0,-0.0
2021-11-26,-0.011544036309999978,-0.020983027430000023,-0.0008091496000000031,0.07263153889999963,0.20999999999999996,-0.3124938305999059,6.0,-0.3077995187402254,6.0,-0.2715380472626221,6.0,-0.31249383059990543,6.0,-88.29220739999982,-67.62685628981602,-72.62496882923503,-67.68281599597752,-72.2279555561694,2.0,3.001,5.522120545964882,3.001,0.20999999999999996,1.001,-0.020000000000000018,-0.004865167675656288,-0.004705697953319828,-0.0049050591135249445,-0.00468673485594431,-0.3124938305999059,-0.3124938305999059,-0.0009835411796248292,-0.0009835411796248025,,-0.0011179721636280174,-0.0011179721636280114,,-0.002672461388338484,-0.00267246138833845,,-0.0057298132246550275,-0.005729813224654976,,-0.0062576795705352045,-0.0062576795705352,,-0.006503938686539682,-0.006503938686539623,,-0.0033566772021399282,-0.0033566772021398896,,-0.003687825867081611,-0.0036878258670816058,,-0.004588200037439083,-0.004588200037439037,,-0.00387876712709325,-0.0038787671270932083,,-0.004253193681841402,-0.0042531936818413964,,-0.005009662540241214,-0.005009662540241166,,0.0,-0.0
2021-12-03,-0.015037896820000007,-0.0038614991200000004,,-0.03027706299999977,-0.20699999999999985,0.1483417429276852,6.0,0.14705626630605861,6.0,0.12974836248660315,6.0,0.1483417429276852,6.0,-15.930761600000551,-51.04250250216103,-56.52799623444336,-51.08392851276052,-56.624345641809896,2.0,2.794,6.256223074756967,2.794,-0.20699999999999985,0.794,0.20999999999999996,-0.011821692871340885,-0.014099599809219009,-0.011873604872607545,-0.014093765090778981,0.1483417429276852,0.1483417429276852,-0.001345307090869676,-0.0013453070908696705,,-0.0013714460238500538,-0.0013714460238500555,,-0.0026759173009830383,-0.002675917300983049,,-0.005927743916174882,-0.005927743916174863,,-0.006421493068838869,-0.006421493068838878,,-0.006586545970980403,-0.006586545970980433,,-0.003636525503522279,-0.0036365255035222667,,-0.0038964695463444615,-0.0038964695463444667,,-0.004631231635981721,-0.004631231635981741,,-0.004140593554305851,-0.004140593554305838,,-0.004451974721293231,-0.004451974721293237,,-0.00506140078968143,-0.005061400789681453,,0.0,0.0
2021-12-10,-0.0009370260199999814,0.019360488469999992,,-0.011542021600000396,-0.008999999999999897,-0.004441060940366892,6.0,-0.0037440325142201747,6.0,-0.0032918504603258736,6.0,-0.004441060940367336,6.0,78.78578950000065,71.48646961080294,65.71196568480596,71.46238027701078,65.71323396166845,2.5,2.785,6.256223074756967,2.785,-0.008999999999999897,0.28500000000000014,-0.20699999999999985,0.015264124893972011,0.0143353903720792,0.015249189085360939,0.014331918719676835,-0.004441060940366892,-0.004441060940366892,-0.0008668411733287264,-0.0008668411733287543,-0.08451625277941568,-0.001302506351261864,-0.0013025063512618444,,-0.002700965444249216,-0.0027009654442492117,,-0.015455715321827431,-0.015455715321827518,0.1829960323831036,-0.005930698529543761,-0.005930698529543718,,-0.006560024379179711,-0.0065600243791797104,,-0.008161278247578079,-0.008161278247578136,0.04923988980184396,-0.0036166024404028123,-0.003616602440402781,,-0.004630494911714463,-0.0046304949117144615,,-0.009766054403912936,-0.009766054403913,0.07866624116972107,-0.004125703580013821,-0.0041257035800137875,,-0.005054991394556819,-0.005054991394556816,,0.0,-0.0
2021-12-17,0.0031879310299999797,0.008327315790000012,0.003136255209999994,-0.45723958869999937,-0.0040000000000000036,0.06839725253161144,6.0,0.06814913320242422,6.0,0.06013429757251254,6.0,0.06839725253161189,6.0,58.200981399999364,53.1468799472963,46.76059038463529,53.15138078995572,46.60561288696588,2.5,2.781,6.256223074756967,2.781,-0.0040000000000000036,0.28100000000000014,-0.008999999999999897,0.00926110583174851,0.008513633434762394,0.00928355870179148,0.008493161072961648,0.06839725253161144,0.06839725253161144,-0.006648640431433257,-0.00664864043143326,0.006294505672081021,-0.001278970514148769,-0.0012789705141487222,,-0.0026958850945224266,-0.002695885094522419,0.0007165386410905672,-0.030453497878819052,-0.03045349787881905,0.10093409176163921,-0.005981156506477592,-0.005981156506477493,,-0.00658795077998863,-0.0065879507799886106,-0.002871362789970876,-0.018551069155126155,-0.018551069155126155,0.05361429871686012,-0.003630063510313181,-0.003630063510313108,,-0.004641917937255528,-0.004641917937255515,-0.0010774120744401544,-0.02116960347433859,-0.02116960347433859,0.06402465318671152,-0.004147303969469351,-0.004147303969469273,,-0.00507004516265681,-0.005070045162656796,-0.0014720812318569133,0.0,0.0
2021-12-24,-0.0004297908199999978,-0.01967864520000001,-0.002259152870000003,0.04871362140000013,0.06299999999999972,-0.08687271325987389,6.0,-0.08510605420330042,6.0,-0.07507168628285421,6.0,-0.08687271325987389,6.0,150.11482360000082,152.38848806319947,146.72070054831022,152.3608384442467,146.81307809640145,2.5,2.844,6.256223074756967,2.844,0.06299999999999972,0.34399999999999986,-0.0040000000000000036,0.02997052894297003,0.029697170916574474,0.029955876672098133,0.029692517147871397,-0.08687271325987389,-0.08687271325987389,-0.006941063260086549,-0.00694106326008656,0.00947518624978296,-0.0012890285551533846,-0.0012890285551533862,,-0.002492445854841834,-0.002492445854841776,,-0.031536679079982734,-0.03153667907998277,0.2408500639258338,-0.006081733885599772,-0.006081733885599772,,-0.006291016585782916,-0.006291016585782818,,-0.01923887117003464,-0.019238871170034665,0.12516262508780837,-0.0036853812203765783,-0.003685381220376579,,-0.004391731220312375,-0.004391731220312297,,-0.02194438891022322,-0.02194438891022325,0.15061386163217397,-0.004212578806725681,-0.004212578806725682,,-0.004809574000715894,-0.004809574000715812,,0.0,-0.0
2021-12-31,0.002489525980000018,0.03468076950000004,0.010409716550000003,-0.04992894370000034,-0.009999999999999787,0.00941598406161881,6.0,0.009933203890409636,6.0,0.008774587458116545,6.0,0.00941598406161881,6.0,115.62717780000003,108.45062731730054,102.5744496246899,108.43125358706389,102.54814674428572,2.5,2.834,6.256223074756967,2.834,-0.009999999999999787,0.3340000000000001,0.06299999999999972,0.016928332852984066,0.01641218505107503,0.01691872171633805,0.016399206547239083,0.00941598406161881,0.00941598406161881,-0.007039598645721323,-0.0070395986457213,0.030499601367921073,-0.0012791195677026024,-0.001279119567702552,0.8682435849870139,-0.002489597260277533,-0.002489597260277498,0.04134974968731974,-0.03066623334393696,-0.030666233343936897,0.2466162676732469,-0.005749310272236074,-0.005749310272235965,2.5426833167117127,-0.006213553721836764,-0.0062135537218367095,-0.1332253250085997,-0.01885291599482914,-0.0188529159948291,0.138557934520584,-0.003514214919969338,-0.0035142149199692586,1.7054634508493633,-0.004351575491057149,-0.004351575491057104,-0.04593778766063998,-0.021451845811632862,-0.021451845811632814,0.16233076781416983,-0.00400593589746802,-0.004005935897467934,1.88965182133908,-0.004761210701828664,-0.004761210701828617,-0.06514104587719112,0.0,0.0
2022-01-07,0.005576322770000003,0.01705473748999997,,0.003197080299999655,0.2650000000000001,0.017588087524329277,6.0,0.01799926638544802,6.0,0.01589069187155734,6.0,0.017588087524329055,6.0,351.21688599999925,387.10183788193655,379.08739540637606,387.187432552873,378.7406518338593,3.0,3.099,5.550589370590722,3.099,0.2650000000000001,0.0990000000000002,-0.009999999999999787,0.07581158601737213,0.07650015872570184,0.07596003763024477,0.07644462079948297,0.017588087524329277,0.017588087524329277,-0.006878215935536582,-0.006878215935536574,0.06208387804408733,-0.0013559084387895744,-0.001355908438789621,,-0.002559188712771868,-0.0025591887127718693,,-0.030243095465504313,-0.030243095465504327,0.7289992114681926,-0.005715116566175899,-0.00571511656617598,,-0.006178629686241876,-0.006178629686241888,,-0.01856065570052045,-0.01856065570052045,0.39554154475613995,-0.0035355125024827366,-0.003535512502482801,,-0.004368909199506872,-0.004368909199506879,,-0.0211307924488169,-0.021130792448816903,0.4689022314327915,-0.004015025396495232,-0.0040150253964953,,-0.004767047706588573,-0.004767047706588581,,1.0,0.017588087524329277
2022-01-14,0.01773440643999999,0.026552821720000064,,0.19431709270000042,0.006999999999999673,0.1089024609989564,6.0,0.10812874730826616,6.0,0.09540542379565209,6.0,0.1089024609989564,6.0,392.219435,389.6960514499646,382.9075636273923,389.7194989771795,382.6566259907817,3.0,3.106,5.550589370590722,3.106,0.006999999999999673,0.10599999999999987,0.2650000000000001,0.05901290198860819,0.05890732460038784,0.05905984673221075,0.058867597221780615,0.1089024609989564,0.1089024609989564,-0.006096907356178149,-0.006096907356178158,,-0.0012199548663676001,-0.0012199548663675852,,-0.0025084053545366865,-0.002508405354536651,,-0.029005151851279276,-0.029005151851279175,,-0.005590407329822639,-0.005590407329822588,,-0.006169276867676689,-0.0061692768676766445,,-0.017551029603728712,-0.017551029603728667,,-0.00340518109809512,-0.0034051810980950865,,-0.004338841111106688,-0.004338841111106648,,-0.020070936498189838,-0.02007093649818978,,-0.003885930869075174,-0.003885930869075137,,-0.004741536977552088,-0.004741536977552047,,1.0,0.1089024609989564
2022-01-21,0.019009790019999973,0.02445278166999998,0.024448051199999987,0.06834609449999984,-0.04400000000000004,0.1813854656247299,6.0,0.17967121465556168,6.0,0.15852217598442786,6.0,0.18138546562473012,6.0,-48.27896839999994,-57.299691873974965,-64.27485247266371,-57.2685491321769,-64.61949091451379,3.0,3.062,5.550589370590722,3.062,-0.04400000000000004,0.06199999999999983,0.006999999999999673,-0.018641893414105427,-0.01905067126399769,-0.018588691131105686,-0.01909491658549359,0.1813854656247299,0.1813854656247299,-0.005589810003312547,-0.005589810003312566,,-0.0010815657988594157,-0.0010815657988594363,,-0.0024151786194721624,-0.002415178619472162,-0.2104627153201656,-0.028840819745750854,-0.028840819745750843,,-0.005360932276696838,-0.005360932276696869,,-0.006068712999614502,-0.0060687129996145,0.013055755769825378,-0.0172153148745317,-0.017215314874531706,,-0.003221249037778127,-0.003221249037778153,,-0.004241945809543332,-0.004241945809543331,-0.09870347977517012,-0.019772925946199914,-0.019772925946199914,,-0.003691979350340243,-0.0036919793503402704,,-0.004643834591358989,-0.004643834591358988,-0.07411644795527111,1.0,0.1813854656247299
2022-01-28,-0.005450183759999949,-0.002769573120000035,0.0020661252199999924,-0.02340346939999982,0.09800000000000031,-0.025759591712654184,6.0,-0.02478593467519019,6.0,-0.0218556011040838,6.0,-0.025759591712654406,6.0,-106.55097159999968,-97.58827729966087,-104.00167653301837,-97.58051675673092,-104.07439372821814,3.0,3.16,5.550589370590722,3.16,0.09800000000000031,0.16000000000000014,-0.04400000000000004,-0.011977787114925607,-0.012430087959304462,-0.01194296476811602,-0.012445692478036487,-0.025759591712654184,-0.025759591712654184,-0.005488842278856318,-0.005488842278856327,0.013118224698279566,-0.0010377773376041856,-0.0010377773376041605,0.09964146195707636,-0.0023770841549697755,-0.002377084154969778,-0.08246435975663927,-0.028953516409490274,-0.02895351640949029,0.12731487436079364,-0.005197861147794108,-0.005197861147794044,-0.01551680769111397,-0.005791569566696766,-0.005791569566696773,-0.05559702879070967,-0.017221179344173297,-0.017221179344173308,0.0702165495295366,-0.003117819242699147,-0.003117819242699102,0.0420623271329812,-0.00408432686083327,-0.004084326860833275,-0.06903069427367448,-0.01980229349854303,-0.019802293498543042,0.08277818099241314,-0.0035754284618200382,-0.0035754284618199897,0.029394917471680257,-0.00445992025612324,-0.004459920256123245,-0.06607528786742221,1.0,-0.025759591712654184
2022-02-04,-0.012751754230000023,-0.026105924260000024,0.007670121490000015,0.0,0.18100000000000005,-0.1646853505787198,6.0,-0.16190899709083872,6.0,-0.14282937613256974,6.0,-0.1646853505787198,6.0,-138.28601900000012,-119.17093462717996,-125.11531028374874,-119.18339247741649,-124.9921540313703,3.0,3.341,5.9873108600645315,3.341,0.18100000000000005,0.3410000000000002,0.09800000000000031,-0.012972607676281049,-0.01297131791322817,-0.012957933969500483,-0.012974993603503971,-0.1646853505787198,-0.1646853505787198,-0.0056037992345748504,-0.005603799234574799,0.03861903116517091,-0.0009808054905482522,-0.0009808054905482294,0.07423492164040775,-0.0023357517408423975,-0.002335751740842377,,-0.029210276565120593,-0.029210276565120406,0.6735117898827956,-0.00513605009873882,-0.0051360500987387625,-0.10899138501512742,-0.005639628285339194,-0.005639628285339169,,-0.01740703789984772,-0.017407037899847603,0.3560654105239833,-0.0030584277946435357,-0.003058427794643496,-0.017378231687359837,-0.003987690013090796,-0.003987690013090773,,-0.020003750406207756,-0.02000375040620762,0.4259036139829219,-0.0035155047015444983,-0.0035155047015444545,-0.03753312541946871,-0.004351116432985443,-0.0043511164329854204,,1.0,-0.1646853505787198
2022-02-11,0.016549984239999982,0.030480062009999975,0.0017143388300000506,0.043259923399999956,0.17399999999999993,0.15011828715870967,6.0,0.14880975815280628,6.0,0.13129534170691648,6.0,0.15011828715870967,6.0,566.2843031000002,590.6402911495286,582.2675624017993,590.7407902818366,581.7470099112847,3.5,3.515,5.9873108600645315,3.515,0.17399999999999993,0.015000000000000124,0.18100000000000005,0.10787529547675856,0.10733549075270825,0.10803767821720768,0.10728296535005095,0.15011828715870967,0.15011828715870967,-0.005396120445941911,-0.0053961204459419265,,-0.001101628659063567,-0.0011016286590636,,-0.00228291088540129,-0.002282910885401305,,-0.028267454461208066,-0.028267454461208104,,-0.005359450045929324,-0.005359450045929368,,-0.0055801645223856385,-0.005580164522385673,,-0.016831787453574987,-0.016831787453575015,,-0.0032305393524964454,-0.003230539352496484,,-0.003931537703893464,-0.003931537703893489,,-0.019347634195254267,-0.019347634195254294,,-0.0036988997050516783,-0.0036988997050517187,,-0.004294235603961742,-0.00429423560396177,,1.0,0.15011828715870967
2022-02-18,0.016790707540000005,0.005316383710000094,0.009160028239999951,0.09032815559999996,-0.013000000000000345,0.003020424829934143,6.0,0.0036206332421200305,6.0,0.0032054622649902997,6.0,0.003020424829934143,6.0,61.36947869999949,53.59630184101192,47.79315498209493,53.573468155889444,47.78339790668273,3.5,3.502,5.9873108600645315,3.502,-0.013000000000000345,0.0019999999999997797,0.17399999999999993,-0.004566328914525294,-0.004224758546746758,-0.004582247981754221,-0.004250883333365169,0.003020424829934143,0.003020424829934143,-0.0053793666147708506,-0.005379366614770866,,-0.0011513830985025167,-0.0011513830985025442,,-0.002351074966715101,-0.0023510749667151353,0.06297883349485688,-0.028226646179642354,-0.028226646179642306,,-0.005393517991223402,-0.005393517991223443,,-0.005526363917040197,-0.0055263639170402435,0.10180588770435539,-0.016803006397206603,-0.016803006397206586,,-0.0032724505448629595,-0.003272450544862994,,-0.003938719441877649,-0.003938719441877689,0.08239236059960614,-0.019316207149342467,-0.019316207149342443,,-0.003739085383062257,-0.0037390853830622925,,-0.004288001226413409,-0.004288001226413452,0.08666333656265096,1.0,0.003020424829934143
2022-02-25,-0.0032170619099999853,-0.014341898850000034,-0.01324503279,0.003723632299999835,0.06000000000000005,-0.2783841813642478,6.0,-0.27413247528267437,6.0,-0.24183604623261035,6.0,-0.2783841813642478,6.0,-52.74515489999976,-54.79204958644305,-58.927805070812255,-54.891108233265015,-58.435814434701875,3.5,3.562,5.9873108600645315,3.562,0.06000000000000005,0.06199999999999983,-0.013000000000000345,-0.009341094942403136,-0.009393538386379385,-0.00944953767433656,-0.009366093080415526,-0.2783841813642478,-0.2783841813642478,-0.005224959903604275,-0.005224959903604249,,-0.0011308486321154603,-0.0011308486321154724,,-0.002341520424356544,-0.0023415204243565028,0.06464073505781176,-0.02785335602967222,-0.027853356029672056,,-0.005313720546607904,-0.005313720546607912,,-0.005404154480855032,-0.005404154480854974,0.20818545673297711,-0.016539157966638247,-0.016539157966638154,,-0.003222284589361682,-0.003222284589361692,,-0.0038728374526057884,-0.0038728374526057385,0.13641309589539444,-0.01902828154050572,-0.01902828154050561,,-0.0036824004999558508,-0.0036824004999558603,,-0.004209727198820622,-0.00420972719882057,0.15220301527966262,1.0,-0.2783841813642478
2022-03-04,0.013050243660000016,0.017925513999999976,,0.10309165760000027,-0.11699999999999999,0.5210607225964944,6.0,0.5149388557536709,6.0,0.45430460290829844,6.0,0.5210607225964944,6.0,290.2640535999999,276.6892647957648,267.587449489938,276.8180214588963,266.62048169661057,3.5,3.445,6.630501981896522,3.445,-0.11699999999999999,-0.05500000000000016,0.06000000000000005,0.04355213454665716,0.04132252243612012,0.04372973682735405,0.04125146672135008,0.5210607225964944,0.5210607225964944,-0.005265028647841814,-0.005265028647841803,,-0.0011157176336495393,-0.0011157176336495007,,-0.0022959360211450104,-0.002295936021144995,,-0.02690346538553842,-0.026903465385538353,,-0.005602680965688845,-0.005602680965688747,,-0.005429121375100609,-0.005429121375100596,,-0.016084247016690117,-0.01608424701669008,,-0.0033591992996691925,-0.003359199299669124,,-0.0038625286981228096,-0.0038625286981227953,,-0.018464475057836743,-0.018464475057836698,,-0.003852765266193516,-0.003852765266193441,,-0.004207179087057925,-0.004207179087057911,,1.0,0.5210607225964944
2022-03-11,0.0005516011899999729,-0.00868421499999994,,0.42477019589999987,0.07400000000000029,0.07727997368673001,6.0,0.07691659243616089,6.0,0.06786919367407773,6.0,0.07727997368673023,6.0,90.86464800000067,98.15641732388477,91.111897160417,98.19310071846672,90.85244621161422,4.0,3.519,6.630501981896522,3.519,0.07400000000000029,-0.48099999999999987,-0.11699999999999999,0.011843956073783288,0.011843761275650582,0.011913655728988186,0.011803111317741196,0.07727997368673001,0.07727997368673001,-0.005221120878366015,-0.005221120878366053,,-0.0012089376793137329,-0.0012089376793137504,0.05579926148805604,-0.002010713948943491,-0.0020107139489434715,,-0.0266898507917929,-0.026689850791793028,,-0.0058255439652364766,-0.005825543965236493,-0.25198255003019115,-0.0044319158627789575,-0.004431915862778917,,-0.015955485835079455,-0.01595548583507954,,-0.003517240822275105,-0.0035172408222751217,-0.09809164427106756,-0.003221314905861224,-0.003221314905861194,,-0.018317046125556416,-0.018317046125556506,,-0.004025067513726607,-0.004025067513726623,-0.13194764353807475,-0.0034876471163831253,-0.003487647116383093,,1.0,0.07727997368673001
2022-03-18,-0.00038127844999996663,-0.0019175523300000163,,-0.012413947299999784,-0.03000000000000025,0.09362418061215161,6.0,0.09304871742623866,6.0,0.08210140250095949,6.0,0.09362418061215128,6.0,-49.59287400000085,-58.195217726884124,-64.58426105910647,-58.191097709676804,-64.76274421596973,4.0,3.489,6.630501981896522,3.489,-0.03000000000000025,-0.5110000000000001,0.07400000000000029,-0.010693579706375739,-0.011630598980631363,-0.0106734874680133,-0.011650599784549916,0.09362418061215161,0.09362418061215161,-0.005010196189807678,-0.005010196189807678,0.018839105553529547,-0.0011859002632480134,-0.0011859002632480348,0.06776116787499803,-0.001491268956092132,-0.0014912689560921265,,-0.027181552379148474,-0.027181552379148485,0.889379074910037,-0.005826270355552422,-0.005826270355552472,-0.27135998192317556,-0.004939863629728195,-0.004939863629728178,,-0.016095874284478076,-0.016095874284478083,0.45410909023178325,-0.003506085309400218,-0.003506085309400253,-0.10179940702408877,-0.0032155662929101636,-0.0032155662929101523,,-0.018534723465305564,-0.01853472346530557,0.5498684868609991,-0.004016526019553703,-0.004016526019553741,-0.13910273350188787,-0.0035949117070101302,-0.0035949117070101177,,1.0,0.09362418061215161
2022-03-25,0.0029426483699999673,0.013658818249999927,,-0.06252316900000032,0.23500000000000032,-0.4109143809986294,6.0,-0.4049429670500341,6.0,-0.3572406960679703,6.0,-0.4109143809986293,6.0,195.44447470000068,218.02965989110916,213.6187219673489,217.94684359498993,214.19180694837172,4.0,3.724,6.630501981896522,3.724,0.23500000000000032,-0.2759999999999998,-0.03000000000000025,0.038997426636554366,0.039733323959175296,0.03892359014149467,0.03975893808123802,-0.4109143809986294,-0.4109143809986294,-0.004681805017424536,-0.004681805017424564,,-0.001155576445816171,-0.0011555764458161721,0.05741258574013853,-0.0013300798341750032,-0.001330079834175016,-0.28298214692159973,-0.02618005793991942,-0.026180057939919437,,-0.005932006027184693,-0.005932006027184671,1.4935207650376774,-0.005000724669298985,-0.005000724669298999,12.903939142916238,-0.015430931478671977,-0.015430931478672,,-0.003543791236500432,-0.003543791236500422,0.775466675388908,-0.003165402251736994,-0.0031654022517370074,6.31047849799732,-0.017795739300146416,-0.017795739300146437,,-0.004069198490450969,-0.004069198490450956,0.9334385751116372,-0.0035691731836006322,-0.0035691731836006452,7.761039839879482,1.0,-0.4109143809986294
2022-04-01,0.012810974779999984,0.040475868220000044,0.08041784626999998,0.5142742934999998,-0.2020000000000004,0.14585458100425341,6.0,0.144601377720614,6.0,0.1275825915781662,6.0,0.14585458100425341,6.0,-13.856153900000209,-48.23798106422853,-53.74157856421674,-48.27846604131785,-53.83829991885655,4.0,3.522,7.697086961959881,3.522,-0.2020000000000004,-0.4780000000000002,0.23500000000000032,-0.0167826604554687,-0.018408082950202194,-0.016834093205384645,-0.01841323643742448,0.14585458100425341,0.14585458100425341,-0.0046291351354646945,-0.004629135135464659,,-0.0011085875581434775,-0.0011085875581435156,,-0.0012755608435667367,-0.0012755608435667332,0.37512449554635363,-0.02500083379822601,-0.0250008337982259,,-0.0057745875509489205,-0.00577458755094899,,-0.005067794958215773,-0.005067794958215766,14.153043953508908,-0.014814984466845352,-0.01481498446684528,,-0.003441587554546199,-0.003441587554546253,,-0.0031716779008912547,-0.0031716779008912495,7.264084224527631,-0.017055871319749095,-0.017055871319749016,,-0.003954847553754797,-0.003954847553754855,,-0.003588823653502649,-0.003588823653502643,8.779655364903512,1.0,0.14585458100425341
2022-04-08,-0.011484795150000005,-0.012141992440000027,-0.010308059460000019,,0.6259999999999999,-0.32528494906327754,6.0,-0.3204246600368069,6.0,-0.2826762976488768,6.0,-0.32528494906327754,6.0,-308.9733249000001,-223.67366736322225,-231.70814438142395,-223.5800713280205,-231.74381985363658,4.5,4.148,7.697086961959881,4.148,0.6259999999999999,-0.3520000000000003,-0.2020000000000004,-0.013604278400062578,-0.01104507241761999,-0.013418143492040235,-0.011095611734340247,-0.32528494906327754,-0.32528494906327754,-0.0046928221199093595,-0.004692822119909366,,-0.0010972687529172004,-0.0010972687529171828,,-0.0013574026888572635,-0.001357402688857252,,-0.02527633900470048,-0.025276339004700346,,-0.005869235160874296,-0.005869235160874244,,-0.005115525697587867,-0.005115525697587851,,-0.01498458056230492,-0.014984580562304856,,-0.003483251956895748,-0.0034832519568957134,,-0.003236464193222565,-0.0032364641932225518,,-0.017248767419631942,-0.017248767419631862,,-0.004008168261771029,-0.00400816826177099,,-0.0036498577241829318,-0.003649857724182918,,1.0,-0.32528494906327754
2022-04-15,-0.015536190269999972,-0.011745180269999933,0.001641778100000102,,-0.024999999999999467,0.3167581360287476,6.0,0.313287293377715,6.0,0.27640199257228715,6.0,0.3167581360287475,6.0,-180.37717109999994,-183.71083465693602,-191.89622697756434,-183.6229565978799,-192.54196830957468,4.5,4.123,7.697086961959881,4.123,-0.024999999999999467,-0.3769999999999998,0.6259999999999999,-0.020629269016843425,-0.022647876465575287,-0.02049756380336159,-0.02269139770481758,0.3167581360287476,0.3167581360287476,-0.0056127478676232375,-0.005612747867623243,0.008053064683338279,-0.0011829225315055907,-0.001182922531505585,,-0.0014498924739754103,-0.0014498924739753999,0.47716047933637157,-0.024474294727043197,-0.02447429472704314,0.016022570126875656,-0.005871227206678647,-0.005871227206678626,,-0.00522396290753504,-0.005223962907534996,2.0405541846460484,-0.015043521297333218,-0.015043521297333192,0.012037817405106968,-0.003527074869092119,-0.0035270748690921054,,-0.003336927690755225,-0.003336927690755198,1.25885733199121,-0.01711829145186941,-0.017118291451869383,0.012914463003896079,-0.004042788383361155,-0.00404278838336114,,-0.0037520754384467838,-0.0037520754384467534,1.4308306395752743,1.0,0.3167581360287476
2022-04-22,-0.019813933780000015,-0.027065742730000064,-0.003454626520000059,,0.3389999999999995,-0.29686024136689537,6.0,-0.2923687904888469,6.0,-0.257924630123866,6.0,-0.2968602413668955,6.0,-150.30825360000017,-109.20576279033003,-115.29991927131516,-109.20815139086946,-115.07764026432585,4.5,4.462,7.697086961959881,4.462,0.3389999999999995,-0.038000000000000256,-0.024999999999999467,-0.0039584117302193,-0.0031567539393066654,-0.0039186463499787695,-0.0031612583692342336,-0.29686024136689537,-0.29686024136689537,5.4486890168305895e-05,5.4486890168305075e-05,-0.018692720319111303,-0.0010919351999436678,-0.0010919351999436537,,-0.0013878679914069983,-0.0013878679914069972,,-0.0024860074996392043,-0.0024860074996391843,-0.0007628402502617046,-0.005767747675308417,-0.005767747675308369,,-0.004786831650581041,-0.004786831650581055,,-0.0012157603047354493,-0.0012157603047354395,-0.009727780284686504,-0.0034298414376260425,-0.0034298414376260113,,-0.00308734982099402,-0.0030873498209940263,,-0.0014952146876142753,-0.0014952146876142634,-0.007755493477113048,-0.003944180809916165,-0.00394418080991613,,-0.003461235823503164,-0.0034612358235031728,,1.0,-0.29686024136689537
2022-04-29,-0.016677780029999978,-0.024212005779999934,,,0.1200000000000001,-0.2975708590593058,6.0,-0.2930701872275472,6.0,-0.2585434218119923,6.0,-0.2975708590593056,6.0,-252.09681209999962,-245.1703120210825,-249.60732430315207,-245.25416565121523,-249.14185465138584,4.5,4.582,7.697086961959881,4.582,0.1200000000000001,0.08199999999999985,0.3389999999999995,-0.03460857820059268,-0.03479795780696739,-0.03469185585853144,-0.03476911072646998,-0.2975708590593058,-0.2975708590593058,5.775854538520367e-05,5.7758545385159246e-05,-0.01578650994131994,-0.001047711805364285,-0.001047711805364313,-0.009086473881858487,-0.0013329765523902612,-0.0013329765523902649,,-0.0025294719552175974,-0.002529471955217653,-0.004519187476594972,-0.005659526408913712,-0.005659526408913749,0.48655568939433436,-0.00476449987247157,-0.004764499872471576,,-0.0012358567049161968,-0.001235856704916247,-0.010152848708957456,-0.0033536191071389986,-0.003353619107139031,0.23873460775623795,-0.0030487382124309154,-0.0030487382124309206,,-0.001520452059982505,-0.001520452059982556,-0.00891344323783771,-0.0038609187135294353,-0.0038609187135294687,0.29325524571661915,-0.0034262057776398595,-0.0034262057776398647,,1.0,-0.2975708590593058
2022-05-06,-0.02432244729000002,-0.0011778188200000095,,0.013989364400000426,0.12400000000000055,0.3483806233409723,6.0,0.34449944824981893,6.0,0.30393822269386117,6.0,0.348380623340973,6.0,-462.61028570000053,-442.0653751576315,-451.62365468137557,-441.91064116346575,-452.4992916034132,4.5,4.706,7.814554405715243,4.706,0.12400000000000055,0.2060000000000004,0.1200000000000001,-0.06532533979057509,-0.06661211698610597,-0.06509511559657631,-0.06668509905552375,0.3483806233409723,0.3483806233409723,8.900720303718353e-05,8.900720303712372e-05,0.0014099962427685656,-0.0010912152791426404,-0.0010912152791426784,,-0.001296503473604192,-0.0012965034736042366,,-0.00116548460184604,-0.0011654846018460843,0.02950927322205661,-0.005151010059557159,-0.005151010059557213,,-0.0044753837637412945,-0.004475383763741373,,-0.0005382386994044283,-0.0005382386994044803,0.015459634732412587,-0.0031211126693499,-0.0031211126693499454,,-0.0028859436186727434,-0.002885943618672805,,-0.000676232797941583,-0.0006762327979416332,0.018550555200134274,-0.003567690095195497,-0.0035676900951955443,,-0.0032356204505878247,-0.00323562045058789,,1.0,0.3483806233409723
2022-05-13,-0.012734451049999984,-0.02376626753000005,-0.008197808429999953,-0.6080279489000002,-0.1070000000000002,0.28406972217791093,6.0,0.28102304339756345,6.0,0.2479375749185272,6.0,0.28406972217791004,6.0,-234.96765789999972,-251.75004360648967,-259.05941427589016,-251.7045694534168,-259.5470051656514,5.0,4.599,7.814554405715243,4.599,-0.1070000000000002,-0.4009999999999998,0.12400000000000055,-0.03658680034588034,-0.03941712767107274,-0.03651589707865314,-0.03943464958058119,0.28406972217791093,0.28406972217791093,-0.000384132205929027,-0.00038413220592903937,,-0.0010897246404071607,-0.0010897246404071557,,-0.0012411191091485853,-0.0012411191091486256,0.04336253190620442,-0.000490193701749068,-0.0004901937017489966,,-0.005150475859514068,-0.0051504758595140206,,-0.0044096495526897385,-0.004409649552689872,0.09342793338957961,-0.0004371629538390475,-0.00043716295383901797,,-0.0031201002499606145,-0.003120100249960588,,-0.002825384330919162,-0.002825384330919249,0.06839523264789202,-0.000448829718379252,-0.00044882971837921325,,-0.0035667828840623746,-0.003566782884062343,,-0.0031739226797086887,-0.0031739226797087862,0.0739024268110633,1.0,0.28406972217791093
2022-05-20,0.0025926290899999926,0.009267739070000003,-0.051217449359999945,,-0.02400000000000002,0.30432232641158175,6.0,0.30101285045048415,6.0,0.2655731380300963,6.0,0.30432232641158175,6.0,185.1659393,181.73809699125547,173.6431768925435,181.8217811286984,173.0220657021912,5.0,4.575,7.814554405715243,4.575,-0.02400000000000002,-0.4249999999999998,-0.1070000000000002,0.041553917593967094,0.03958995209321394,0.04168013927789213,0.03954774168301212,0.30432232641158175,0.30432232641158175,-0.0003536381907298349,-0.00035363819072983685,-0.008510287238866746,-0.0010238092150087145,-0.0010238092150087127,,-0.0012511369851146135,-0.0012511369851146154,,-0.00010698031115869864,-0.00010698031115861837,-0.007843147598475065,-0.005122796024292147,-0.00512279602429213,,-0.0044483991895162495,-0.004448399189516237,,-0.00023030925094426677,-0.0002303092509442276,-0.008176717418670905,-0.0030733026196504308,-0.0030733026196504212,,-0.0028497680873154317,-0.0028497680873154265,,-0.00020317688419144178,-0.00020317688419139356,-0.00810333205822782,-0.0035241911686716087,-0.003524191168671597,,-0.0032014669297996115,-0.0032014669297996045,,1.0,0.30432232641158175
2022-05-27,0.022040231240000013,-0.009207643170000002,0.027905828329999993,,-0.3390000000000004,0.15651384639039684,6.0,0.15512232880109844,6.0,0.13686446690004492,6.0,0.156513846390397,6.0,249.31415600000037,193.77620043422488,189.22174865238424,193.68882910439117,189.2541827344021,5.0,4.236,7.814554405715243,4.236,-0.3390000000000004,-0.7640000000000002,-0.02400000000000002,0.021479548206081767,0.01926155473806635,0.021356410199639488,0.019274734442574673,0.15651384639039684,0.15651384639039684,-0.0007553795820424096,-0.0007553795820424128,,-0.0010664172637615645,-0.0010664172637615816,0.11440246026156714,-0.0011189825381113972,-0.0011189825381114126,,0.010169890304553307,0.010169890304553345,,-0.004971282718375925,-0.004971282718375946,0.3851215743059127,-0.005345986029840672,-0.005345986029840687,,0.004707255361255449,0.004707255361255466,,-0.003018849991068745,-0.003018849991068764,0.24976201728373992,-0.0032324842839760344,-0.0032324842839760496,,0.0059090350487809775,0.005909035048780999,,-0.0034483851910763245,-0.0034483851910763435,0.2795411198286179,-0.003697454668066255,-0.00369745466806627,,1.0,0.15651384639039684
2022-06-03,-0.00555792166000002,-0.027098030439999976,-0.008410243450000077,,0.19399999999999995,-0.3586839806065269,6.0,-0.3533903067556586,6.0,-0.31175950699076377,6.0,-0.35868398060652673,6.0,-55.36681099999987,-38.12648779488271,-42.6398894246749,-38.20533489027804,-42.1296332256451,5.0,4.43,8.485509877929793,4.43,0.19399999999999995,-0.5700000000000003,-0.3390000000000004,-0.008741884919445513,-0.007574018964255244,-0.00881479648880074,-0.007562384263447465,-0.3586839806065269,-0.3586839806065269,-0.0008870196984659962,-0.0008870196984659104,0.21186547536434516,-0.0010700782148704716,-0.0010700782148704254,,-0.0011394683870860282,-0.0011394683870860252,,0.011242089419861045,0.011242089419861283,-0.27665486443007126,-0.004734886908217301,-0.004734886908217208,,-0.005165071011414415,-0.005165071011414406,,0.005177534860697525,0.005177534860697686,-0.03239469453286305,-0.002902482561543886,-0.0029024825615438167,,-0.0031522696992502216,-0.0031522696992502155,,0.006511736863713499,0.006511736863713678,-0.08613193191024883,-0.003305611517812037,-0.0033056115178119625,,-0.0035950859879263436,-0.0035950859879263376,,1.0,-0.3586839806065269
2022-06-10,0.009209613310000003,0.010437717339999986,-0.006132941019999949,,0.28500000000000014,-0.3007686386751486,6.0,-0.29622647255169265,6.0,-0.2613279844085557,6.0,-0.30076863867514914,6.0,-266.6294633000007,-234.02902853403367,-239.6851508810984,-234.05287471053356,-239.3951818556304,5.5,4.715,8.485509877929793,4.715,0.28500000000000014,-0.7850000000000001,0.19399999999999995,-0.034130197876497015,-0.03333739635822805,-0.034122982227005286,-0.033336980676156466,-0.3007686386751486,-0.3007686386751486,-0.0017157579304324906,-0.001715757930432397,,-0.0004919682929169699,-0.0004919682929169045,,-0.0012423950319811054,-0.0012423950319811043,0.012855158873699228,0.010823271021674248,0.010823271021674383,,-0.012508611524476538,-0.012508611524476368,,-0.005017187531940573,-0.005017187531940574,-0.17094009179821007,0.004553756545620879,0.004553756545620994,,-0.006500289908696754,-0.006500289908696636,,-0.0031297912819608395,-0.003129791281960839,-0.07904246646225542,0.00593304973035262,0.005933049730352739,,-0.007822120664168307,-0.007822120664168177,,-0.0035450184569563808,-0.003545018456956381,-0.09925994403616545,1.0,-0.3007686386751486
2022-06-17,0.005543047319999994,-0.0017629209599999696,,-0.22070697549999974,0.24600000000000044,0.6244555968420823,6.0,0.6169920812343708,6.0,0.5443387935305215,6.0,0.6244555968420826,6.0,-347.14891869999974,-302.0195573233231,-314.6737747951213,-301.71824957528344,-316.2553608790972,5.5,4.961,8.485509877929793,4.961,0.24600000000000044,-0.5389999999999997,0.28500000000000014,-0.040753910915109104,-0.0419283576944524,-0.04032236762631088,-0.04206373536457224,0.6244555968420823,0.6244555968420823,0.001232945865329218,0.0012329458653292393,,-0.0038772754822375905,-0.0038772754822374656,0.031179867109046203,-0.000793785071247559,-0.0007937850712475666,,0.012685395182136846,0.012685395182136903,,-0.018901026646257056,-0.018901026646256824,0.10875674522028105,-0.004421279086266991,-0.004421279086266975,,0.0069591705237330315,0.0069591705237330714,,-0.011389151064247323,-0.011389151064247144,0.06996830616466362,-0.002607532078757275,-0.0026075320787572707,,0.00821893994858187,0.008218939948581914,,-0.013041763692289463,-0.013041763692289274,0.07850176275689945,-0.0030065564204094126,-0.0030065564204094053,,1.0,0.6244555968420823
2022-06-24,-0.020771010759999986,0.01280998927999999,,0.004834259699999954,-0.125,0.22153536524586892,6.0,0.21930013039205298,6.0,0.19348390636350404,6.0,0.221535365245869,6.0,-29.331322699999873,-50.17950779394562,-56.86026720132955,-50.16366196320658,-57.19858599579177,5.5,4.836,8.485509877929793,4.836,-0.125,-0.6639999999999997,0.24600000000000044,-0.002281240119070085,-0.004924208380352624,-0.0022508439540746003,-0.004931930749591386,0.22153536524586892,0.22153536524586892,0.0015019396089386576,0.0015019396089387353,0.0026714465539077236,-0.003952729738292445,-0.0039527297382924344,,-0.0007884925125425246,-0.0007884925125425195,-0.031450113297303614,0.013519532725423727,0.013519532725423803,-0.013987634938191893,-0.018900116778029965,-0.018900116778029975,,-0.004382481480147657,-0.004382481480147638,1.135111074268749,0.007510736167181192,0.007510736167181269,-0.005658094192142084,-0.011426423258161206,-0.011426423258161206,,-0.0025854869963450908,-0.002585486996345079,0.5518304804857227,0.008832671409994549,0.008832671409994627,-0.0074905931562730425,-0.013070635832532332,-0.013070635832532335,,-0.002980825782781655,-0.002980825782781642,0.6801522111179884,1.0,0.22153536524586892
2022-07-01,0.011632778389999987,-0.01199396383000001,-0.019671149180000014,-0.5342049253000001,-0.12900000000000045,0.09930912215142824,6.0,0.09865989133583068,6.0,0.08705173600596186,6.0,0.09930912215142794,6.0,-192.70975309999994,-216.64069240418505,-222.3279537908582,-216.67119440201034,-222.40893026330548,5.5,4.707,8.418861897861412,4.707,-0.12900000000000045,-0.7930000000000001,-0.125,-0.04556268983191276,-0.047241343190417874,-0.045594816805140416,-0.04724239988548444,0.09930912215142824,0.09930912215142824,0.0011751604321363,0.0011751604321362694,,-0.004269721736364655,-0.004269721736364577,,-0.0008528633034154185,-0.0008528633034153818,,0.013496059989171728,0.013496059989171609,,-0.018895082498428018,-0.018895082498427893,,-0.0042700864153113905,-0.004270086415311322,,0.007335610210654014,0.007335610210653939,,-0.011582402117396336,-0.011582402117396235,,-0.0025614748593634044,-0.002561474859363352,,0.00869090916192791,0.008690909161927825,,-0.013191191801223306,-0.013191191801223199,,-0.0029373694016719613,-0.0029373694016719054,,1.0,0.09930912215142824
2022-07-08,-0.010473338139999983,-0.03692554521000002,-0.007466969729999995,,0.07500000000000018,-0.5356277860165048,6.0,-0.5280380946917033,6.0,-0.4658386373339515,6.0,-0.5356277860165045,6.0,-16.796313800000462,-21.67827483438962,-23.89967014132179,-21.866195982038622,-22.89191185381032,6.0,4.782,8.418861897861412,4.782,0.07500000000000018,-1.218,-0.12900000000000045,0.000670429037384596,0.0003843610065109846,0.00044777378541860846,0.00046250144468701305,-0.5356277860165048,-0.5356277860165048,0.003531621222044736,0.0035316212220446574,-0.0020760510283439853,-0.003343352258138349,-0.003343352258138336,,-0.0006765893668239113,-0.0006765893668238781,,0.01669878216595552,0.01669878216595541,0.002304672867298285,-0.015987550698028846,-0.015987550698028822,,-0.003538716027911267,-0.003538716027911203,,0.010115201694000127,0.010115201694000035,0.00011431091947714986,-0.009665451478083597,-0.009665451478083578,,-0.0021076526973675892,-0.0021076526973675407,,0.011563589397830313,0.011563589397830218,0.0005961905479977995,-0.011056313306471551,-0.011056313306471532,,-0.0024224866300871983,-0.0024224866300871463,,1.0,-0.5356277860165048
2022-07-15,-0.0070765156,-0.001759376619999975,,,0.11299999999999955,-0.067686035564816,6.0,-0.06616834225842838,6.0,-0.05836431070347245,6.0,-0.067686035564816,6.0,-194.87303509999947,-184.41392296209318,-190.6099960396582,-184.41599010573324,-190.6125094481679,6.0,4.895,8.418861897861412,4.895,0.11299999999999955,-1.1050000000000004,0.07500000000000018,-0.0358062855255144,-0.03606936643812213,-0.03578334962322413,-0.03608150702279977,-0.067686035564816,-0.067686035564816,0.003617484517549647,0.0036174845175496245,-0.005140169457202624,-0.003367181770060168,-0.0033671817700601015,,-0.0006614602333689985,-0.0006614602333689853,,0.015740296196278376,0.0157402961962783,0.01966540461503617,-0.016220104107310444,-0.016220104107310354,,-0.003602416890853331,-0.0036024168908532755,,0.009678890356914011,0.009678890356913963,0.007262617578916773,-0.009793642938685307,-0.009793642938685228,,-0.002131938562111165,-0.0021319385621111305,,0.011012399641574171,0.011012399641574116,0.009991230726863039,-0.011207464395782837,-0.011207464395782754,,-0.0024554437944344413,-0.0024554437944344022,,1.0,-0.067686035564816
2022-07-22,0.015776522210000005,0.00032567326999999313,,0.08284998739999994,-0.2759999999999998,0.5427345622149854,6.0,0.53633145628399,6.0,0.47317774939611845,6.0,0.5427345622149854,6.0,330.39772619999985,292.4566180800504,284.3830449930421,292.53437392708986,283.5467221535943,6.0,4.619,8.418861897861412,4.619,-0.2759999999999998,-1.3810000000000002,0.11299999999999955,0.06394316514518648,0.06047847748138894,0.06404298452359347,0.06043626020084226,0.5427345622149854,0.5427345622149854,0.0032591542246843317,0.0032591542246842545,0.0006218491275663964,-0.003450042556433647,-0.0034500425564336222,0.4039655911938958,-0.0007042140291685853,-0.0007042140291685594,0.0006038056520875036,0.013547411494669403,0.013547411494669155,0.007222942878385118,-0.017256434530655465,-0.01725643453065546,1.0320641867227454,-0.00395544573501884,-0.003955445735018741,0.003603461946303984,0.008403282859676868,0.008403282859676705,0.003922396002975757,-0.010353238543544556,-0.010353238543544542,0.7180148889583206,-0.0023298298820937126,-0.00232982988209365,0.002103633799195744,0.009534991159375224,0.009534991159375044,0.004648516315565817,-0.011871941660708957,-0.011871941660708943,0.787105734466494,-0.0026874653697372404,-0.00268746536973717,0.002433595991559557,1.0,0.5427345622149854
2022-07-29,-0.005000375860000017,0.007755651360000004,,,-0.0649999999999995,-0.01758748824994469,6.0,-0.016719872180152452,6.0,-0.014739496690643838,6.0,-0.01758748824994469,6.0,4.836956899999677,-11.46223724184108,-16.710814405014542,-11.51191667498226,-16.62053201838174,6.0,4.554,8.418861897861412,4.554,-0.0649999999999995,-1.4459999999999997,-0.2759999999999998,-0.01305989558439514,-0.013263735793952042,-0.013114258820054878,-0.013272875263563489,-0.01758748824994469,-0.01758748824994469,0.00324892605836498,0.0032489260583649484,,-0.0033375088268640433,-0.0033375088268640042,,-0.0006533695916602332,-0.0006533695916602479,,0.014302408885547718,0.0143024088855476,,-0.01741466080608813,-0.017414660806088045,,-0.003907550601549574,-0.003907550601549586,,0.008775667471956348,0.008775667471956274,,-0.010376084816476085,-0.010376084816476025,,-0.0022804600966049035,-0.002280460096604917,,0.00999155058294645,0.009991550582946365,,-0.011924571534190735,-0.01192457153419067,,-0.002638420007692731,-0.002638420007692744,,1.0,-0.01758748824994469
2022-08-05,0.004012075909999996,0.03607545245999999,,,-0.11300000000000043,0.7086637933926161,6.0,0.700107594770201,6.0,0.6176656085733656,6.0,0.7086637933926159,6.0,58.009044899999935,48.83218042173758,38.2215960391231,49.03128228277875,36.86199920578261,6.0,4.441,8.100468693160789,4.441,-0.11300000000000043,-1.5590000000000002,-0.0649999999999995,0.011158589604146996,0.008816258270863901,0.011428485216977959,0.008711918932927006,0.7086637933926161,0.7086637933926161,0.0025471632250278747,0.0025471632250279146,,-0.0034783800631135384,-0.0034783800631135384,,-0.0006041738009166938,-0.0006041738009166679,,0.018561867806526598,0.018561867806526588,,-0.015295760158753415,-0.01529576015875344,,-0.0032367089257395515,-0.003236708925739499,,0.010554515515777237,0.010554515515777251,,-0.009387070110933477,-0.009387070110933489,,-0.0019204413633281225,-0.0019204413633280835,,0.012316133019742095,0.012316133019742104,,-0.010686981921453863,-0.010686981921453877,,-0.002210020227058637,-0.0022100202270585946,,1.0,0.7086637933926161
2022-08-12,0.005443456770000021,0.03532034264000006,,,-0.05999999999999961,-0.2389448994355194,6.0,-0.2352049562848833,6.0,-0.20749310754165973,6.0,-0.23894489943551933,6.0,278.39288750000014,258.4206462738535,254.879003226362,258.29156885510974,255.42183006945422,6.5,4.381,8.100468693160789,4.381,-0.05999999999999961,-2.1189999999999998,-0.11300000000000043,0.046518455204191414,0.045866409459603755,0.04636176168662144,0.045905680987501,-0.2389448994355194,-0.2389448994355194,0.0033267393540980985,0.003326739354098058,,-0.003080743467421516,-0.0030807434674214934,0.03705680279986597,-0.0006133564225956972,-0.0006133564225956857,,0.014920667314844524,0.01492066731484442,,-0.015695974234920293,-0.015695974234920262,0.020960698061464837,-0.003579362131061526,-0.0035793621310614885,,0.009123703334471312,0.00912370333447124,,-0.009388358851170904,-0.009388358851170878,0.029008750430665406,-0.0020963592768286116,-0.002096359276828587,,0.010399035410153417,0.01039903541015334,,-0.010776034235595769,-0.010776034235595741,0.02723817890944128,-0.0024226199047598525,-0.002422619904759825,,1.0,-0.2389448994355194
2022-08-19,-0.0025568775800000054,-0.04669171227000002,-0.0024711836899999895,-0.0011705349999999726,0.30100000000000016,-0.1955972201985356,6.0,-0.19241975522424426,6.0,-0.16974681456601864,6.0,-0.19559722019853543,6.0,-154.60873989999982,-117.3967650593371,-124.00246242096753,-117.37607404599811,-123.94778846922284,6.5,4.682,8.100468693160789,4.682,0.30100000000000016,-1.8179999999999996,-0.05999999999999961,-0.022459919140394673,-0.020875157323612996,-0.022394679390505386,-0.02090894760820227,-0.1955972201985356,-0.1955972201985356,0.003402684596069242,0.0034026845960692135,,-0.0031415024862214936,-0.0031415024862214698,,-0.0006381696274741806,-0.0006381696274741729,-0.9843589657053597,0.015343302806837697,0.015343302806837687,,-0.015228013750148527,-0.015228013750148518,,-0.0034687301626381856,-0.003468730162638146,-2.16106823749896,0.00937299370145347,0.00937299370145345,,-0.00918475811818501,-0.009184758118184994,,-0.002053449895056183,-0.0020534498950561596,-1.57271360160216,0.010686461704638,0.010686461704637981,,-0.010514274357216984,-0.010514274357216968,,-0.0023648115539242234,-0.0023648115539241965,-1.7021516214994556,1.0,-0.1955972201985356
2022-08-26,-0.010118060340000012,0.0016870068899999535,0.00996649799999999,-0.019603300200000007,0.0019999999999997797,-0.1973737644295584,6.0,-0.19417324707099018,6.0,-0.1712937937863307,6.0,-0.19737376442955856,6.0,-40.439706000000115,-49.90432301933923,-54.24117148871213,-49.995151927597135,-53.85280153706941,6.5,4.684,8.100468693160789,4.684,0.0019999999999997797,-1.8159999999999998,0.30100000000000016,-0.006115963438724626,-0.007084885766831748,-0.0062169432991233805,-0.00705260962572118,-0.1973737644295584,-0.1973737644295584,0.004120065687534548,0.004120065687534514,,-0.0028700617118816176,-0.002870061711881592,,-0.000549328443214006,-0.0005493284432139459,0.08613556851227334,0.014912966857922413,0.01491296685792244,,-0.01514885601216874,-0.015148856012168673,,-0.0035004298141066217,-0.003500429814106437,0.22915256671206663,0.009516516272728481,0.009516516272728476,,-0.009009458862025178,-0.009009458862025133,,-0.002024879128660314,-0.0020248791286601913,0.15764406761216998,0.010703735401471145,0.010703735401471147,,-0.010360126235056761,-0.010360126235056711,,-0.0023495002794585015,-0.0023495002794583653,0.17337593741414725,1.0,-0.1973737644295584
2022-09-02,-0.0033793424399999883,0.031245404500000018,0.030759587680000033,-0.20614545350000002,0.2629999999999999,-0.47486997331548847,6.0,-0.4680686735329415,6.0,-0.4129319479992427,6.0,-0.4748699733154882,6.0,-216.09507159999976,-190.42876052155398,-194.54678517112131,-190.52467023438487,-193.8722593454042,6.5,4.947,8.222604028972746,4.947,0.2629999999999999,-1.553,0.0019999999999997797,-0.03240510821648329,-0.03145535466926243,-0.03249403272199143,-0.031423570254853345,-0.47486997331548847,-0.47486997331548847,0.003233429912031194,0.003233429912031209,,-0.003183758899930724,-0.0031837588999307147,,-0.0006476324276398993,-0.0006476324276399119,0.08720121287539352,0.009731219697377346,0.009731219697377374,,-0.01665836260490619,-0.01665836260490615,,-0.004383661802213969,-0.004383661802214048,0.16944794119731998,0.00648232480470427,0.006482324804704291,,-0.009921060752418458,-0.009921060752418432,,-0.0025156471149269345,-0.00251564711492698,0.12832457703635675,0.007197081681092347,0.007197081681092369,,-0.011403267159965758,-0.01140326715996573,,-0.002926610346130082,-0.002926610346130135,0.13737171715176866,1.0,-0.47486997331548847
2022-09-09,-0.0005959321600000067,-0.02139917281999998,0.007633213629999913,0.0755207833,-0.06299999999999972,-0.037840092483616306,6.0,-0.03670967923307267,6.0,-0.03237505980221311,6.0,-0.03784009248361653,6.0,190.71869900000002,174.32406698228453,169.22002924267747,174.2676951722294,169.35001361189822,6.75,4.884,8.222604028972746,4.884,-0.06299999999999972,-1.8659999999999997,0.2629999999999999,0.040064286885932526,0.038382731700325565,0.040004018752462144,0.038402295464099054,-0.037840092483616306,-0.037840092483616306,0.0037273595778461732,0.0037273595778461966,-0.001375773177941934,-0.0030680247773042166,-0.003068024777304161,0.12660191967951448,-0.0007141679584004585,-0.0007141679584004545,0.2830367975453858,0.012077306553898605,0.012077306553898727,-0.010757968799806804,-0.016620535516792753,-0.016620535516792607,0.022404450176588767,-0.004440641766146716,-0.004440641766146681,1.9657625411948918,0.007902333065872388,0.007902333065872461,-0.006066870988874369,-0.009844280147048485,-0.009844280147048384,0.07450318492805162,-0.0025774048622735873,-0.002577404862273568,1.1243996693701388,0.008820827233238156,0.00882082723323824,-0.007098912507279505,-0.011335056328392223,-0.011335056328392113,0.06304146328272979,-0.0029873169811256753,-0.002987316981125653,1.3094995011715844,1.0,-0.037840092483616306
2022-09-16,-0.006168837809999994,-0.016345143310000032,,,0.3899999999999997,-0.4041635129207367,6.0,-0.39827969803239166,6.0,-0.3513621750307787,6.0,-0.4041635129207368,6.0,-45.7751616000005,1.124198093707875,-4.508847766076421,1.1013330709991607,-4.120813071435585,6.75,5.274,8.222604028972746,5.274,0.3899999999999997,-1.476,-0.06299999999999972,0.0035772034624950554,0.005660260175410206,0.0035922835339285523,0.0056501450697423496,-0.4041635129207367,-0.4041635129207367,0.0036044883401582244,0.003604488340158257,0.001002984293374371,-0.0029122020017900247,-0.0029122020017900326,,-0.0007070266232654237,-0.0007070266232654553,,0.01196314395788606,0.011963143957886106,-0.05656890224209776,-0.016832701807034563,-0.016832701807034573,,-0.0044333125489259655,-0.004433312548926029,,0.007783816149022142,0.007783816149022182,-0.027782958974361695,-0.009872451904412294,-0.009872451904412303,,-0.0025701695860956947,-0.002570169586095742,,0.008703268266972203,0.008703268266972245,-0.03411586649326363,-0.011403706882989192,-0.011403706882989202,,-0.002980061037918354,-0.0029800610379184054,,1.0,-0.4041635129207367
2022-09-23,0.007666879809999999,-0.00363038081,,,0.1719999999999997,0.36436952142018875,6.0,0.3602808748705475,6.0,0.31786103567668034,6.0,0.3643695214201891,6.0,-153.0372729999999,-124.68322270943129,-134.72950173191168,-124.50482161508668,-135.69120483559544,6.75,5.446,8.222604028972746,5.446,0.1719999999999997,-1.3040000000000003,0.3899999999999997,-0.017149642768421118,-0.017795817599207432,-0.016885630471523447,-0.01788624227091793,0.36436952142018875,0.36436952142018875,0.004762130130663944,0.004762130130663964,,-0.002053805238354841,-0.002053805238354848,,-0.000505356314198664,-0.0005053563141986866,0.10937223822839862,0.012833388857193703,0.012833388857193822,,-0.014834826106386572,-0.014834826106386567,,-0.004215224083946331,-0.0042152240839463985,0.05485707365076354,0.008797759493928824,0.008797759493928893,,-0.008444315672370707,-0.008444315672370707,,-0.0023602901990724973,-0.0023602901990725424,0.08211465593958107,0.009685597953847097,0.009685597953847177,,-0.009850227967854197,-0.009850227967854197,,-0.0027683756537447406,-0.002768375653744791,0.07611798783604122,1.0,0.36436952142018875
2022-09-30,-0.007405410509999988,-0.01569349987999996,-0.006377012029999962,,0.3460000000000001,0.14905236062009564,6.0,0.1477576630447578,6.0,0.13036715417472866,6.0,0.1490523606200953,6.0,44.87231270000029,96.03704775570861,86.3756175666415,96.2009324322357,85.66742671199192,6.75,5.792,8.222604028972746,5.792,0.3460000000000001,-0.9580000000000002,0.1719999999999997,0.034187438184490895,0.034371835811555417,0.03444577720386055,0.034294337820225215,0.14905236062009564,0.14905236062009564,0.004543389833636868,0.004543389833636928,-0.0056557060209199055,-0.002175945756176332,-0.0021759457561763354,0.1270040380174087,-0.0005278711271503685,-0.0005278711271503846,,0.012657160178929152,0.01265716017892913,-0.1790048192088231,-0.014455255547844853,-0.014455255547844804,-0.4518413160995286,-0.004244633480722549,-0.004244633480722558,,0.00860027500628301,0.008600275006283029,-0.09233026261487151,-0.008315600652010592,-0.00831560065201057,-0.16241863904105996,-0.0023862523039364586,-0.0023862523039364716,,0.009492789744265161,0.009492789744265172,-0.11139866506554084,-0.00966632472909413,-0.009666324729094102,-0.22609162799392307,-0.0027950961628293984,-0.0027950961628294105,,1.0,0.14905236062009564
2022-10-07,0.006415285479999977,-0.006127172680000015,,0.07281096330000025,0.13900000000000023,-0.28406912290352493,6.0,-0.27974364919226724,6.0,-0.2467863797376128,6.0,-0.28406912290352493,6.0,174.13793480000004,184.29984615630073,179.61313461008712,184.22799361687467,180.02969346013515,7.0,5.931,7.986591307815038,5.931,0.13900000000000023,-1.069,0.3460000000000001,0.03849590099311619,0.03882286700890879,0.03842895982899963,0.03883901461839747,-0.28406912290352493,-0.28406912290352493,0.0033280883244247265,0.0033280883244247938,,-0.002365183024101412,-0.002365183024101389,-0.015698159786395237,-0.0006023721231627814,-0.0006023721231627276,,0.012141565827010588,0.012141565827010582,,-0.01430572785174084,-0.014305727851740755,0.20283162010698574,-0.004200344232745983,-0.004200344232745767,,0.0077348270757176575,0.007734827075717688,,-0.008335455437921127,-0.008335455437921073,0.09356673016029525,-0.0024013581779543823,-0.0024013581779542474,,0.008704309601002103,0.008704309601002125,,-0.009648915368961463,-0.0096489153689614,0.11760500594856715,-0.0027971351100085345,-0.0027971351100083814,,1.0,-0.28406912290352493
2022-10-14,0.00839136732000001,-0.004860439400000027,,-0.08978557329999992,0.31099999999999994,-0.365434848684417,6.0,-0.3600535757732982,6.0,-0.3176380280279532,6.0,-0.3654348486844168,6.0,-108.34969420000016,-72.99440782749654,-78.33693353964918,-73.0323498524429,-77.94184567184719,7.0,6.242,7.986591307815038,6.242,0.31099999999999994,-0.758,0.13900000000000023,-0.012615972092906725,-0.011010817069977199,-0.012626396592799363,-0.011014109230724392,-0.365434848684417,-0.365434848684417,0.004140399551187227,0.004140399551187323,,-0.003284377244585064,-0.003284377244585072,-0.16295773983300402,-0.0008180459078543141,-0.000818045907854366,0.015506194984068631,0.01367830380546187,0.013678303805461929,,-0.015364553189121243,-0.015364553189121218,-1.7192914049445753,-0.004486214982282476,-0.0044862149822825804,0.04687201007592314,0.008909351678324549,0.008909351678324625,,-0.009324465216853154,-0.009324465216853145,-0.9411245723887897,-0.0026521304450683953,-0.0026521304450684733,0.031189102529995887,0.009958521146294759,0.009958521146294832,,-0.010653284570752132,-0.010653284570752122,-1.1123212755510625,-0.0030556290432554927,-0.003055629043255577,0.034639342190099884,1.0,-0.365434848684417
2022-10-21,-0.008797566620000002,-0.0012451749799999856,0.0011367542000000341,,0.1689999999999996,-0.0033751344017523,6.0,-0.00269193740617113,6.0,-0.002363662928137278,6.0,-0.003375134401752522,6.0,192.3427472000003,212.83099715938457,205.70574170989238,212.87330066501596,205.5083376297008,7.0,6.411,7.986591307815038,6.411,0.1689999999999996,-0.5890000000000004,0.31099999999999994,0.05018502587418405,0.049858782892327765,0.050270696119808646,0.049831559049621055,-0.0033751344017523,-0.0033751344017523,0.004175433636456567,0.004175433636456557,,0.002000914184728029,0.002000914184727971,,-0.0007946004161043596,-0.0007946004161044036,,0.013010295570323465,0.013010295570323445,,0.004697611527601141,0.0046976115276011,,-0.004494974462332396,-0.004494974462332464,,0.008592864603390017,0.00859286460339,,0.003349262856164585,0.0033492628561645355,,-0.002644787439218378,-0.0026447874392184338,,0.009564699416115374,0.009564699416115359,,0.0036458995638806273,0.0036458995638805796,,-0.003051828584303462,-0.00305182858430352,,1.0,-0.0033751344017523
2022-10-28,0.009641398649999994,0.009895090780000004,-0.002393802870000017,,-0.49899999999999967,0.5143098545186031,6.0,0.5082755867360301,6.0,0.4484260818711079,6.0,0.5143098545186031,6.0,134.38251109999965,61.083936575933336,54.91610298617937,61.068571413977466,54.384735575547936,7.0,5.912,7.986591307815038,5.912,-0.49899999999999967,-1.088,0.1689999999999996,-0.00383213653687425,-0.00725612694769686,-0.0038727556305601964,-0.007277052583554898,0.5143098545186031,0.5143098545186031,0.004113743859557442,0.004113743859557372,-0.03160783672816975,0.001990246203995946,0.001990246203995915,,-0.000776162040284263,-0.0007761620402843082,0.15621561443976656,0.01319502734237008,0.013195027342369992,-0.012170161730915896,0.004577170354650952,0.0045771703546509356,,-0.004379040939551822,-0.004379040939551879,-0.03700246462245455,0.008654385600963762,0.008654385600963682,-0.02188899922954282,0.003283708279323449,0.0032837082793234253,,-0.0025776014899180424,-0.0025776014899180936,0.05960657490865601,0.00965332678407315,0.009653326784073069,-0.019750854979844898,0.0035682699358954998,0.0035682699358954772,,-0.002973918168837474,-0.0029739181688375263,0.03835258621181168,1.0,0.5143098545186031
2022-11-04,0.010190784009999981,0.012635677000000012,0.006828197699999983,,0.08199999999999985,0.6006499041463634,6.0,0.593495290487956,6.0,0.5236092719783265,6.0,0.6006499041463638,6.0,256.7296803999998,275.79787412724704,264.56805477550796,276.0296332601322,263.21674486947694,7.0,5.994,8.146047383893302,5.994,0.08199999999999985,-1.0060000000000002,-0.49899999999999967,0.053673072285209414,0.0527419531361969,0.05399956104806844,0.05261915098575299,0.6006499041463634,0.6006499041463634,0.008022490753795169,0.008022490753795177,-0.004281168345485191,0.002149771436135978,0.0021497714361358874,,-0.0007363626525629238,-0.0007363626525628904,,0.020046074356243705,0.020046074356243733,0.022744959563648897,0.004620764388698446,0.004620764388698385,,-0.0040643562651382584,-0.004064356265138177,,0.014034282555019437,0.014034282555019456,0.009231895609081853,0.003385267912417212,0.0033852679124171366,,-0.002400359458850591,-0.0024003594588505334,,0.015356876751288776,0.015356876751288797,0.012204769679086604,0.0036570771371990836,0.0036570771371990107,,-0.0027664387562338776,-0.002766438756233815,,1.0,0.6006499041463634
2022-11-11,-0.006094307689999967,0.03911359933999997,,,-0.4900000000000002,0.9403251611181287,6.0,0.9287629315860663,6.0,0.8193916989021974,6.0,0.9403251611181284,6.0,247.4089328,184.0843123097695,174.49094404932563,184.22865846845175,173.0680735057411,7.25,5.504,8.146047383893302,5.504,-0.4900000000000002,-1.7460000000000004,0.08199999999999985,0.017301683577550124,0.013464884613046065,0.017470881628884466,0.013371046195241234,0.9403251611181287,0.9403251611181287,0.005119947000891812,0.005119947000891812,,0.0009230010780548685,0.0009230010780548422,,-0.000979898353223646,-0.0009798983532236202,0.00737665525984048,0.021010009593255132,0.02101000959325513,,0.006024446506658019,0.00602444650665802,,-0.0035942112184462194,-0.003594211218446145,-0.11091242176774725,0.013064978297073471,0.013064978297073471,,0.0034737237923564437,0.003473723792356431,,-0.002287054785834933,-0.0022870547858348826,-0.05176788325395339,0.014812885182233438,0.014812885182233435,,0.0040348827895027905,0.004034882789502781,,-0.002574629201009416,-0.00257462920100936,-0.06477968172698803,1.0,0.9403251611181287
2022-11-18,0.00802946484,0.0056652679199999945,,,-0.10099999999999998,-0.28584566713454784,6.0,-0.281497141039014,6.0,-0.2483333589579254,6.0,-0.28584566713454795,6.0,-64.12628330000007,-91.43758467675559,-94.3003836876407,-91.59908021025024,-93.61524978783791,7.25,5.403,8.146047383893302,5.403,-0.10099999999999998,-1.8470000000000004,-0.4900000000000002,-0.026198497966859094,-0.02655366063786935,-0.026401484121862995,-0.026507635077440563,-0.28584566713454784,-0.28584566713454784,0.004670811720852993,0.004670811720852795,,0.0005283855160936502,0.000528385516093547,,-0.0010788629407930783,-0.0010788629407930542,,0.020133227583386107,0.02013322758338582,,0.005753738565688394,0.005753738565688217,,-0.0037773260347693585,-0.0037773260347692523,,0.01240201965211955,0.012402019652119307,,0.0031410620408910224,0.0031410620408908823,,-0.0024280944877812186,-0.002428094487781153,,0.014102885396998192,0.01410288539699794,,0.003715850876346444,0.0037158508763462956,,-0.002724925428118609,-0.002724925428118535,,1.0,-0.28584566713454784
2022-11-25,0.005325368190000013,-0.02045079795999999,,-0.3282715653999997,-0.21399999999999952,0.20270399639701508,6.0,0.20071311681652992,6.0,0.17708592662818468,6.0,0.20270399639701542,6.0,96.48191020000013,61.37183550263151,55.51067174497322,61.34776825865179,55.30955470499946,7.25,5.189,8.146047383893302,5.189,-0.21399999999999952,-2.061,-0.10099999999999998,0.007338356911935804,0.005041594461595675,0.007308526443286889,0.005038160933322081,0.20270399639701508,0.20270399639701508,0.004160909284546702,0.0041609092845467,,0.0009663985639328259,0.0009663985639328217,,-0.0011003397271284287,-0.001100339727128414,,0.018964487299901505,0.01896448729990151,,0.011144774088898779,0.011144774088898914,,-0.003739152706200982,-0.003739152706200877,,0.011562698292224104,0.011562698292224104,,0.006055586326415802,0.006055586326415868,,-0.0024197462166647057,-0.0024197462166646454,,0.013191091873913131,0.013191091873913133,,0.007175207634162057,0.007175207634162138,,-0.002710015644362686,-0.0027100156443626163,,1.0,0.20270399639701508
2022-12-02,-0.011824429070000031,-0.015947422049999993,-0.0015790916100000274,,-0.2860000000000005,0.5050718245172804,6.0,0.49915742913294514,6.0,0.4403817899254807,6.0,0.5050718245172802,6.0,35.44985390000056,-4.808801336509099,-12.510120547185949,-4.748578014758735,-13.257469023827625,7.25,4.903,8.15713628596417,4.903,-0.2860000000000005,-2.3470000000000004,-0.21399999999999952,-0.008464703757672144,-0.011144747724150108,-0.008390009486487427,-0.011192530442163319,0.5050718245172804,0.5050718245172804,0.001401530300092251,0.001401530300092294,,0.0004142661609990271,0.0004142661609990052,,-0.0012638256941580805,-0.001263825694158028,-0.007855265279151011,0.015455550070657652,0.015455550070657671,,0.010357824991362414,0.010357824991362464,,-0.003943112443396203,-0.003943112443396008,0.08122152059441314,0.008428540185374951,0.008428540185374983,,0.00538604557618072,0.005386045576180735,,-0.0026034690687771417,-0.0026034690687770177,0.036683127657631064,0.009974482360137146,0.009974482360137173,,0.006479837047520693,0.006479837047520714,,-0.0028981906111933352,-0.0028981906111931956,0.04648157410372311,1.0,0.5050718245172804
2022-12-09,0.006301470990000002,0.013267548149999975,,,0.03200000000000003,-0.1383924959595666,6.0,-0.13595731775897657,6.0,-0.11993408367193559,6.0,-0.13839249595956638,6.0,-68.08987140000045,-71.68829194787371,-76.71624334774266,-71.74634719407148,-76.48303789138954,7.25,4.935,8.15713628596417,4.935,0.03200000000000003,-2.3150000000000004,-0.2860000000000005,-0.01255669805241451,-0.012981913021698141,-0.01261336413240554,-0.01297208440532542,-0.1383924959595666,-0.1383924959595666,0.0013130796202827034,0.0013130796202827696,,0.0002866409425699634,0.000286640942569953,-0.0777302087486127,-0.0009849016306238024,-0.0009849016306237763,,0.015654752398337364,0.015654752398337496,,0.01076293564120666,0.010762935641206646,-0.12073769997289746,-0.010250243691622975,-0.010250243691622841,,0.008483916009310033,0.008483916009310134,,0.005524788291888311,0.005524788291888299,-0.09923395436075508,-0.005617572661123389,-0.005617572661123309,,0.010061500014896047,0.010061500014896153,,0.006677180708738348,0.006677180708738336,-0.10396477839542641,-0.006636760287833297,-0.006636760287833205,,1.0,-0.1383924959595666
2022-12-16,-0.0022276684599999985,-0.0012240892699999506,,,0.27800000000000047,0.8220073153319367,6.0,0.8119803745926859,6.0,0.7163628828293422,6.0,0.8220073153319369,6.0,-319.45888019999984,-265.36375456614047,-279.8163081647942,-264.97806757590365,-281.8420152557389,7.5,5.213,8.15713628596417,5.213,0.27800000000000047,-2.287,0.03200000000000003,-0.032148639497403486,-0.03294763132810515,-0.03160500111960333,-0.033128526703611036,0.8220073153319367,0.8220073153319367,0.0013853992917082542,0.0013853992917081896,,0.0007580438521985378,0.0007580438521985101,,-0.003547751638558719,-0.0035477516385586695,0.002321392784977215,0.013604728064626752,0.013604728064626686,,0.01102179139149508,0.011021791391495088,,-0.012566824386757163,-0.012566824386757032,-0.08812071688832264,0.007495063678167503,0.007495063678167438,,0.005889917621846809,0.005889917621846799,,-0.008057288012657942,-0.00805728801265785,-0.04289966205167271,0.008839189843188537,0.008839189843188473,,0.0070189298511694285,0.007018929851169422,,-0.009049386014959769,-0.00904938601495967,-0.052848294115735696,1.0,0.8220073153319367
2022-12-23,0.01153759968000001,0.009533038709999997,,0.0018777746999996126,0.09999999999999964,-0.09255765479915024,6.0,-0.09071722811289273,6.0,-0.08002201978785672,6.0,-0.09255765479915046,6.0,86.96957229999953,94.90048478337073,88.99847556241697,94.8844678657767,89.06177861098855,7.5,5.313,8.15713628596417,5.313,0.09999999999999964,-2.1870000000000003,0.27800000000000047,0.02794771375338222,0.026942328653590978,0.027952686083252524,0.026948389217140677,-0.09255765479915024,-0.09255765479915024,0.0009593140035475656,0.0009593140035475122,,0.0002532701302441075,0.0002532701302440696,-0.004911298757554285,-0.003627061062586775,-0.003627061062586731,,0.01286443967236867,0.012864439672368605,,0.01084606431961445,0.010846064319614473,-0.01824960248033681,-0.012593786804011261,-0.012593786804011131,,0.006911876837958118,0.006911876837958059,,0.005549667224929279,0.005549667224929271,-0.011580450618945547,-0.008110423933299018,-0.008110423933298931,,0.008221440661528438,0.008221440661528379,,0.006714874585760016,0.006714874585760015,-0.013047664028451625,-0.00909676376485571,-0.009096763764855615,,1.0,-0.09255765479915024
2022-12-30,0.006406513309999973,0.017282446699999954,,,0.13200000000000056,-0.33487828791080854,6.0,-0.3298935160092449,6.0,-0.29102998543856895,6.0,-0.33487828791080854,6.0,48.482737300000736,56.53060641404382,52.29713915005617,56.437508177508015,52.826565522537365,7.5,5.445,8.15713628596417,5.445,0.13200000000000056,-2.0549999999999997,0.09999999999999964,0.010398735940733796,0.010849575250631831,0.01030326786205973,0.010873595506483535,-0.33487828791080854,-0.33487828791080854,0.0005986179511662525,0.0005986179511662627,0.018865857205206626,2.6809215357332858e-05,2.6809215357295274e-05,,-0.0037490273168828935,-0.0037490273168828813,,0.01161993075643269,0.01161993075643269,-0.0030517285980679147,0.00979352595728126,0.009793525957281233,,-0.013022938000209504,-0.013022938000209396,,0.006109274353799471,0.006109274353799476,0.007907064303569356,0.004910167586319297,0.004910167586319264,,-0.008385982658546199,-0.008385982658546138,,0.007321618762378779,0.007321618762378784,0.005496129865209157,0.005984506427930928,0.005984506427930897,,-0.009406112833712125,-0.009406112833712055,,1.0,-0.33487828791080854
2023-01-06,0.002151542310000032,0.016326075519999983,,,-0.08800000000000008,0.4286804225832539,6.0,0.42375727972280464,6.0,0.3738616834520161,6.0,0.42868042258325323,6.0,256.9554658999996,246.04597936603258,237.45356693415994,246.15157976898843,236.64575655278216,7.5,5.357,8.346314807835686,5.357,-0.08800000000000008,-2.143,0.13200000000000056,0.04206901850366111,0.040331594469317354,0.04221799255221741,0.0402671967632149,0.4286804225832539,0.4286804225832539,0.0005497890921852004,0.0005497890921851384,0.026568357167356286,-0.0002339234186948238,-0.00023392341869485776,,-0.003908141625579051,-0.003908141625579015,,0.011602434807594762,0.011602434807594672,2.19506602966618,0.009176826380184076,0.009176826380184034,,-0.012891524620994254,-0.012891524620994122,,0.006076111949889981,0.006076111949889905,1.110817193416768,0.004471451480744626,0.004471451480744589,,-0.008399833123286652,-0.008399833123286569,,0.007291902978585033,0.007291902978584954,1.3493519373916385,0.005506633958621305,0.005506633958621266,,-0.009388005252782324,-0.009388005252782229,,1.0,0.4286804225832539
2023-01-13,0.004618916819999985,0.003549330060000022,0.005836765369999997,,-0.25,0.2208247475534595,6.0,0.21859873365335458,6.0,0.19286511467537926,6.0,0.22082474755346038,6.0,252.98171939999975,212.62055438772268,206.88805752584204,212.58978995476105,206.68917735389454,7.75,5.107,8.346314807835686,5.107,-0.25,-2.643,-0.08800000000000008,0.023271845890760645,0.021528677258668884,0.023229233550775042,0.021515170312093393,0.2208247475534595,0.2208247475534595,0.0005851032320430917,0.0005851032320431156,-0.0010909967381595924,-0.00013140788813876164,-0.00013140788813880973,,-0.003893485993136864,-0.0038934859931368266,,0.011699275823641305,0.011699275823641326,0.01617292102220593,0.009136568167434566,0.009136568167434538,,-0.012904453135561877,-0.012904453135561756,,0.006142189527842198,0.006142189527842221,0.007540962142023169,0.004502580139647902,0.004502580139647864,,-0.00839896956434937,-0.008398969564349292,,0.007364748512918001,0.007364748512918023,0.009439993095663377,0.005522057505760968,0.005522057505760932,,-0.009390175950016122,-0.009390175950016033,,1.0,0.2208247475534595
2023-01-20,-0.00043093722999998363,0.0027311440999999714,,,0.08300000000000018,-0.20945426520052202,6.0,-0.20609699162887463,6.0,-0.18181325248446134,6.0,-0.2094542652005229,6.0,-138.92112569999972,-135.9936156692434,-140.84609583769327,-136.05884444808206,-140.5221305917093,7.75,5.19,8.346314807835686,5.19,0.08300000000000018,-2.5599999999999996,-0.25,-0.026593721299728135,-0.02619322917151006,-0.0266569030734673,-0.026188017030134167,-0.20945426520052202,-0.20945426520052202,0.00011837185325087266,0.00011837185325088009,,-0.00027372944883171697,-0.0002737294488317424,,-0.003879055686520331,-0.003879055686520326,,0.010886282158244418,0.010886282158244397,,0.008434116611079458,0.008434116611079463,,-0.013196366776846567,-0.01319636677684645,,0.005502327005747645,0.005502327005747639,,0.004080193581123871,0.00408019358112386,,-0.00853771123168345,-0.008537711231683388,,0.0066867971392969355,0.006686797139296925,,0.005038056647714099,0.005038056647714093,,-0.009562615451619334,-0.009562615451619261,,1.0,-0.20945426520052202
2023-01-27,-0.0027264019000000084,-0.026578702139999966,,,-0.020000000000000462,-0.20376932366124478,6.0,-0.2004858177192812,6.0,-0.17686291897945838,6.0,-0.20376932366124367,6.0,-49.92765109999982,-62.95269455345695,-67.07322759961667,-63.05402852885556,-66.64734068954597,7.75,5.17,8.346314807835686,5.17,-0.020000000000000462,-2.58,0.08300000000000018,-0.008826172209391012,-0.009800066121095413,-0.00894271023437148,-0.009764868849587082,-0.20376932366124478,-0.20376932366124478,0.00045520836797257106,0.0004552083679726305,0.040807669764208854,7.524932324513693e-05,7.524932324510889e-05,,-0.003817706349260197,-0.0038177063492601773,,0.012370050939655554,0.012370050939655543,-0.0028238220924222375,0.010351651002114916,0.010351651002114853,,-0.012466718844832119,-0.012466718844832032,,0.006412629653814062,0.006412629653814087,0.018991923835893307,0.005213450162680026,0.005213450162679981,,-0.008142212597046158,-0.008142212597046105,,0.00772326233669919,0.007723262336699207,0.014192459731663887,0.006343854347355702,0.006343854347355652,,-0.00909360397155907,-0.009093603971559009,,1.0,-0.20376932366124478
2023-02-03,-0.0020005192900000024,0.01834763604000006,,,-0.11599999999999966,0.5555256806783566,6.0,0.5489565975805699,6.0,0.4843159997823723,6.0,0.5555256806783564,6.0,-143.1616399000004,-155.8871158512785,-165.26810991020065,-155.74533760566467,-166.30750107695565,7.75,5.054,8.329381391761784,5.054,-0.11599999999999966,-2.6959999999999997,-0.020000000000000462,-0.025334092231072063,-0.027607378632337636,-0.025139342575327236,-0.02768417892651091,0.5555256806783566,0.5555256806783566,4.926012706152981e-05,4.926012706151068e-05,-0.0077169379590254225,-8.175087103858312e-05,-8.17508710386384e-05,0.009088063595837529,-0.003812227349808398,-0.0038122273498083724,,0.013173454592048708,0.013173454592048703,0.0066331488499801125,0.011204465612630726,0.011204465612630625,0.006972426991232945,-0.011661143936988307,-0.01166114393698818,,0.006611357359555119,0.006611357359555107,-0.000541894554522655,0.005561357370796071,0.005561357370795993,0.008030245293535236,-0.007736685643398352,-0.007736685643398277,,0.008055018750703708,0.008055018750703698,0.0010366149944679537,0.006802841183999695,0.006802841183999612,0.007797525267028732,-0.008600066467988143,-0.008600066467988055,,1.0,0.5555256806783566
2023-02-10,-0.0016080771800000004,-0.0032077383200000975,,,0.33199999999999985,-0.9310865318424175,6.0,-0.9183653797776816,6.0,-0.8101962117756538,6.0,-0.931086531842418,6.0,-148.5560717999997,-121.30408698277374,-122.34676508328154,-121.5418717177332,-120.80433164650671,7.75,5.386,8.329381391761784,5.386,0.33199999999999985,-2.364,-0.11599999999999966,-0.012890290769329862,-0.011209575400559063,-0.013159726705873304,-0.011110500661993587,-0.9310865318424175,-0.9310865318424175,-0.00018713000934412712,-0.0001871300093441107,,-0.00012808371813620222,-0.0001280837181362702,-0.0007188586841488764,-0.003781317557802556,-0.003781317557802567,,0.01104896093132123,0.011048960931321194,,0.009782615069460389,0.009782615069460302,-0.009295359871805608,-0.01173711509690627,-0.011737115096906222,,0.005430915460988552,0.005430915460988541,,0.004827265675662093,0.004827265675662016,-0.005007109277977242,-0.007759216327354414,-0.007759216327354395,,0.00666688546446174,0.006666885464461725,,0.005917442542297717,0.005917442542297638,-0.0059505244086194824,-0.008634354056655823,-0.008634354056655797,,1.0,-0.9310865318424175
2023-02-17,0.0025482093799999994,-0.0057154584399999875,-0.010406586419999975,0.23057392369999974,0.09649999999999981,-0.5175070348600604,6.0,-0.5101524778548787,6.0,-0.4500594492867569,6.0,-0.5175070348600601,6.0,86.06241860000046,455.7637430831181,435.3079633309113,456.47201150125846,433.63033961189086,7.75,5.4825,8.329381391761784,5.4825,0.09649999999999981,-2.2675,0.33199999999999985,0.018912992622061316,0.018883064612485987,0.018710773723030465,0.018951876427768084,-0.5175070348600604,-0.5175070348600604,-0.00015821704737849636,-0.00015821704737853268,,-0.00016928074591532287,-0.00016928074591537534,-0.0024764840615860355,-0.0037369494890040923,-0.0037369494890040988,,0.011329078823218328,0.011329078823218238,,0.009999902723460366,0.009999902723460213,-0.009683901327877411,-0.011207880807137815,-0.01120788080713775,,0.005585430887919916,0.005585430887919853,,0.004915310988772521,0.004915310988772419,-0.006080192694731723,-0.0074724151480709535,-0.007472415148070925,,0.006849033433685566,0.006849033433685497,,0.006033921170403847,0.006033921170403734,-0.0068730085940237745,-0.008294217593065662,-0.008294217593065626,,1.0,-0.5175070348600604
2023-02-24,-0.0011096599700000098,-0.0057124661799999865,,,0.08750000000000036,-0.2250878544335324,6.0,-0.221527719880252,6.0,-0.1954266696232171,6.0,-0.22508785443353263,6.0,-47.21749880000061,-414.7675142461187,-401.6012863213304,-415.71837896741994,-398.6257832139894,7.75,5.57,8.329381391761784,5.57,0.08750000000000036,-2.1799999999999997,0.09649999999999981,-0.008033423850873661,-0.007953306901963716,-0.008100957024355395,-0.007940084845385838,-0.2250878544335324,-0.2250878544335324,-0.00024672143787193704,-0.0002467214378719681,,-0.00021826519581482333,-0.0002182651958149066,,-0.0037461761216436885,-0.0037461761216436964,,0.010801959455719068,0.010801959455719023,,0.010265052361159854,0.01026505236115969,,-0.011105485737423398,-0.011105485737423313,,0.005277619008923566,0.005277619008923528,,0.005023393582672515,0.005023393582672391,,-0.0074258309295335435,-0.007425830929533505,,0.006492973907218575,0.006492973907218536,,0.00617655851393973,0.006176558513939596,,-0.008235354987269312,-0.008235354987269263,,1.0,-0.2250878544335324
2023-03-03,0.0037328595800000253,-0.015272750579999994,,,-0.001000000000000334,0.10001973984383716,6.0,0.0993612880745296,6.0,0.0876705276940869,6.0,0.10001973984383683,6.0,214.46175500000027,210.51176404433016,203.853616229598,210.52898469635107,203.62988989988298,7.75,5.569,8.100208274039675,5.569,-0.001000000000000334,-2.181,0.08750000000000036,0.03860645093411794,0.03750564889605134,0.03864638338330462,0.037485067667443486,0.10001973984383716,0.10001973984383716,-0.0008331912025088496,-0.0008331912025088768,,-0.0002522760978559171,-0.00025227609785599523,,-0.00379550153565786,-0.0037955015356578485,,0.010156375574917288,0.010156375574917177,,0.010136025229188977,0.010136025229188775,,-0.011045819034521037,-0.01104581903452089,,0.00466159218620422,0.00466159218620415,,0.00494187456566653,0.00494187456566639,,-0.0074206602850894485,-0.00742066028508937,,0.005870444531721095,0.005870444531721015,,0.006084587711641469,0.006084587711641314,,-0.008218195209964398,-0.008218195209964304,,1.0,0.10001973984383716
2023-03-10,-0.0032637577799999873,0.009472655980000022,,,-0.13400000000000034,0.14245251333929332,5.0,0.11922443694871043,5.0,0.18165121849767263,5.0,0.14245251333929287,5.0,-170.20961420000003,-194.05259553394916,-200.31513649337333,-192.72754256666934,-200.2069234385039,7.75,5.435,8.100208274039675,5.435,-0.13400000000000034,-2.3150000000000004,-0.001000000000000334,-0.04139618843374479,-0.04275955910540884,-0.040768294729593646,-0.042598773965272854,0.14245251333929332,0.14245251333929332,-0.000869455941304166,-0.0008694559413041638,,-0.00027799573364997363,-0.00027799573365002724,,-0.0038005742597310077,-0.003800574259731023,,0.010537986177687326,0.010537986177687092,,0.010094797376790194,0.010094797376789977,,-0.011387620995304404,-0.01138762099530432,,0.00483426511819158,0.004834265118191464,,0.00490840082157011,0.004908400821569975,,-0.0075940976275177055,-0.007594097627517671,,0.006089083751280644,0.006089083751280502,,0.006049408063718528,0.006049408063718375,,-0.008428672768430779,-0.008428672768430734,,1.0,0.14245251333929332
2023-03-17,0.0008088334399999897,-0.0019345945700000033,,,-0.25899999999999945,0.2398412833061926,5.0,0.2368445306774538,5.0,0.20949933532515508,5.0,0.23984128330619237,5.0,-58.615749999999935,-99.99826916955952,-105.81926954996892,-100.02362621228436,-106.04107235144129,7.75,5.176,8.100208274039675,5.176,-0.25899999999999945,-2.574,-0.13400000000000034,-0.019421238648738466,-0.02223187947543133,-0.019457106694584565,-0.022225967974636066,0.2398412833061926,0.2398412833061926,-0.0009415082258137102,-0.0009415082258136408,0.013398181623712637,-0.0003201157473065214,-0.0003201157473065858,,-0.003680636271587468,-0.0036806362715874836,0.03661041319758866,0.010726216907049035,0.01072621690704847,-0.019812433287381328,0.009991942301176922,0.009991942301176716,,-0.011575986769669307,-0.011575986769669262,0.0433678419925975,0.004892354340617662,0.004892354340617414,-0.0032071258318343452,0.0048359132769352,0.004835913276935065,,-0.007628311520628388,-0.0076283115206283725,0.039989127595093085,0.006175804105232564,0.0061758041052322465,-0.006860293472054681,0.0059702396622683795,0.005970239662268228,,-0.00849680007541739,-0.008496800075417369,0.04073244476254405,1.0,0.2398412833061926
2023-03-24,0.0036151845599999843,0.00993157023000002,,,-0.0990000000000002,0.6282649139772534,5.0,0.6202279880503152,5.0,0.5477308720544196,5.0,0.6282649139772536,5.0,33.01526449999983,24.404887533640863,14.31589791781498,24.581433426837854,13.113716363668253,7.75,5.077,8.100208274039675,5.077,-0.0990000000000002,-2.673,-0.25899999999999945,0.00688382490610529,0.004562557202296502,0.007123986712436983,0.004475928611996825,0.6282649139772534,0.6282649139772534,-0.0007145080198335241,-0.0007145080198335564,,-0.00039085709350380717,-0.00039085709350383774,,-0.0035320581811607585,-0.0035320581811607845,,0.011038914143600084,0.011038914143600066,,0.009955626530695118,0.00995562653069499,,-0.010473463193936458,-0.010473463193936414,,0.0051622030618832795,0.005162203061883255,,0.004782384718595656,0.004782384718595576,,-0.0070027606875486086,-0.0070027606875486,,0.006455079499860976,0.006455079499860954,,0.005920497917257537,0.005920497917257447,,-0.007766315238953935,-0.0077663152389539185,,1.0,0.6282649139772534
2023-03-31,0.005850276300000012,0.04444519190999996,,,0.2450000000000001,-0.6636380508233062,5.0,-0.6549112829044208,5.0,-0.5772324169572889,5.0,-0.6636380508233066,5.0,148.4651672,167.526265114955,165.02527442927476,167.35615573396154,166.11678781171133,7.75,5.322,8.100208274039675,5.322,0.2450000000000001,-2.428,-0.0990000000000002,0.03225920378564008,0.03356086678395549,0.0320698788313192,0.03362729991651959,-0.6636380508233062,-0.6636380508233062,-0.0002941209874432253,-0.0002941209874432041,-0.0016136606046188039,-0.0005221329319890791,-0.0005221329319891071,,-0.0035480985188308185,-0.003548098518830823,,0.009409468375643383,0.0094094683756434,0.03371507620730924,0.00731879420599142,0.007318794205991296,,-0.011234030867357823,-0.011234030867357695,,0.004557673694100079,0.0045576736941000985,0.01605070780134522,0.0033983306370011703,0.0033983306370010944,,-0.007391064693094321,-0.007391064693094259,,0.0056250685240396055,0.0056250685240396255,0.019936868850657305,0.004260832622179025,0.0042608326221789386,,-0.008236517251432292,-0.008236517251432214,,1.0,-0.6636380508233062
2023-04-07,0.008193865089999974,0.028084229080000078,,,-0.17900000000000027,0.49609002318907747,5.0,0.48976819465230603,5.0,0.4326356180631228,5.0,0.49609002318907813,5.0,-22.15542749999986,-45.903893490746896,-54.347835914902724,-45.80552764872983,-55.18820342403,7.75,5.143,7.694566976767203,5.143,-0.17900000000000027,-2.607,0.2450000000000001,-0.013545390439310448,-0.015585051966630122,-0.013414488036070213,-0.015645884852606245,0.49609002318907747,0.49609002318907747,7.981585756982495e-05,7.981585756982686e-05,,-0.0006214239590727208,-0.0006214239590727492,,-0.003405184209734296,-0.003405184209734288,,0.009916109102555574,0.009916109102555592,,0.008334599701377045,0.008334599701376944,,-0.010686791714231255,-0.010686791714231142,,0.0049979624800626996,0.004997962480062709,,0.003856587871152162,0.0038565878711520974,,-0.007045987961982776,-0.007045987961982715,,0.006079954737011131,0.006079954737011143,,0.0048417504738016365,0.004841750473801564,,-0.00784696478747744,-0.00784696478747737,,1.0,0.49609002318907747
2023-04-14,-0.001980507829999978,-0.002678797870000027,,,0.09100000000000019,-0.5071600349547238,5.0,-0.5004637210429068,5.0,-0.44097448723210886,5.0,-0.5071600349547245,5.0,141.0760762,139.26262578021309,136.68970432788402,139.09285109226303,137.627388609131,7.75,5.234,7.694566976767203,5.234,0.09100000000000019,-2.516,-0.17900000000000027,0.024429625506695973,0.02465303112312638,0.024229617127813075,0.024720190131402784,-0.5071600349547238,-0.5071600349547238,0.00039058046907109123,0.00039058046907117775,,0.00046794499354412894,0.0004679449935441069,,-0.0033992414970004103,-0.003399241497000391,,0.01024577191329426,0.010245771913294252,,0.009987701375183875,0.009987701375183749,,-0.010394649837872388,-0.010394649837872262,,0.005318176191182676,0.005318176191182715,,0.005227823184364002,0.005227823184363928,,-0.006896945667436399,-0.0068969456674363265,,0.006402247250047224,0.006402247250047253,,0.006274996386344374,0.006274996386344288,,-0.007666440584932317,-0.007666440584932233,,1.0,-0.5071600349547238
2023-04-21,0.00564482836000002,-0.003461436400000073,,,0.0810000000000004,0.019407675120750145,5.0,0.019271262333032446,5.0,0.017550153668702384,5.0,0.01940767512075059,5.0,-32.91037750000032,-25.69088512447385,-32.33856594530894,-25.67108460662361,-32.47949049789134,7.75,5.315,7.694566976767203,5.315,0.0810000000000004,-2.4349999999999996,0.09100000000000019,-0.004585484780308709,-0.004756404635817958,-0.004538368461111043,-0.004779754359620725,0.019407675120750145,0.019407675120750145,0.0004912335744502118,0.0004912335744502505,-1.276312447840826e-05,0.00046574772148681503,0.00046574772148679796,,0.00048545599285283833,0.00048545599285278917,,0.010114359448839287,0.010114359448839278,-0.003543927772586134,0.00973043442878887,0.009730434428788787,,0.005172862274984107,0.005172862274983986,,0.005302796511644749,0.005302796511644764,-0.0017783454485322712,0.005098091075137843,0.005098091075137793,,0.0028291591339184726,0.0028291591339183876,,0.006361340357827548,0.006361340357827557,-0.002166773559824121,0.006117206612941069,0.006117206612941011,,0.003344773824952912,0.0033447738249528197,,1.0,0.019407675120750145
2023-04-28,0.0022599842199999554,-0.004954282539999966,,,-0.27500000000000036,0.5954343765879333,5.0,0.5878234587224227,5.0,0.5191426960630332,5.0,0.5954343765879331,5.0,-42.424646599999505,-79.14961559380305,-87.65258175051905,-79.05038054067616,-88.59256673859366,7.75,5.04,7.694566976767203,5.04,-0.27500000000000036,-2.71,0.0810000000000004,-0.01718289010548373,-0.02023625872163373,-0.017057172385731113,-0.02029117580041947,0.5954343765879333,0.5954343765879333,-0.00019366106993245428,-0.00019366106993248542,-0.0080813939874907,0.00036360985892693704,0.0003636098589268967,,0.0004601255977541251,0.0004601255977540885,0.02091290071062225,0.008741261729056085,0.008741261729056041,-0.012656688954316436,0.009062506381080478,0.00906250638108034,,0.0047902114925082555,0.004790211492508184,0.05849108166391403,0.004273800329561815,0.004273800329561778,-0.010369041470903569,0.0047130581200037075,0.004713058120003619,,0.0026251685451311904,0.0026251685451311366,0.03970199118726814,0.0052566418374505545,0.0052566418374505154,-0.010872323917254399,0.005669936737440597,0.005669936737440498,,0.0031014779935541444,0.003101477993554087,0.043835591092130234,1.0,0.5954343765879333
2023-05-05,-0.0015928432399999748,0.00665728514999997,,,0.07599999999999962,0.07142489020513043,5.0,0.07061350360579866,5.0,0.06284570523947175,5.0,0.07142489020513088,5.0,92.86807829999998,100.35404125353568,93.33409036770473,100.39108135356459,93.09104336843403,7.75,5.116,7.628403474880587,5.116,0.07599999999999962,-2.6340000000000003,-0.27500000000000036,0.021134545767305262,0.020451208955559776,0.021204644328517534,0.02042725614481809,0.07142489020513043,0.07142489020513043,0.00024825067417540755,0.00024825067417522865,-0.021284832609728774,0.00108559512283637,0.0010855951228363147,,0.0004289158580044042,0.00042891585800435293,,0.0084318828458933,0.008431882845893307,0.046750796192646646,0.010582397084170306,0.010582397084170235,,0.004561533264691719,0.0045615332646916475,,0.004340066760034353,0.004340066760034267,0.012732981791458936,0.005833996103503338,0.005833996103503275,,0.0024952245613480612,0.002495224561348,,0.005240266298923321,0.005240266298923256,0.02021690095972023,0.0068786443192500706,0.006878644319250006,,0.002949812476083666,0.0029498124760836027,,1.0,0.07142489020513043
2023-05-12,0.0012488884299999836,-0.003619472259999923,,,-0.016000000000000014,-0.21808075768251833,5.0,-0.21513552774016254,5.0,-0.18925002850275496,5.0,-0.21808075768251833,5.0,-71.58114420000038,-84.2701294657546,-88.31452663169893,-84.37346915249923,-87.85694421906004,7.75,5.1,7.628403474880587,5.1,-0.016000000000000014,-2.6500000000000004,0.07599999999999962,-0.017732798179571598,-0.01815423347479496,-0.017854068575561283,-0.018121891230549567,-0.21808075768251833,-0.21808075768251833,0.00018536722073788552,0.0001853672207377783,0.03182868835674641,0.0010282624579877149,0.001028262457987738,0.0006018141230853183,3.9078812913244105e-05,3.907881291316384e-05,,0.008490386364054777,0.008490386364054737,0.06798090725303693,0.010400718170195528,0.010400718170195538,0.014537712704637685,0.0047688992349926955,0.004768899234992491,,0.004337876792396331,0.004337876792396257,0.04990479780489167,0.005714490314091622,0.005714490314091638,0.007569763413861502,0.00240398902395297,0.002403989023952827,,0.005251428898161189,0.005251428898161123,0.053881541883483625,0.0067454604424344805,0.006745460442434496,0.009102712257832261,0.0029242692703817094,0.0029242692703815533,,1.0,-0.21808075768251833
2023-05-19,-0.003106210070000004,0.013232521599999991,,0.06550724720000023,0.2190000000000003,-0.4167694644802298,5.0,-0.41124605588039786,5.0,-0.36226418450257736,5.0,-0.41676946448023,5.0,-35.89120939999975,-15.91964116034162,-20.170266511130816,-16.00877506788697,-19.56091017205762,7.75,5.319,7.628403474880587,5.319,0.2190000000000003,-2.431,-0.016000000000000014,0.003668049208728808,0.00426901106328793,0.003583395384225776,0.004303363588670313,-0.4167694644802298,-0.4167694644802298,0.000517008383966682,0.00051700838396673,-0.0012940995927438427,0.0011799962760316671,0.0011799962760316214,,0.0001431656641860742,0.0001431656641860082,,0.007915350847994631,0.007915350847994638,-0.006478986755115622,0.010173960862140981,0.010173960862140861,,0.004852426059966817,0.004852426059966649,,0.004216179615980657,0.004216179615980684,-0.0038865431739297323,0.005676978569086324,0.005676978569086242,,0.0024977958620764455,0.0024977958620763284,,0.005029997287023731,0.005029997287023753,-0.004456880761790628,0.006666314673558348,0.006666314673558258,,0.0030158145056123275,0.003015814505612199,,1.0,-0.4167694644802298
2023-05-26,0.0013458746600000238,-0.003757565420000053,,,0.11300000000000043,-0.28033086753759606,5.0,-0.2765778820501943,5.0,-0.24345618038252836,5.0,-0.28033086753759606,5.0,-79.84834229999979,-73.66695574327176,-78.19355220136889,-73.74531249483185,-77.74953639945207,7.75,5.432,7.628403474880587,5.432,0.11300000000000043,-2.3179999999999996,0.2190000000000003,-0.009564325481190426,-0.009576195866296409,-0.009642808936566808,-0.009548884329295106,-0.28033086753759606,-0.28033086753759606,0.0015072917977651066,0.0015072917977650927,,0.0008978833076464431,0.0008978833076463752,,0.0003480524001923513,0.0003480524001923275,,0.007327935621409974,0.007327935621409922,,0.009757892736638196,0.009757892736638074,,0.008295623135552398,0.008295623135552377,,0.0044176137095875406,0.004417613709587508,,0.0053278880221423195,0.005327888022142225,,0.0043218377678723744,0.004321837767872352,,0.005057884530188475,0.005057884530188438,,0.006302489059331412,0.006302489059331311,,0.005196070548761979,0.005196070548761957,,1.0,-0.28033086753759606
2023-06-02,0.007949034570000013,0.01749993093000002,,,-0.1670000000000007,0.27309819131096147,5.0,0.26966989804856834,5.0,0.2384587863294192,5.0,0.27309819131096125,5.0,146.90813909999997,120.5456731091489,113.7687575177803,120.5666365990026,113.3765904186386,7.75,5.265,6.285006622361876,5.265,-0.1670000000000007,-2.4850000000000003,0.11300000000000043,0.019397227089029308,0.017190379274778574,0.01942849082235389,0.017172966795018133,0.27309819131096147,0.27309819131096147,0.00134365542312236,0.0013436554231223987,-0.0004597247496590639,0.0003854170057450819,0.00038541700574502076,,0.0003766373060076869,0.00037663730600763474,,0.006433827094843577,0.006433827094843603,-0.011755582985564497,0.009521274641288227,0.00952127464128808,,0.00839318779518557,0.008393187795185471,,0.0038887412589829686,0.003888741258983001,-0.00610765386761178,0.004953345823516655,0.004953345823516551,,0.0043849125505966285,0.004384912550596553,,0.004448660142872303,0.004448660142872333,-0.007350198273561378,0.0059582901634264,0.005958290163426287,,0.0052667331044061955,0.005266733104406115,,1.0,0.27309819131096147
2023-06-09,0.012297991919999973,-0.0020985342299999488,-0.0012610235800000202,,0.07100000000000062,0.0535173243564091,5.0,0.05293830579058345,5.0,0.04725215469871413,5.0,0.0535173243564091,5.0,109.59928200000013,115.94505532080431,109.10395036908582,115.97366825145116,108.90347889107257,7.75,5.336,6.285006622361876,5.336,0.07100000000000062,-2.4139999999999997,-0.1670000000000007,0.018860950134226395,0.018610452540475237,0.01891885564140064,0.018582857345932197,0.0535173243564091,0.0535173243564091,0.0017390397644609728,0.0017390397644610825,-0.006242071346181391,0.00039315367563961493,0.000393153675639511,-0.0018952021477399808,0.00042260487127359476,0.0004226048712735552,0.01039840126723326,0.006758511379904423,0.006758511379904524,-0.008117448743079143,0.00946074423524951,0.009460744235249357,0.035299804837303946,0.00866153623572966,0.008661536235729602,-0.0694070514291785,0.004248775572182698,0.004248775572182803,-0.007179760044630267,0.0049269489554445624,0.004926948955444434,0.016702301344781983,0.004542070553501628,0.004542070553501578,-0.02950432508097262,0.004800917449881478,0.004800917449881582,-0.007386051558289019,0.00592438391700165,0.0059243839170015165,0.020793752113136815,0.005448353003591795,0.005448353003591744,-0.03828292487757791,1.0,0.0535173243564091
2023-06-16,0.003688426460000005,-0.004777067870000096,,,-0.09799999999999986,0.1481716009853613,5.0,0.14636435138528658,5.0,0.12967520755699824,5.0,0.1481716009853613,5.0,161.5789490999996,143.4666384561346,137.15398934487942,143.46733098460768,136.94417911841825,7.75,5.238,6.285006622361876,5.238,-0.09799999999999986,-2.5119999999999996,0.07100000000000062,0.01908021831166105,0.017802441264641047,0.019089223739545233,0.017787329899641116,0.1481716009853613,0.1481716009853613,0.0003248065063825106,0.0003248065063826256,,0.0003842595137423035,0.000384259513742313,-0.0004115582632902709,0.00042029940300316443,0.0004202994030031306,,0.006323072081702502,0.006323072081702497,,0.009440514644350114,0.009440514644350143,0.009364981296802667,0.00866837497373429,0.008668374973734195,,0.0033239392940425066,0.0033239392940425613,,0.004912387079046209,0.004912387079046228,0.004476711516756198,0.004544337188368728,0.0045443371883686625,,0.0039837485073277055,0.003983748507327747,,0.005908575143413068,0.005908575143413089,0.005552130868366421,0.005451625501149151,0.00545162550114908,,1.0,0.1481716009853613
2023-06-23,0.0022373044299999756,0.019974637090000025,,,-0.0810000000000004,0.2568961079240244,5.0,0.2536780524062321,5.0,0.22435033584016373,5.0,0.2568961079240244,5.0,-76.05195170000025,-89.325256155717,-96.6230254374665,-89.27835143716749,-97.07658702159029,7.75,5.157,6.285006622361876,5.157,-0.0810000000000004,-2.593,-0.09799999999999986,-0.01878179677772084,-0.020018433117141472,-0.018711149040520878,-0.020055740386389055,0.2568961079240244,0.2568961079240244,0.00010048735508097186,0.00010048735508103122,,0.00022678510171298134,0.00022678510171293546,,0.00016629723889700798,0.0001662972388969503,,0.0066313538155905105,0.006631353815590534,,0.009233640583830971,0.009233640583830926,,0.00877227849723384,0.008772278497233745,,0.0033659205853357414,0.0033659205853357826,,0.0047302128427719765,0.0047302128427719305,,0.004469287868065424,0.004469287868065348,,0.00408431589599179,0.004084315895991827,,0.005720966945804954,0.005720966945804909,,0.0054159458064824756,0.005415945806482395,,1.0,0.2568961079240244
2023-06-30,-0.0019760769599999617,-0.010176942630000019,,,0.017999999999999794,-0.0023372262669796307,5.0,-0.002191477871154701,5.0,-0.001384871987928804,5.0,-0.0023372262669796307,5.0,33.44724440000027,30.401962724914725,24.400767071618596,30.390421399992228,24.374375987662635,7.75,5.175,6.285006622361876,5.175,0.017999999999999794,-2.575,-0.0810000000000004,0.007602750115261076,0.006674057219943727,0.007605006817012429,0.006672332886530355,-0.0023372262669796307,-0.0023372262669796307,0.0006543783673959057,0.0006543783673959916,,0.00020203268122461762,0.00020203268122460325,,0.00019396432285843611,0.00019396432285838567,0.004978348475559169,0.0065018897938660435,0.006501889793866045,,0.009691310801925071,0.009691310801925042,,0.008812549012269508,0.008812549012269386,0.035612419744762,0.0035781340806309747,0.0035781340806310185,,0.004946671741574845,0.004946671741574823,,0.004503256667563972,0.004503256667563886,0.020295384110160585,0.0042213603375426895,0.004221360337542724,,0.005990492334851894,0.005990492334851871,,0.00545130098339919,0.005451300983399096,0.023665131949772898,1.0,-0.0023372262669796307
2023-07-07,-0.010638324680000033,0.013008059190000032,,,0.21799999999999997,0.3592250556309977,5.0,0.35467918277888333,5.0,0.31345633893019875,5.0,0.3592250556309975,5.0,29.95407199999954,65.38014822359204,55.021020762249385,65.57548186115552,54.025686323915295,7.75,5.393,5.735181814305787,5.393,0.21799999999999997,-2.357,0.017999999999999794,0.01939316968013278,0.01916466357296277,0.019680953985445906,0.01906882248353267,0.3592250556309977,0.3592250556309977,-0.0014680609399101902,-0.0014680609399102564,,-0.0006441542448441315,-0.000644154244844127,,-0.0006261578843611877,-0.0006261578843612062,,0.0031005382894935835,0.003100538289493894,,0.00978112381879256,0.009781123818792542,,0.008198890080819967,0.0081988900808199,,0.0008162386747916966,0.0008162386747918188,,0.004568484786974214,0.004568484786974207,,0.0037863660982293897,0.0037863660982293467,,0.0013187845900261117,0.0013187845900262752,,0.0057152653739742515,0.005715265373974241,,0.004757121374399317,0.004757121374399268,,0.0,0.0
2023-07-14,0.006783919370000002,0.011223604919999963,,,-0.22299999999999986,0.3430229722440592,5.0,0.3386873371365451,5.0,0.29934788844094307,5.0,0.34302297224405986,5.0,204.61677270000018,170.9255562231283,164.01983710702467,170.9514219231599,163.54478175532745,7.75,5.17,5.735181814305787,5.17,-0.22299999999999986,-2.58,0.21799999999999997,0.021720044489766555,0.01939884923268544,0.021753159664203083,0.01937456305701007,0.3430229722440592,0.3430229722440592,-0.001615487931611126,-0.0016154879316111162,-0.004835061301222463,-0.0006083548310193526,-0.0006083548310193397,,-0.0006398135217108598,-0.0006398135217108709,,0.003065433432918509,0.0030654334329186673,0.0006113421954157804,0.009841543046451212,0.009841543046451226,,0.008257254522282426,0.008257254522282365,,0.0007249727506536915,0.0007249727506537755,-0.002111859552903341,0.00461659410771593,0.004616594107715943,,0.003808720500285783,0.003808720500285747,,0.0012398741007519512,0.0012398741007520514,-0.0015127551682731343,0.005766082874237691,0.005766082874237705,,0.004787397985125045,0.004787397985125003,,0.0,0.0
2023-07-21,-0.00392184391,-0.00598153692999992,,,0.11399999999999988,0.21255356391766878,5.0,0.20991089591141554,5.0,0.18573773450114706,5.0,0.2125535639176679,5.0,36.19531770000049,52.44793277989901,44.02909932658478,52.55086612130711,43.452067170502794,7.75,5.284,5.735181814305787,5.284,0.11399999999999988,-2.466,-0.22299999999999986,0.009117426873488358,0.008954978988400001,0.009275756572097024,0.00889308614161013,0.21255356391766878,0.21255356391766878,-0.001993079468489788,-0.00199307946848971,,-0.0008218100007141291,-0.0008218100007141611,0.001977242650464913,-0.0008217575147174176,-0.000821757514717371,,0.0030671176471314334,0.003067117647131343,,0.009472452495956789,0.00947245249595668,-0.003497378978019098,0.00790007607891503,0.007900076078915142,,0.0005370190893208228,0.0005370190893208165,,0.00432532124762133,0.0043253212476212595,-0.0007600681637770926,0.003539159282098806,0.0035391592820988855,,0.0010936407720391569,0.0010936407720391322,,0.005457690122255131,0.005457690122255051,-0.0013622765429103338,0.004498560977398375,0.004498560977398463,,0.0,0.0
2023-07-28,-0.0029411205500000093,0.0025073004300000257,-0.015390762549999992,0.00429289339999972,0.09499999999999975,-0.11831003366821902,5.0,-0.1166594256268274,5.0,-0.10237167548996995,5.0,-0.11831003366821768,5.0,15.812857999999324,22.445768610268985,16.77793935201123,22.420209283256987,16.90654678305983,7.75,5.379,5.735181814305787,5.379,0.09499999999999975,-2.3710000000000004,0.11399999999999988,0.005461438820255113,0.005299776590981405,0.005450562347112116,0.005300839661045713,-0.11831003366821902,-0.11831003366821902,-0.0020842661673339626,-0.0020842661673339405,,-0.000767625016918505,-0.0007676250169185052,-0.019863825390804012,-0.0007354035851525143,-0.0007354035851524939,,0.0029582607528073524,0.0029582607528073402,,0.009450269852966644,0.00945026985296662,0.06420330570617262,0.008077373090572791,0.008077373090572805,,0.00043699729273669486,0.00043699729273669985,,0.004341322418024069,0.004341322418024057,0.022169740157684303,0.0036709847527101385,0.0036709847527101555,,0.0009916752539522395,0.0009916752539522408,,0.005465290853711436,0.005465290853711421,0.03141712457835173,0.004640390187039922,0.0046403901870399385,,0.0,-0.0
2023-08-04,-0.0021198950299999852,-0.022347049630000004,-0.01158576932000005,,0.09300000000000086,-0.037725987348977696,5.0,-0.03712103545836598,5.0,-0.032200698056569,5.0,-0.037725987348978585,5.0,-33.427352199999405,-25.48533042227045,-31.77320467649599,-25.482051973918274,-31.809145340622702,7.75,5.472,5.444772310119675,5.472,0.09300000000000086,-2.2779999999999996,0.09499999999999975,-0.001115617913458134,-0.001439536563073351,-0.0010887591883823574,-0.001450559445007184,-0.037725987348977696,-0.037725987348977696,-0.002581100896344486,-0.002581100896344384,,-0.0009163654567196136,-0.0009163654567196248,,-0.0009285055956032621,-0.0009285055956032719,,0.0008997480986811134,0.0008997480986812123,,0.009377927996601745,0.009377927996601693,,0.007643393653005669,0.007643393653005644,,-0.0008406763988316863,-0.0008406763988315859,,0.0042307812699410655,0.004230781269941034,,0.003357444028701203,0.003357444028701186,,-0.0004577830093788703,-0.00045778300937877035,,0.005363153549806415,0.005363153549806379,,0.0043003529460481854,0.004300352946048167,,0.0,-0.0
2023-08-11,-0.001206958069999986,0.024237658859999955,,,-0.004000000000000448,-0.05605992381314184,5.0,-0.05521707131679632,5.0,-0.04816552361019788,5.0,-0.056059923813140955,5.0,-34.94397130000016,-42.50174821037598,-47.91361700203804,-42.54116661111745,-47.80455530779786,7.75,5.468,5.444772310119675,5.468,-0.004000000000000448,-2.282,0.09300000000000086,-0.006054441677133822,-0.006919288206877924,-0.006090525186263791,-0.006910455927341852,-0.05605992381314184,-0.05605992381314184,-0.0019986107666457344,-0.0019986107666454074,,-0.0011044654367396616,-0.0011044654367396737,,-0.0008554647179383643,-0.000855464717938351,0.0058483448966676526,0.0026363850272627795,0.0026363850272634456,,0.008117291279010092,0.008117291279010067,,0.007205264592494263,0.00720526459249425,-0.009750484282649302,0.00031888713030852256,0.0003188871303090191,,0.003506412921135215,0.0035064129211351967,,0.0031748999372779494,0.0031748999372779494,-0.0019510696929908246,0.0008287366676384589,0.0008287366676389929,,0.004520806159867688,0.004520806159867668,,0.004061580161425538,0.004061580161425536,-0.0036669409027156896,0.0,-0.0
2023-08-18,-0.006630056440000032,-0.03720543491000006,,-0.06250261099999976,0.31599999999999984,-0.34258097739267135,5.0,-0.33802023636022316,5.0,-0.29766233226229977,5.0,-0.342580977392672,5.0,-251.6432248000001,-215.048245142926,-220.61509666288347,-215.07418010104567,-220.26632459559727,7.75,5.784,5.444772310119675,5.784,0.31599999999999984,-1.9660000000000002,-0.004000000000000448,-0.025143769127102283,-0.024092308190986695,-0.02513857725162271,-0.02408666570314369,-0.34258097739267135,-0.34258097739267135,-0.001900358521815518,-0.0019003585218153572,,-0.0006967313975398189,-0.000696731397539821,,-0.0008475444749824308,-0.000847544474982473,0.008800444524820481,0.004064638089188429,0.004064638089188555,,0.008823016396003726,0.0088230163960037,,0.007484173307480876,0.007484173307480799,0.024727067675960696,0.0010821397836864553,0.0010821397836865989,,0.004063142499231953,0.004063142499231939,,0.0033183144162492227,0.003318314416249163,0.01676375610039059,0.0017382894108968895,0.0017382894108970291,,0.005110314756521743,0.005110314756521727,,0.0042348033723201865,0.004234803372320123,0.01851568464701601,0.0,-0.0
2023-08-25,0.005647526060000019,0.03520674838000004,,,-0.09699999999999953,-0.12896929905436294,5.0,-0.12718037670731341,5.0,-0.11165355081185036,5.0,-0.12896929905436294,5.0,87.8193624000005,64.28786356834121,60.15197437887889,64.18719891344945,60.51455845118753,7.75,5.687,5.444772310119675,5.687,-0.09699999999999953,-2.0629999999999997,0.31599999999999984,0.012472020939504542,0.010792808948091792,0.012349631402537729,0.010835990838734866,-0.12896929905436294,-0.12896929905436294,-0.0026738035049534282,-0.0026738035049533996,,-0.0008894337171304204,-0.0008894337171304342,,-0.0009533568787751338,-0.0009533568787751488,,0.0019506669255330868,0.0019506669255330825,,0.006752182218905452,0.0067521822189054,,0.006615487614775106,0.006615487614775035,,-0.0003615682897101707,-0.0003615682897101586,,0.0029313742508875157,0.0029313742508874827,,0.0028310653679999857,0.0028310653679999432,,0.00014712345764334605,0.0001471234576433543,,0.0037719520038514615,0.0037719520038514242,,0.003663638262290512,0.0036636382622904635,,0.0,-0.0
2023-09-01,0.00016331105000000345,-0.0019378985700000406,,,-0.19099999999999984,0.010027521580945109,5.0,0.010012825382205826,5.0,0.009382103385449536,5.0,0.010027521580944887,5.0,98.75332159999925,63.354977984586235,58.83245937713794,63.27047905775789,59.01116414518245,7.75,5.496,4.938617090763934,5.496,-0.19099999999999984,-2.2539999999999996,-0.09699999999999953,0.002392723141026152,0.0008045879163400028,0.002283285297696308,0.0008274050385760588,0.010027521580945109,0.010027521580945109,-0.0027215542826837663,-0.0027215542826837785,,-0.0012743836164416545,-0.001274383616441678,-0.004433864814732523,-0.0008976123604017226,-0.0008976123604017466,0.001576141683700571,0.006820429854261855,0.006820429854261808,,0.006600090451781374,0.006600090451781312,-0.00022798127072531883,0.006678621413054406,0.006678621413054328,0.02687756831970679,0.0020494377857890444,0.002049437785789015,,0.00266285341766986,0.0026628534176698173,-0.0023309230427289206,0.002890504526326342,0.0028905045263262906,0.01422685500170368,0.0030990560408530625,0.0030990560408530295,,0.0035290455651743927,0.0035290455651743463,-0.0018682758528881286,0.0037238902414065155,0.0037238902414064587,0.017010011931664362,0.0,0.0
2023-09-08,-0.011604916209999983,-0.023614528949999936,,-0.01456922979999975,0.19699999999999918,0.03347790543046392,5.0,0.03315891775927682,5.0,0.029802229093585986,5.0,0.03347790543046392,5.0,-185.84824559999925,-160.2509264426079,-167.88429268143403,-160.18294900923598,-168.18236769899335,7.75,5.693,4.938617090763934,5.693,0.19699999999999918,-2.0570000000000004,-0.19099999999999984,-0.021010891014935577,-0.020756842031867263,-0.02089186556373279,-0.020798707717622572,0.03347790543046392,0.03347790543046392,-0.003514244017713762,-0.0035142440177137265,,-0.0014377123271786863,-0.0014377123271787126,,-0.0010562067794239098,-0.001056206779423924,,0.004183089448962641,0.004183089448962327,,0.006463698696897658,0.006463698696897597,,0.006234232631012543,0.00623423263101249,,0.0003344227156244393,0.00033442271562430007,,0.002512993184859486,0.0025129931848594422,,0.0025890129257943166,0.002589012925794283,,0.0011811293969588433,0.001181129396958666,,0.0033821483975078836,0.0033821483975078363,,0.003390961260942326,0.0033909612609422887,,0.0,0.0
2023-09-15,-0.0003118449400000278,-0.008022834829999992,0.003534922770000004,-0.0038652149000002467,0.0860000000000003,-0.16862176629081582,5.0,-0.16631831472671643,5.0,-0.14618212700923916,5.0,-0.16862176629081582,5.0,50.27527009999994,54.49216624369769,49.28874331539232,54.44480221749207,49.531396403246404,7.5,5.779,4.938617090763934,5.779,0.0860000000000003,-1.721,0.19699999999999918,0.015097151780792368,0.014485282839152725,0.015057880943060688,0.014504021302754558,-0.16862176629081582,-0.16862176629081582,-0.004263451709872718,-0.004263451709872708,,-0.001480917896530258,-0.001480917896530236,,-0.0010708174178283769,-0.0010708174178283847,,0.004029583578888826,0.0040295835788894795,,0.006583146916504954,0.0065831469165049325,,0.006271385833943126,0.006271385833943075,,-0.0001169340654919456,-0.00011693406549161426,,0.002551114509987348,0.0025511145099873485,,0.0026002842080573747,0.0026002842080573452,,0.0007952998162718242,0.0007952998162722262,,0.003438161639421221,0.003438161639421217,,0.0034079265657522397,0.0034079265657522054,,0.0,-0.0
2023-09-22,-0.005993961939999959,-0.006566449050000034,-0.0003318201899999984,,0.10500000000000043,-0.20230504491102752,5.0,-0.1995645201410463,5.0,-0.17551285302637587,5.0,-0.20230504491102774,5.0,-132.96844130000045,-126.46534361462236,-131.54657452312065,-126.5180263906054,-131.25519051877748,7.5,5.884,4.938617090763934,5.884,0.10500000000000043,-1.6159999999999997,0.0860000000000003,-0.019315629574145163,-0.019281016379376542,-0.01936138806861591,-0.019268409282176227,-0.20230504491102752,-0.20230504491102752,-0.004436830620861769,-0.00443683062086153,-0.0012149618045574403,-0.001250415787928987,-0.0012504157879289482,,-0.0010327732122131863,-0.00103277321221321,-0.019656739814071077,0.0038133034501973105,0.0038133034501986415,-0.09473173404015743,0.007097730654579051,0.0070977306545790585,,0.0063082389644299915,0.006308238964429945,0.01632059248562045,-0.00031176358533222936,-0.0003117635853314442,-0.04797334792235743,0.0029236574333250318,0.002923657433325055,,0.0026377328761084027,0.0026377328761083675,-0.0016680736642253145,0.0005957511624842694,0.0005957511624851745,-0.058260192868273435,0.003841953542000916,0.0038419535420009363,,0.003445244215539152,0.0034452442155391144,0.002289432888740753,0.0,-0.0
2023-09-29,-0.0015480495000000372,-0.01519244140999998,-0.010509547969999977,,0.25099999999999945,-0.33362719446831157,5.0,-0.32918263745261656,5.0,-0.2898655569919215,5.0,-0.33362719446831113,5.0,-101.98615160000008,-75.35036680569287,-80.49760393520307,-75.39711686739545,-80.09561684660198,7.5,6.135,4.938617090763934,6.135,0.25099999999999945,-1.3650000000000002,0.10500000000000043,-0.0032974098918485788,-0.002786998255625497,-0.003323906411442876,-0.002768970264670838,-0.33362719446831157,-0.33362719446831157,-0.003918769737987531,-0.003918769737986967,,-0.0008245227369572412,-0.0008245227369572087,,-0.0011170384149240594,-0.001117038414924079,,0.0046393514724831705,0.004639351472483582,,0.008361186906702655,0.00836118690670268,,0.006192344474278337,0.006192344474278259,,0.00036029086724781965,0.00036029086724830755,,0.003768332084872707,0.0037683320848727352,,0.0025376530296771387,0.0025376530296770897,,0.0013016842003995967,0.0013016842004000674,,0.0047787601456752956,0.0047787601456753225,,0.0033416851474894023,0.003341685147489347,,0.0,-0.0
2023-10-06,-0.013684618489999967,-0.007011015540000054,-0.004073053800000004,,0.24900000000000055,-0.42273865309646996,5.0,-0.41713778848546856,5.0,-0.36746203468282923,5.0,-0.4227386530964702,5.0,-127.02532419999989,-102.49415240820238,-106.92397009681991,-102.57435351845027,-106.33537383972089,7.25,6.384,4.268517299291267,6.384,0.24900000000000055,-0.8659999999999997,0.25099999999999945,-0.009490281107510523,-0.00880425664133739,-0.009560893080021874,-0.008772483716245966,-0.42273865309646996,-0.42273865309646996,-0.0034848206021159127,-0.003484820602115401,,-0.0006391463952768433,-0.000639146395276834,,-0.0012361909495591577,-0.0012361909495591913,,0.0037702008857273036,0.0037702008857280625,,0.0077627137281196,0.00776271372811963,,0.006452724577161168,0.006452724577161083,,0.00014269014180569545,0.0001426901418063308,,0.0035617836664213784,0.003561783666421398,,0.002608266813801005,0.0026082668138009456,,0.0009407425054684493,0.0009407425054691115,,0.004485988279994987,0.004485988279995009,,0.003454047521740241,0.003454047521740176,,0.0,-0.0
2023-10-13,0.00382171111999996,-0.0011149497899999306,,,-0.2550000000000008,0.5664411747376233,5.0,0.5592064717835041,5.0,0.4938959951875228,5.0,0.5664411747376229,5.0,-52.26935659999981,-86.45778541491869,-94.88306594351403,-86.3617767657778,-95.78512911152576,7.25,6.129,4.268517299291267,6.129,-0.2550000000000008,-1.1210000000000004,0.24900000000000055,-0.015927249603931402,-0.01906069516044198,-0.015803900564970982,-0.019110356889328283,0.5664411747376233,0.5664411747376233,-0.0030486203972616603,-0.0030486203972614027,,-0.0003412512114473855,-0.00034125121144739355,,-0.00048449103055326655,-0.0004844910305532609,,0.003796634470020498,0.0037966344700212334,,0.007863976459925356,0.007863976459925355,,0.007561382137420694,0.007561382137420693,,0.0003740070363794188,0.00037400703637991534,,0.0037613626242389855,0.0037613626242389807,,0.0035384455534337137,0.0035384455534337163,,0.0011269850717804562,0.001126985071781005,,0.004663937668089987,0.004663937668089983,,0.004423491601910849,0.004423491601910851,,0.0,0.0
2023-10-20,-0.010580877279999956,0.013770076429999945,,,0.3250000000000002,-0.33064260016019165,5.0,-0.3262367711500809,5.0,-0.28726663190179536,5.0,-0.3306426001601912,5.0,-29.144893499999853,9.094152947020127,3.3653368039379856,9.075937275652244,3.6794706358523612,7.25,6.454,4.268517299291267,6.454,0.3250000000000002,-0.7960000000000003,-0.2550000000000008,0.01116116630867722,0.012191576171321921,0.011177227379242417,0.012194681470799856,-0.33064260016019165,-0.33064260016019165,-0.0025875747119957658,-0.002587574711995406,0.003562394649986619,-0.0003484432000965841,-0.00034844320009657764,,-0.00048372796987244303,-0.00048372796987245826,,0.0040531372273230944,0.004053137227323388,-0.002854165170196664,0.007595213367836504,0.0075952133678365225,,0.00724677100227059,0.007246771002270567,,0.0007327812576636643,0.0007327812576639909,0.0003541147398949775,0.0036233850838699603,0.0036233850838699724,,0.0033815215161990732,0.0033815215161990546,,0.0014632595709887387,0.0014632595709890583,-0.0003517068403251836,0.0044971873063425994,0.004497187306342613,,0.0042318764031348075,0.004231876403134788,,0.0,-0.0
2023-10-27,0.0007457130299999837,-0.009250218529999965,0.001112188720000018,,-0.10599999999999987,0.22108097622658152,5.0,0.21832765677580235,5.0,0.1931632347586496,5.0,0.2210809762265813,5.0,-45.47200430000066,-63.36553017209906,-70.19248817284506,-63.34104172304117,-70.5443425406887,7.25,6.348,4.268517299291267,6.348,-0.10599999999999987,-0.9020000000000001,0.3250000000000002,-0.011828694164377384,-0.013557384732146332,-0.01178851985239101,-0.0135778049985655,0.22108097622658152,0.22108097622658152,-0.00234334773047519,-0.0023433477304749028,,-0.0008737763601469557,-0.0008737763601469624,-0.01763840338738009,-0.00045032069291351713,-0.00045032069291355416,,0.003905020235275336,0.0039050202352754314,,0.007101616345809428,0.007101616345809415,-0.023206401313371167,0.007213758870928212,0.007213758870928113,,0.0007808362524000731,0.0007808362524002643,,0.003113919992831236,0.0031139199928312262,-0.02042240235037563,0.0033817190890073475,0.0033817190890072795,,0.0014681567286326308,0.0014681567286328008,,0.003991213190486438,0.003991213190486427,-0.021034882122234647,0.0042247678410299375,0.004224767841029863,,0.0,0.0
2023-11-03,0.005569767850000018,0.004636034260000033,,,-0.41000000000000014,0.6645064162901397,5.0,0.6559992217239619,5.0,0.5792892481488063,5.0,0.6645064162901397,5.0,31.802978800000346,-24.591063734141414,-32.62035024814034,-24.51653231516711,-33.5542630309083,7.25,5.938,3.58781680047142,5.938,-0.41000000000000014,-1.3120000000000003,-0.10599999999999987,-0.011175232502410504,-0.01500023914155218,-0.011091795739732837,-0.015044798795275623,0.6645064162901397,0.6645064162901397,-0.004321322538264989,-0.004321322538263967,,-4.084799325877113e-05,-4.084799325876791e-05,,0.0003833306201450425,0.0003833306201450329,,0.004484275034557742,0.00448427503455773,,0.006594880760901412,0.006594880760901411,,0.008331526203187568,0.00833152620318755,,8.147624814637674e-05,8.147624814688155e-05,,0.0032770163838213204,0.0032770163838213217,,0.004357428411666305,0.004357428411666292,,0.001050091981156877,0.001050091981157268,,0.004006946546778941,0.0040069465467789415,,0.005231729925800983,0.005231729925800969,,0.0,0.0
2023-11-10,-0.004009496140000013,-0.008361196050000075,,,0.2110000000000003,-0.37583788539743934,5.0,-0.3708456037313361,5.0,-0.3266217832665619,5.0,-0.37583788539743956,5.0,7.274729699999625,26.821792980902536,22.308893496312322,26.744717150240483,22.84237854519774,7.0,6.149,3.58781680047142,6.149,0.2110000000000003,-0.851,-0.41000000000000014,0.00852979804938565,0.0092728924879601,0.008459938061852234,0.009297817064087855,-0.37583788539743934,-0.37583788539743934,-0.0029627768923512613,-0.0029627768923510063,,2.059506520647259e-06,2.059506520653313e-06,-1.3891142391963922e-05,0.0003144486106596876,0.00031444861065966156,,0.001565457336247871,0.0015654573362481633,,0.006634578555185589,0.006634578555185621,-0.005048609012275225,0.007963717690905328,0.007963717690905276,,-0.0006986597780516951,-0.0006986597780514215,,0.003318319030853118,0.003318319030853137,-0.0025312500773335945,0.004139083150782508,0.004139083150782469,,-0.00020055401290579073,-0.00020055401290551284,,0.004047896126206262,0.004047896126206283,-0.0030850690430207534,0.0049805027496095285,0.004980502749609486,,0.0,-0.0
2023-11-17,-0.00114579274000004,0.007767935449999985,,,-0.20999999999999996,0.3046496168539454,5.0,0.30081191324680234,5.0,0.26593313728218004,5.0,0.30464961685394565,5.0,177.24053550000008,144.80523454396462,138.10392031028064,144.82183517151825,137.6939236960872,7.0,5.939,3.58781680047142,5.939,-0.20999999999999996,-1.061,0.2110000000000003,0.02055445020682449,0.018299781003247594,0.02057646358558887,0.018280530395634563,0.3046496168539454,0.3046496168539454,-0.0017683983695114226,-0.0017683983695112575,0.008768995867742543,3.884858775557616e-05,3.884858775557094e-05,-0.0003547232782106491,0.0003600501056703918,0.00036005010567038406,,0.0027456425658409556,0.002745642565841113,0.0020062115007657743,0.006363518963150047,0.006363518963150033,0.007127789513144637,0.008075919602912863,0.008075919602912818,,0.0004886220981647665,0.0004886220981649278,0.005387603684254158,0.0032011837754528116,0.003201183775452802,0.0033865331174669938,0.004217984854291627,0.004217984854291601,,0.0009851666010535281,0.0009851666010536884,0.0046436974038867145,0.0038968975167462034,0.0038968975167461926,0.004209609524516075,0.005066730498988299,0.005066730498988268,,0.0,0.0
2023-11-24,0.002036488010000004,0.013282149550000066,,,-0.0940000000000003,0.07611496697503317,5.0,0.07524272208121152,5.0,0.06692973038109873,5.0,0.07611496697503362,5.0,24.773965899999894,5.8360669702706325,0.06117099842880691,5.811793405796934,-0.00394471634434268,7.0,5.845,3.58781680047142,5.845,-0.0940000000000003,-1.1550000000000002,-0.20999999999999996,-0.005253527915164413,-0.006250872316281966,-0.005277250536529376,-0.006257639870737133,0.07611496697503317,0.07611496697503317,-0.00202126716018114,-0.002021267160181093,0.0011401883759173525,0.0008682708392615836,0.0008682708392615886,,0.00016176670753025296,0.00016176670753026412,-0.003578649116948288,0.000593169230720014,0.0005931692307197065,-0.12334882022342072,0.005550669915033539,0.005550669915033542,,0.007594675346711937,0.007594675346711936,0.08618299417857841,-0.0007140489647305629,-0.0007140489647306932,-0.061104315923751686,0.0032094703771475613,0.0032094703771475656,,0.003878221027121095,0.0038782210271211,0.041302172530815064,-0.00042646096173143606,-0.0004264609617316053,-0.07479810686967887,0.003724534275482476,0.0037245342754824804,,0.00469584097743108,0.004695840977431084,0.051175953293323,0.0,0.0
2023-12-01,0.004554691430000035,-0.007600488010000017,,,-0.391,0.5839223699708973,5.0,0.5764608315554982,5.0,0.5091182707154034,5.0,0.5839223699708971,5.0,55.732122000000345,0.6807894027735983,-6.856654116406574,0.732786567874939,-7.644782467599846,7.0,5.454,3.1996705911621133,5.454,-0.391,-1.5460000000000003,-0.0940000000000003,-0.008736127497844628,-0.012197636780205608,-0.008681124358969358,-0.012234799448494588,0.5839223699708973,0.5839223699708973,-0.002366199181930086,-0.002366199181930411,,0.000798834184849497,0.0007988341848495143,-0.013297165472128366,-0.00025505822671410274,-0.00025505822671410957,,0.0009832368290068796,0.000983236829006287,,0.004618264799425962,0.004618264799425969,-0.027142446653128302,0.0071054710250327245,0.007105471025032706,,-0.0006914811764616031,-0.0006914811764620621,,0.002708549492137729,0.0027085494921377418,-0.020219806062628333,0.0034252063991593107,0.0034252063991592986,,-0.000323043215258537,-0.0003230432152590253,,0.0031286868597411406,0.003128686859741152,-0.021742786992538326,0.004234864616851462,0.004234864616851448,,0.0,0.0
2023-12-08,-0.001435890559999986,-0.005980480610000005,,,-0.0909999999999993,0.14007055929189294,5.0,0.13836842856411868,5.0,0.12262098231237095,5.0,0.14007055929189338,5.0,-112.73749560000033,-129.92084663850216,-136.22243600427927,-129.92053212942727,-136.4232086561949,7.0,5.363,3.1996705911621133,5.363,-0.0909999999999993,-1.6369999999999996,-0.391,-0.024770940328604444,-0.026124168342968414,-0.024761698926497176,-0.02613701596977605,0.14007055929189294,0.14007055929189294,-0.002058405226833672,-0.002058405226833747,,0.001085007353974365,0.0010850073539743653,,-0.00031821011638933825,-0.0003182101163893287,,0.0019789961487758105,0.001978996148775738,,0.005035880878069202,0.00503588087806921,,0.007246936834364807,0.007246936834364827,,-3.9704539028930863e-05,-3.970453902900437e-05,,0.0030604441160217836,0.0030604441160217875,,0.0034643633589877343,0.003464363358987749,,0.00040440961228811224,0.00040440961228803895,,0.003495040203672216,0.0034950402036722206,,0.004296529523570691,0.004296529523570706,,0.0,0.0
2023-12-15,0.018588397099999987,0.06672192275,,,-0.25200000000000067,0.37414802717159956,5.0,0.36940851429156263,5.0,0.3264509643808293,5.0,0.3741480271715987,5.0,722.8345539000002,685.2457779357272,678.3134425221241,685.2723154042217,677.8059875312101,6.75,5.111,3.1996705911621133,5.111,-0.25200000000000067,-1.6390000000000002,-0.0909999999999993,0.1072043262017253,0.10438240380040598,0.10723675827382262,0.10436299919481921,0.37414802717159956,0.37414802717159956,-0.003566244640137141,-0.003566244640137335,0.018941608191135738,-0.0004530664868600589,-0.00045306648686003364,-0.02918681168303795,-0.00030813893111782044,-0.0003081389311178204,,0.0016013237048764315,0.0016013237048758545,-0.0339823566413449,0.004052036166578344,0.0040520361665783875,0.008142204407688411,0.0074176819083263965,0.007417681908326404,,-0.0009824604676303547,-0.0009824604676307402,-0.007520374225104581,0.0017994848398591426,0.001799484839859177,-0.010522303637674769,0.003554771488604288,0.003554771488604292,,-0.0004140279496788618,-0.0004140279496792896,-0.01334201035667745,0.002295046131737367,0.0022950461317374033,-0.00641611186769487,0.004404611780943152,0.004404611780943157,,0.0,0.0
2023-12-22,0.019383868729999976,0.0011744380900000628,-0.004092747489999993,0.04690130600000009,-0.021999999999999353,0.018128563274412368,5.0,0.018008748203373504,5.0,0.016436328630076602,5.0,0.018128563274413256,5.0,377.77281980000043,368.89966448333325,363.0388183538052,368.8808035631063,363.01422644179195,6.75,5.089,3.1996705911621133,5.089,-0.021999999999999353,-1.6609999999999996,-0.25200000000000067,0.03802430611380507,0.03859678470491121,0.03801092784630683,0.0385687641718899,0.018128563274412368,0.018128563274412368,-0.0042873920237000976,-0.004287392023700148,,-0.0005893009972657581,-0.0005893009972657583,,-0.0004529534063185644,-0.00045295340631856996,,0.0024676683970200923,0.0024676683970198954,,0.004138449457496061,0.004138449457496039,,0.006939762123082259,0.006939762123082232,,-0.0009098618133400026,-0.0009098618133401262,,0.0017745742301151514,0.0017745742301151404,,0.0032434043583818473,0.0032434043583818312,,-0.00016680516706078178,-0.00016680516706092164,,0.002294626780138951,0.002294626780138938,,0.004056603066615938,0.004056603066615919,,0.0,0.0
2023-12-29,0.003907330149999999,0.009129081629999924,,-0.009466359799999768,-0.021000000000000796,0.08421600866850465,5.0,0.08323864490238186,5.0,0.07398395562572802,5.0,0.08421600866850465,5.0,31.449388299999555,24.061687903138516,17.67242865099962,24.067455988609904,17.50997576826628,6.75,5.068,3.1996705911621133,5.068,-0.021000000000000796,-1.6820000000000004,-0.021999999999999353,-0.004163183327153612,-0.004484980473153006,-0.004142746629719831,-0.004510188199508804,0.08421600866850465,0.08421600866850465,-0.004333133949516876,-0.004333133949516739,0.25669588432265295,-0.00029446604225383385,-0.0002944660422538274,1.0408301799865254,-0.0004910635174925163,-0.0004910635174925075,,0.0026249564576418883,0.002624956457642015,-0.1107819509985627,0.00409199050062206,0.004091990500622063,-0.09058905374776444,0.007406027882527785,0.007406027882527785,,-0.0008540887459374939,-0.000854088745937362,0.07295696666204513,0.001898762229184113,0.0018987622291841179,0.47512056311938045,0.0034574821825176343,0.0034574821825176386,,-8.86988011500299e-05,-8.869880114989914e-05,0.032534404776711406,0.002381272448900461,0.0023812724489004657,0.3506644474086086,0.004326162236519868,0.004326162236519871,,0.0,0.0
2024-01-05,-0.004528743750000008,-0.014349717719999933,,,0.3260000000000005,-0.4410725895606369,5.0,-0.4352338243439027,5.0,-0.38342686023646166,5.0,-0.44107258956063733,5.0,-82.48942689999967,-46.31588484565373,-51.18188225993904,-46.37426440855577,-50.64033526014996,6.75,5.394,2.992435396569955,5.394,0.3260000000000005,-1.3559999999999999,-0.021000000000000796,0.001542853029495736,0.002909988428968377,0.0015060079858949596,0.002927844671581222,-0.4410725895606369,-0.4410725895606369,-0.0034692567241891748,-0.003469256724189269,-0.7399945904030766,-0.001305055571820139,-0.001305055571820135,,-0.00037516906449823494,-0.00037516906449822004,0.700430311366592,0.003177823697117811,0.0031778236971176225,0.5689320534146433,0.0006659541516430125,0.0006659541516430109,,0.00749094535952201,0.0074909453595220325,0.6416605531422129,-0.0001457165135356818,-0.00014571651353582319,-0.08553126849421666,-0.0003195507100885633,-0.000319550710088562,,0.0035578881475118876,0.0035578881475119063,0.6710454322544024,0.0005854623328080866,0.000585462332807935,0.05845066232573248,-0.00010273964050761664,-0.00010273964050761593,,0.004423160734154114,0.004423160734154134,0.6645807588497208,0.0,-0.0
2024-01-12,0.003844411410000026,0.015209374309999912,,,-0.12100000000000044,0.129411293905751,5.0,0.12784747748363534,5.0,0.1133391069904941,5.0,0.12941129390575146,5.0,142.35354180000013,120.27607654948748,114.2847375944974,120.2613545825401,114.13913490717718,6.5,5.273,2.992435396569955,5.273,-0.12100000000000044,-1.2270000000000003,0.3260000000000005,0.015710262304879524,0.013944260677270004,0.01569808945877218,0.013942649056333061,0.129411293905751,0.129411293905751,-0.0038451306398286783,-0.00384513063982898,,-0.0013507041859071982,-0.0013507041859071969,,-0.00037424549966259184,-0.0003742454996626276,,0.002397006881071665,0.0023970068810710093,,0.0006083654289533358,0.0006083654289533263,,0.007432392967763498,0.007432392967763423,,-0.0007240618793785067,-0.0007240618793789854,,-0.0003711693784769312,-0.00037116937847693525,,0.003529073734050453,0.0035290737340503975,,-3.7426752079468923e-05,-3.742675207998674e-05,,-0.00015567172084227245,-0.0001556717208422777,,0.004387803965467323,0.0043878039654672634,,0.0,0.0
2024-01-19,-0.003803582630000024,-0.012303933469999917,,,0.27000000000000046,-0.4536505227162855,5.0,-0.4476485466188742,5.0,-0.39437947311627886,5.0,-0.4536505227162859,5.0,-30.35542340000029,-3.1703193364214926,-7.514870605762223,-3.2540803258956466,-6.885485902446309,6.5,5.543,2.992435396569955,5.543,0.27000000000000046,-0.9569999999999999,-0.12100000000000044,0.003566686477765351,0.0048958544522751685,0.0034920565220059596,0.004920887422591828,-0.4536505227162855,-0.4536505227162855,-0.0037636921439232014,-0.0037636921439234907,0.003681706841763325,-0.0013859104213439217,-0.001385910421343908,-4.4190632154347345,-0.0004895762300104111,-0.0004895762300104084,,0.0028014085712557597,0.002801408571255263,0.009854309020248657,0.001193917772701762,0.001193917772701769,0.6136222467883798,0.007369920766206182,0.007369920766206188,,-0.00048114178633372083,-0.00048114178633411374,0.006768007931005991,-9.599632432107986e-05,-9.599632432106956e-05,-1.9027204843231773,0.0034401722680978855,0.00344017226809789,,0.00024101929233596477,0.00024101929233554908,0.007446994170639378,0.00018778477702394527,0.0001877847770239548,-1.3491250834786348,0.00430471693768171,0.004304716937681715,,0.0,-0.0
2024-01-26,-0.0014139383899999802,0.0021038881399999543,,,-0.036000000000000476,-0.05243577358185281,5.0,-0.051639947949432496,5.0,-0.04500968600075872,5.0,-0.05243577358185236,5.0,70.36683799999992,57.89030400379072,52.69119268707804,57.84035043978333,52.82807462888202,6.5,5.507,2.992435396569955,5.507,-0.036000000000000476,-0.9930000000000003,0.27000000000000046,0.007440226033815282,0.00642951410645498,0.007387950347498785,0.0064425441225823415,-0.05243577358185281,-0.05243577358185281,-0.004297333377988069,-0.004297333377988286,,-0.0016147664371683594,-0.0016147664371683533,,-0.00045240307790147844,-0.0004524030779014677,,-0.00031035587515869514,-0.0003103558751592449,,0.0012436077386276127,0.0012436077386276119,,0.0073576173797072816,0.007357617379707301,,-0.0023038446265733824,-0.0023038446265737653,,-0.00018557934927037332,-0.00018557934927037072,,0.0034526071509029016,0.0034526071509029164,,-0.0018652771012621513,-0.001865277101262571,,0.00012884181006718356,0.0001288418100671854,,0.0043117094012398655,0.004311709401239881,,0.0,-0.0
2024-02-02,-0.0016209297099999964,0.001566309230000007,,,-0.1999999999999993,0.08847971482295902,5.0,0.08744702533457405,5.0,0.07769670575447707,5.0,0.08847971482295858,5.0,-25.224097499999516,-60.448142267083334,-65.52111449415673,-60.50718150913376,-65.4948200834508,6.5,5.307,3.255423686974906,5.307,-0.1999999999999993,-1.1929999999999996,-0.036000000000000476,-0.016123703447076063,-0.017919234990102173,-0.01620032456642265,-0.017906816905090907,0.08847971482295902,0.08847971482295902,-0.003337616790067815,-0.0033376167900682225,0.5110133249419739,-0.0016015358801803024,-0.00160153588018028,,-0.00048822755543474717,-0.00048822755543473655,-0.00015428437405765665,-0.004839958845757621,-0.004839958845758243,-0.027603099710504467,-0.0010191136378080018,-0.0010191136378079329,,0.007180402588619657,0.00718040258861966,-0.0364726520646757,-0.004088787817912718,-0.004088787817913233,0.24170511261573474,-0.0013103247589941521,-0.0013103247589941066,,0.0033460875165924548,0.0033460875165924617,-0.018313468219366677,-0.004254045444038597,-0.004254045444039135,0.1824573059039621,-0.001246258312333199,-0.0012462583123331484,,0.004189636832438439,0.0041896368324384455,-0.02230848866533466,0.0,0.0
2024-02-09,0.00623444826999997,-0.0019935536599999804,,,0.23599999999999977,-0.08974320243335399,5.0,-0.08846327673112908,5.0,-0.07749624962733481,5.0,-0.08974320243335399,5.0,3.577676199999587,32.779775188168074,25.823472401375664,32.81698381703501,25.737337385297018,6.25,5.543,3.255423686974906,5.543,0.23599999999999977,-0.7069999999999999,-0.1999999999999993,0.013129388171916176,0.013479099703912131,0.013211416431931244,0.013455611732691499,-0.08974320243335399,-0.08974320243335399,-0.0013070312059152607,-0.0013070312059154142,-0.4805864998134029,-0.001574004995254319,-0.0015740049952543181,,-0.0005484662754744892,-0.0005484662754744944,,-0.003689958208074011,-0.0036899582080741314,-0.5751002733415655,0.0004448392108947363,0.0004448392108947515,,0.006867480952709041,0.006867480952709019,,-0.002498494706994636,-0.002498494706994773,-0.5278433865774842,-0.0005645828921797913,-0.0005645828921797833,,0.0031595073386172755,0.0031595073386172625,,-0.0027606166772320986,-0.0027606166772322317,-0.5382399016655821,-0.0003425100295033953,-0.0003425100295033857,,0.003975261533717464,0.003975261533717449,,0.0,-0.0
2024-02-16,0.013982720110000013,0.04275096823000002,,,0.04300000000000015,-0.18098651413874123,5.0,-0.17852261798007696,5.0,-0.1569491023826184,5.0,-0.18098651413874123,5.0,324.44898079999984,321.7095907485965,316.92789690912304,321.64174388807396,317.24359786423275,6.25,5.586,3.255423686974906,5.586,0.04300000000000015,-0.6639999999999997,0.23599999999999977,0.044939861640773786,0.044546477745157666,0.04486983669005204,0.044567026507467314,-0.18098651413874123,-0.18098651413874123,-0.0013694152896368528,-0.0013694152896369298,,-0.0018431071370465957,-0.0018431071370465656,,-0.0005583791102013973,-0.0005583791102013927,,-0.007123310602900494,-0.007123310602900825,,0.000454298360668095,0.00045429836066815073,,0.006178308994972226,0.00617830899497221,,-0.004246362946268674,-0.0042463629462688775,,-0.0006944043881892503,-0.0006944043881892074,,0.0028099649423854144,0.0028099649423854087,,-0.004879291430727674,-0.004879291430727906,,-0.00044168978344063435,-0.00044168978344058865,,0.003551000633954513,0.003551000633954505,,0.0,-0.0
2024-02-23,0.0027183618400000165,0.02990272245999992,,,-0.036000000000000476,0.16821101991131204,5.0,0.16614373941659943,5.0,0.14712513316213194,5.0,0.16821101991131204,5.0,131.73471920000065,123.69688434439186,116.7587332134197,123.72792190192509,116.43902248198017,6.25,5.55,3.255423686974906,5.55,-0.036000000000000476,-0.7000000000000002,0.04300000000000015,0.01039613678720669,0.00974191029107457,0.010448858003079046,0.009707844205706,0.16821101991131204,0.16821101991131204,-0.0016350082131317807,-0.0016350082131317736,0.04034852104407221,-0.0024654283828699696,-0.002465428382869987,,-0.0005975839395329492,-0.0005975839395329495,-0.030450406382349523,-0.005712345074201701,-0.005712345074201696,-0.0016576154102428185,0.0005377588190543657,0.0005377588190543263,,0.005919725502493739,0.0059197255024937305,-0.015585562698983887,-0.003673676643666741,-0.0036736766436667348,0.019345452816914695,-0.000963834781907802,-0.0009638347819078304,,0.002661070781480395,0.0026610707814803906,-0.023017984540666704,-0.0041221836983844325,-0.0041221836983844256,0.014724777806940042,-0.0006334841896961251,-0.0006334841896961559,,0.0033779748201033305,0.0033779748201033253,-0.021382851735496484,0.0,0.0
2024-03-01,0.0022346342399999775,-0.012963691639999997,,,-0.0259999999999998,0.02495049312154629,5.0,0.024742156894884904,5.0,0.02237672883608033,5.0,0.024950493121546735,5.0,-22.586833500000466,-31.946711581067913,-37.83115994840223,-31.964551609499225,-37.86545375566627,6.25,5.524,3.0113220773404055,5.524,-0.0259999999999998,-0.726,-0.036000000000000476,-0.007247283184601416,-0.00802203054883196,-0.007257248990253132,-0.008028150198888683,0.02495049312154629,0.02495049312154629,-0.001422591761185608,-0.0014225917611855954,,-0.0026388705797374566,-0.0026388705797374223,-0.394265024662972,-0.0009414301955841008,-0.0009414301955841132,,-0.002190657012836563,-0.002190657012836638,,0.002850036692719728,0.0028500366927197746,0.434995301860978,0.005926721254709197,0.005926721254709172,,-0.0018066243870110855,-0.0018066243870111167,,0.0001055830564911358,0.00010558305649117613,0.02036513859900302,0.002492645529562548,0.0024926455295625296,,-0.0018911115646926906,-0.0018911115646927314,,0.0007093628564614259,0.0007093628564614678,0.11158377451663748,0.0032481421890948104,0.003248142189094791,,0.0,0.0
2024-03-08,0.005162950210000017,0.030735647330000004,,,-0.09600000000000009,0.28759479223611484,5.0,0.2839783915180254,5.0,0.25108213676717295,5.0,0.2875947922361144,5.0,269.3825217000003,254.38693323466615,246.96033000023303,254.4395443524416,246.45979865272756,6.25,5.428,3.0113220773404055,5.428,-0.09600000000000009,-0.8220000000000001,-0.0259999999999998,0.03225458441770331,0.03051060491870078,0.03233231462689211,0.03047732272942723,0.28759479223611484,0.28759479223611484,-0.001857715812667306,-0.001857715812667333,,-0.0031544570493729227,-0.0031544570493727987,,-0.0009331730132204371,-0.0009331730132204162,-0.265606187609865,-0.0009454472614620064,-0.0009454472614621113,,0.0013176970651220966,0.0013176970651222523,,0.006492871282588373,0.006492871282588381,0.8426476357722225,-0.0014015815370646563,-0.0014015815370647222,,-0.0009183799921254131,-0.0009183799921252732,,0.002779849134683968,0.0027798491346839828,0.28852072408117874,-0.0013012319964320733,-0.0013012319964321476,,-0.00042644303953096095,-0.0004264430395308176,,0.003596714007222937,0.0035967140072229505,0.4104286446532084,0.0,0.0
2024-03-15,0.0023069636499999935,0.0007764219000000461,,,0.17100000000000026,-0.3285107470829627,5.0,-0.3241325809339828,5.0,-0.28541025683741994,5.0,-0.32851074708296224,5.0,225.83039250000002,240.08994551295956,235.50568635735794,240.01540987570232,235.98538538318252,6.25,5.599,3.0113220773404055,5.599,0.17100000000000026,-0.6509999999999998,-0.09600000000000009,0.02990932791857867,0.03079371593300846,0.029839135922294382,0.03081043280326385,-0.3285107470829627,-0.3285107470829627,-0.0022209613709853544,-0.0022209613709854455,,-0.0032170305257669535,-0.0032170305257668654,,-0.0009531618698591347,-0.0009531618698591201,-0.011073347556259766,-0.0011570573947409825,-0.0011570573947412392,,0.0013581227352078896,0.001358122735207932,,0.006552075062877659,0.0065520750628776875,0.24650487923454256,-0.0016890093828631685,-0.0016890093828633424,,-0.0009294538952795319,-0.0009294538952794667,,0.002799456596509262,0.002799456596509284,0.1177157658391414,-0.0015719799454762876,-0.0015719799454764797,,-0.0004261870365722993,-0.0004261870365722389,,0.003625032659110309,0.003625032659110332,0.14604937078612965,0.0,-0.0
2024-03-22,0.005284365720000017,-0.0011640016199999659,-0.003775761099999997,0.10783391529999964,-0.1379999999999999,0.2163908994566781,5.0,0.21369843830038793,5.0,0.18907920961702285,5.0,0.21639089945667767,5.0,20.425604799999746,-2.5539334878677096,-9.102604977184967,-2.5430320414381384,-9.409434156154184,6.25,5.461,3.0113220773404055,5.461,-0.1379999999999999,-0.7889999999999997,0.17100000000000026,-0.00784607564469236,-0.00927032416182676,-0.00782688293941466,-0.009292644482533235,0.2163908994566781,0.2163908994566781,-0.0018055076866832502,-0.0018055076866832754,0.0010147988640266344,-0.004031174310475153,-0.0040311743104750955,-0.0007257372246416205,-0.000892999011485926,-0.0008929990114859139,,-0.00030543410207438653,-0.00030543410207472415,0.00017167148171487714,0.0012259310775854745,0.0012259310775855074,-0.018438555510104846,0.006752572886071046,0.00675257288607104,,-0.0010554708943788184,-0.0010554708943789999,0.0005932351728707558,-0.0014026216164448391,-0.001402621616444794,-0.009582146367373234,0.0029297869372925597,0.002929786937292563,,-0.0008904628000718434,-0.0008904628000720591,0.0005004911608164625,-0.0008243400237581701,-0.0008243400237581277,-0.011530556378774188,0.003770799846023827,0.0037707998460238283,,0.0,0.0
2024-03-29,-0.011848710089999992,0.011161126969999935,,0.016197084500000347,0.019000000000000128,0.004911074195596665,5.0,0.004962768863574496,5.0,0.0049268032309477405,5.0,0.004911074195597109,5.0,-396.56831710000006,-399.3117969594394,-405.3776617848771,-399.3203069110744,-405.42015579335487,6.25,5.48,3.0113220773404055,5.48,0.019000000000000128,-0.7699999999999996,-0.1379999999999999,-0.05040688093578038,-0.05114131735403484,-0.05040093455495045,-0.05114776255858559,0.004911074195596665,0.004911074195596665,-0.0012356798577149988,-0.0012356798577150875,,-0.003110719977826247,-0.003110719977826212,,-0.00044724479872171167,-0.0004472447987217054,,0.0061637703346714545,0.00616377033467118,,0.0035920346598634066,0.0035920346598634703,,0.007804503126382604,0.007804503126382624,,0.002464045238478228,0.0024640452384780465,,0.00024065734101857972,0.00024065734101862916,,0.0036786291638304463,0.0036786291638304593,,0.0032779847596407373,0.0032779847596405357,,0.0009779603511644414,0.0009779603511644941,,0.00458632143559192,0.004586321435591935,,0.0,0.0
2024-04-05,-0.03577231861000002,-0.008829326019999972,,-0.0046846058000000745,0.18299999999999983,-0.3624072110108978,5.0,-0.3575892053699241,5.0,-0.31492662036099395,5.0,-0.36240721101089823,5.0,-166.5594669000002,-151.10992728065912,-155.5175251254524,-151.19245548765795,-154.98092781637365,6.25,5.663,2.403398597548071,5.663,0.18299999999999983,-0.5869999999999997,0.019000000000000128,-0.00851535315502407,-0.008677287830608088,-0.008593072968692442,-0.008637401658277177,-0.3624072110108978,-0.3624072110108978,0.00043682699760380205,0.00043682699760371125,,-0.002254239615313958,-0.0022542396153138952,,0.00025677782156507674,0.0002567778215650863,-0.006892656041081179,0.0026219044028144177,0.0026219044028140716,,0.0032667193325645887,0.0032667193325647704,,0.007728383273145158,0.00772838327314519,-0.054272650805267386,0.0015293657002091099,0.0015293657002088915,,0.0005062398586253153,0.0005062398586254376,,0.003992580547355117,0.003992580547355138,-0.03058265342317428,0.0017697242147822773,0.001769724214782031,,0.0011135453428919554,0.0011135453428920907,,0.004814457147028926,0.004814457147028949,-0.03579445284723476,0.0,-0.0
2024-04-12,-0.016267390029999995,0.06404120257000001,0.0006792737299999851,0.029928148099999774,0.15200000000000014,-0.2916296888469083,5.0,-0.287730090195508,5.0,-0.2532949682237202,5.0,-0.2916296888469081,5.0,-8.908587899999475,3.1290925443318915,-1.6025621066457614,3.0610494412222025,-1.178211282429773,6.0,5.815,2.403398597548071,5.815,0.15200000000000014,-0.1849999999999996,0.18299999999999983,0.0072850780526465524,0.00726125046707332,0.007223374844225989,0.00728794702867577,-0.2916296888469083,-0.2916296888469083,-0.002124879566885278,-0.0021248795668852676,0.07100713492109555,-0.0020411113178277016,-0.0020411113178276596,0.11093657050985764,0.0006844524855891168,0.0006844524855891242,,-0.003093521292660065,-0.00309352129266015,0.02334593610558947,0.002368440607183842,0.002368440607183996,0.2031372449083116,0.006726679161674804,0.0067266791616748325,,-0.0026092004297726713,-0.0026092004297727086,0.047176535513342506,0.00016366464467807026,0.00016366464467816827,0.15703690770908463,0.0037055658236319605,0.0037055658236319782,,-0.002715751019607898,-0.002715751019607946,0.041933803643636844,0.00064871535642934,0.0006487153564294504,0.16717898189291452,0.004370210758001386,0.004370210758001407,,0.0,-0.0
2024-04-19,0.0024844341399999914,-0.06051454990000005,,,0.1719999999999997,-0.4419253307915265,5.0,-0.4360755004303405,5.0,-0.3841694102622102,5.0,-0.44192533079152674,5.0,11.033911699999408,23.167919945436104,19.47000276249567,23.052124884565906,20.183291088973135,6.0,5.987,2.403398597548071,5.987,0.1719999999999997,-0.0129999999999999,0.15200000000000014,0.00681898092451288,0.007375290254428028,0.006695648103418331,0.007418598935014638,-0.4419253307915265,-0.4419253307915265,-0.0034330630175353244,-0.003433063017535341,-0.0006692424426687659,-0.0018568074674344159,-0.0018568074674343805,-0.012258938409169293,0.0004630146596392832,0.0004630146596392771,0.006258463000899107,0.005343338215402833,0.005343338215402693,0.0008993290413560117,0.005430438127318276,0.005430438127318361,0.06375483059444839,0.008745767279310115,0.008745767279310158,-0.057426955387142285,0.0009551375989337544,0.0009551375989336759,0.00011504329934362292,0.0017868153299419299,0.0017868153299419902,0.02574794609263955,0.004604390969474699,0.004604390969474717,-0.02558424619312159,0.0019205417345569517,0.0019205417345568594,0.00028758616258634846,0.002588412345364726,0.0025884123453647915,0.03410946068303749,0.00551549375763849,0.005515493757638515,-0.032589642215806146,0.0,-0.0
2024-04-26,0.01942371838000001,-0.021322355739999965,,,0.054999999999999716,-0.053075329505021474,5.0,-0.0522712050142613,5.0,-0.04556659852007172,5.0,-0.053075329505021696,5.0,254.37134550000064,256.07698809141914,250.19665969896369,256.0605421502848,250.2344243102824,6.0,6.042,2.403398597548071,6.042,0.054999999999999716,0.041999999999999815,0.1719999999999997,0.03537862435126703,0.03488101238247781,0.03537684660873531,0.03487863825896304,-0.053075329505021474,-0.053075329505021474,-0.00150549761604546,-0.0015054976160452835,0.009802313717888351,-0.0015486134537953296,-0.0015486134537953064,-0.46051729032061545,1.1373276261872388e-05,1.137327626186651e-05,-1.153432660561108,0.005211751399905668,0.00521175139990618,0.027265731102763542,0.005147915962381093,0.00514791596238115,-0.3878022127810731,0.008299865545325318,0.008299865545325335,0.11723186851570155,0.001853126891930104,0.0018531268919304482,0.018534022410325948,0.0017996512542928817,0.0017996512542929218,-0.4241597515508443,0.0041556194107935955,0.004155619410793601,-0.5181003960227033,0.0025920242836847277,0.002592024283685109,0.02045499832266222,0.002536269490072288,0.0025362694900723315,-0.4161610930214946,0.0050673535603905735,0.005067353560390582,-0.3783272978242542,0.0,-0.0
2024-05-03,-0.0007947274200000298,0.03483898203000002,,-0.10141352110000001,-0.2709999999999999,0.4457782905664809,5.0,0.4401093055524179,5.0,0.3888251665438538,5.0,0.44577829056648066,5.0,1.1227750999996715,-37.988831925734274,-45.34244060256304,-37.94304679960324,-45.97715162671714,6.0,5.771,1.9948306849126696,5.771,-0.2709999999999999,-0.2290000000000001,0.054999999999999716,-0.016402986188535435,-0.018710250501594593,-0.016347984667798264,-0.018750294036271643,0.4457782905664809,0.4457782905664809,-0.0009970580088706337,-0.0009970580088704323,,-0.002304342518419739,-0.0023043425184196453,0.0015374456701014502,0.0007856438690013606,0.0007856438690013613,0.0011496064692826154,0.009220994569103632,0.00922099456910402,,0.006205234700654599,0.006205234700654835,-0.004140101198596053,0.007989760746564406,0.007989760746564429,-0.012438575947078511,0.004111968280116499,0.004111968280116794,,0.00195044609111743,0.0019504460911175948,-0.0013013277642473014,0.004387702307782884,0.004387702307782895,-0.005644484738897948,0.005235954063693668,0.005235954063693984,,0.002886499585215607,0.0028864995852157876,-0.0019258579198040268,0.0051801551643148175,0.005180155164314832,-0.007139184804697672,0.0,0.0
2024-05-10,0.007406470750000005,-0.009398496880000051,,,0.008000000000000007,0.16309457252596204,5.0,0.16109368289796588,5.0,0.1426698330076297,5.0,0.16309457252596227,5.0,363.62640139999985,362.3491771635348,355.11953464932265,362.39465166287664,354.7618467976962,5.75,5.779,1.9948306849126696,5.779,0.008000000000000007,0.028999999999999915,-0.2709999999999999,0.04739485517119568,0.04635979986088242,0.047470821207594285,0.046329856378438485,0.16309457252596204,0.16309457252596204,-0.001563309872565095,-0.0015633098725650334,0.12724305360814028,-0.0009122856691894433,-0.0009122856691894365,-0.007998574899109913,0.0009462946821863505,0.0009462946821863425,-0.002555551318906127,0.003861198528966779,0.0038611985289669476,0.5376998285511679,0.00316572343125005,0.003165723431250009,-0.08350315047456756,0.007797506116771014,0.007797506116770986,0.013602112109641996,0.001148944328200842,0.0011489443282009571,0.3324714410796541,0.0011267188810303035,0.0011267188810302861,-0.04575086268683874,0.0043719003994786825,0.004371900399478664,0.005523280395367935,0.0017456402523693482,0.0017456402523694748,0.3776216863233871,0.0015752998820786476,0.001575299882078625,-0.054056366000139085,0.005125533657282995,0.005125533657282975,0.007300623372508227,0.0,0.0
2024-05-17,-0.00920003054999996,0.05231803335000007,,,-0.09600000000000009,0.1366595943683282,5.0,0.13500172421836476,5.0,0.1196507822093702,5.0,0.13665959436832797,5.0,6.998530900000333,-11.03338509339671,-17.27038428097407,-11.036176597892531,-17.458579770840505,5.75,5.683,1.9948306849126696,5.683,-0.09600000000000009,-0.06700000000000017,0.008000000000000007,-0.010266759656328608,-0.011148515615054028,-0.010262840285870467,-0.01116835809303407,0.1366595943683282,0.1366595943683282,-0.002897989131855476,-0.0028979891318555427,-0.02940596974568136,0.0001414548795098951,0.00014145487950988227,0.0331970253735144,0.001096843565662425,0.0010968435656624207,0.012407089104345815,0.008046557521157214,0.008046557521156813,-0.1493516172811095,0.0047843331240434075,0.004784333124043385,0.03297353190405989,0.007749072288873142,0.007749072288873175,-0.013153534560348693,0.002574284194650869,0.0025742841946506355,-0.08937879351339542,0.002462894001776651,0.0024628940017766337,0.033085278638787144,0.004422957927267783,0.004422957927267797,-0.00037322272800143896,0.0037781843264822652,0.0037781843264819946,-0.10257281474229252,0.0029736106086753374,0.002973610608675319,0.03306069435714715,0.005154703086820962,0.00515470308682098,-0.003184891331117835,0.0,0.0
2024-05-24,0.009656264199999987,-0.0020830874200000737,,,0.13400000000000034,-0.35622483708693653,5.0,-0.35148705374324485,5.0,-0.30954313267430567,5.0,-0.35622483708693586,5.0,13.701415099999394,21.63183970757471,17.54503855842469,21.53341184331487,18.122925950572288,5.75,5.817,1.9948306849126696,5.817,0.13400000000000034,0.06700000000000017,-0.09600000000000009,0.005369774535846915,0.0056551370407040575,0.005266358749815889,0.0056899482920073265,-0.35622483708693653,-0.35622483708693653,-0.004837278593483776,-0.004837278593484483,,-0.00029696066673860506,-0.0002969606667385969,0.09952142000178532,0.001470868935805438,0.0014708689358054541,-0.007642814692019999,0.007689668718281469,0.007689668718279454,,0.0041120734205580415,0.004112073420558041,1.1035648785385892,0.0067429537501512635,0.006742953750151337,0.01970319282652436,0.0014261950623988464,0.0014261950623974855,,0.0019075563769097182,0.0019075563769097219,0.6015431492701873,0.004106911342978351,0.004106911342978395,0.006030189067252181,0.002804159266693023,0.0028041592666915183,,0.0023925501265123494,0.002392550126512352,0.7119879297092356,0.004686840672556391,0.004686840672556442,0.009038249894292059,0.0,-0.0
2024-05-31,-0.0024952867199999895,0.00878957457000007,,,-0.0259999999999998,0.07696770820592502,5.0,0.07608439816765,5.0,0.06767228040684814,5.0,0.07696770820592458,5.0,-22.25157760000002,-30.565037719418676,-36.85946262267503,-30.563784188762163,-37.00139760121582,5.75,5.791,1.9948306849126696,5.791,-0.0259999999999998,0.04100000000000037,0.13400000000000034,-0.004307691247258525,-0.0053669236226081335,-0.004292242170431922,-0.005377890045915416,0.07696770820592502,0.07696770820592502,-0.005031396408288299,-0.005031396408288943,,-0.00011953204711014184,-0.00011953204711018356,-0.095086627619711,0.001317504114189736,0.0013175041141897355,,0.007557742012967181,0.007557742012965521,,0.0044617207876944875,0.0044617207876944094,-0.7603572586842067,0.006004354182442873,0.0060043541824428915,,0.0012631728023394413,0.001263172802338289,,0.002171094370292173,0.002171094370292113,-0.4277219431519588,0.003660929148316305,0.0036609291483163135,,0.0026479780286775443,0.0026479780286762797,,0.0026750321821206817,0.0026750321821206184,-0.5009017125690534,0.00417648265582415,0.004176482655824161,,0.0,0.0
2024-06-07,0.005271465320000002,0.007285622219999954,0.013254813450000014,,-0.17400000000000038,0.379264474556948,5.0,0.37445857081019485,5.0,0.330906264535332,5.0,0.37926447455694823,5.0,-131.0894215999997,-156.4080920226136,-163.9689739435756,-156.35075445934362,-164.57310869425996,5.75,5.617,2.269342359027651,5.617,-0.17400000000000038,-0.133,-0.0259999999999998,-0.02294734023229472,-0.02518568790721363,-0.02286917046089517,-0.02522179050140165,0.379264474556948,0.379264474556948,-0.004201460983543258,-0.0042014609835436265,0.026872232406425257,0.00024641214915348047,0.00024641214915348383,-0.0055412903899729,0.0015789767711025774,0.0015789767711025836,-0.0011002913519920405,0.006666881231461851,0.006666881231460884,0.25003127856567053,0.004748400634490784,0.00474840063449072,-0.015171207323937837,0.006207305623003858,0.006207305623003893,0.007977043699693955,0.0012327101239592965,0.0012327101239586287,0.1384517554860479,0.0024974063918221327,0.002497406391822102,-0.01035624885695537,0.0038931411970532176,0.0038931411970532384,0.0034383761738509574,0.0024282277676098583,0.0024282277676091245,0.16299925056356487,0.002992625125209236,0.0029926251252091977,-0.01141553971969151,0.004402257370762359,0.004402257370762382,0.0044368830295364176,0.0,0.0
2024-06-14,0.001246486499999977,0.017789598679999963,0.007786669640000021,0.10884993069999993,0.019999999999999574,-0.05264895888957577,5.0,-0.051850366971042394,5.0,-0.04519532350719624,5.0,-0.052648958889575326,5.0,-160.89257819999966,-164.63799009765043,-170.25773365703176,-164.66725737256633,-170.18222027827676,5.75,5.637,2.269342359027651,5.637,0.019999999999999574,-0.11300000000000043,-0.17400000000000038,-0.01807125684375364,-0.018975328067714164,-0.018091994876204456,-0.018968261185761514,-0.05264895888957577,-0.05264895888957577,-0.004877307507613895,-0.0048773075076143525,,-0.0021251038474496284,-0.002125103847449673,0.0031903115184169204,-0.00011721497300645517,-0.00011721497300646248,,0.0032030439075128236,0.0032030439075113218,,0.004439302713284752,0.004439302713284682,0.1555187298424571,0.005627764842439461,0.0056277648424394614,,-0.0008371318000505359,-0.0008371318000515153,,0.0011570994329175616,0.0011570994329175046,0.07935452068043701,0.002755274934716503,0.0027552749347164993,,5.170685561340293e-05,5.1706855612308755e-05,,0.0018791841545983433,0.0018791841545982833,0.09611064669608144,0.0033872227144155533,0.003387222714415551,,0.0,-0.0
2024-06-21,-0.004154093500000011,-0.01641861937,,-0.023197304400000007,-0.04899999999999949,-0.29781206277087113,5.0,-0.29383224182218814,5.0,-0.2586784559104105,5.0,-0.2978120627708718,5.0,48.43938689999959,28.998813174124003,25.831685373812363,28.853970882816245,26.490682344380264,5.75,5.588,2.269342359027651,5.588,-0.04899999999999949,-0.16199999999999992,0.019999999999999574,0.0028691395118817255,0.0019153084961611088,0.002691895443541149,0.00197399073024538,-0.29781206277087113,-0.29781206277087113,-0.0021904183617092966,-0.0021904183617094336,,-0.0017412183385254426,-0.0017412183385254305,-0.006703788999379414,0.00018878844832964734,0.00018878844832964962,0.12754547641620811,0.012543369682848447,0.012543369682848067,,0.0078036081257690775,0.007803608125769192,-0.0011518788665664202,0.006660287404582076,0.006660287404582101,-0.8413688918522478,0.0051764756605695746,0.005176475660569316,,0.0030311948936218172,0.0030311948936218806,-0.003927833932972917,0.0034245379264558617,0.0034245379264558756,-0.35691170771801983,0.006797192345470927,0.006797192345470641,,0.004081125804694215,0.004081125804694289,-0.003317123818363488,0.004136402811643629,0.0041364028116436455,-0.46349228822755006,0.0,-0.0
2024-06-28,-0.008523624189999968,-0.013472881160000005,,,0.0519999999999996,-0.12811655782346998,5.0,-0.1263387006208727,5.0,-0.1109110007860985,5.0,-0.12811655782346953,5.0,-17.26588840000022,-17.53780080638991,-22.804063756270946,-17.582903940222685,-22.60770228606227,5.75,5.64,2.269342359027651,5.64,0.0519999999999996,-0.11000000000000032,-0.04899999999999949,-0.0018299160196344638,-0.002176268800308543,-0.0018695975946839047,-0.0021670270239947872,-0.12811655782346998,-0.12811655782346998,-0.0027430209361108873,-0.002743020936111181,0.0028900390651245425,-0.0015827331371036893,-0.0015827331371036756,-0.0020822008795550223,0.00045942015217678494,0.00045942015217678787,,0.01079187676255328,0.0107918767625528,0.018283345140987894,0.008243440840307453,0.008243440840307611,0.005054567803218613,0.006626187342495473,0.0066261873424954725,,0.004024427913221196,0.004024427913220809,0.010586692103056218,0.003330353851601882,0.0033303538516019676,0.0014861834618317955,0.0035428037473361294,0.0035428037473361302,,0.005513266660074254,0.0055132666600738464,0.012279955771401186,0.004411232989117108,0.004411232989117209,0.002271228016936895,0.004221148138271185,0.004221148138271185,,0.0,-0.0
2024-07-05,0.0068406792399999805,0.018074729980000037,,,-0.07200000000000006,0.1741802085275519,5.0,0.1720354720216699,5.0,0.1523229833423838,5.0,0.174180208527551,5.0,114.49171880000085,100.95834353188543,94.24463250385304,100.97822351983018,93.95230432389376,5.75,5.568,2.1145448207362043,5.568,-0.07200000000000006,-0.18200000000000038,0.0519999999999996,0.01176904061641441,0.010305199226944426,0.011805611011733613,0.01028646189088946,0.1741802085275519,0.1741802085275519,0.0038005497278073854,0.0038005497278072982,,-8.738836577846924e-05,-8.738836577855614e-05,0.038378917978257175,-0.0003448141840201348,-0.00034481418402011206,0.033330619610473226,0.006228940736923336,0.006228940736923336,,0.00891065897293936,0.008910658972939165,0.11138717821982963,0.0036078149688220755,0.003607814968822122,0.06682751762025056,0.005014745232365361,0.005014745232365317,,0.004411635303580445,0.004411635303580305,0.0748830480990434,0.0016315003924009704,0.0016315003924010048,0.05007906861536189,0.005281868243368116,0.005281868243368081,,0.005401420510839406,0.005401420510839254,0.08291395672561637,0.0020662895992136134,0.0020662895992136507,0.0537637273964374,0.0,0.0
2024-07-12,0.0070804552900000095,0.039676949890000035,,-0.09600408940000005,-0.15299999999999958,0.23216661222816937,5.0,0.22926944589950504,5.0,0.20281638509340238,5.0,0.23216661222817003,5.0,135.8581226999995,110.85609852827115,104.29620930559216,110.86722871353258,103.97329102713213,5.75,5.415,2.1145448207362043,5.415,-0.15299999999999958,-0.33499999999999996,-0.07200000000000006,0.007799508432084823,0.0060935638921314535,0.007818233726346976,0.00607421403055498,0.23216661222816937,0.23216661222816937,0.003808646974988856,0.00380864697498869,,-0.0004872772859502879,-0.0004872772859502819,,-0.0003232223916498694,-0.0003232223916498956,,0.006533826279179958,0.006533826279179568,,0.008232303123295016,0.008232303123295055,,0.0037249656603287034,0.0037249656603287437,,0.005171236627084407,0.005171236627084129,,0.003872512918672364,0.0038725129186723863,,0.001700871634339417,0.0017008716343394242,,0.005471006350545428,0.0054710063505451255,,0.004831666763689348,0.004831666763689373,,0.00214617232005706,0.002146172320057074,,0.0,0.0
2024-07-19,-0.0028592635799999933,0.022993194469999922,0.0007728750300000087,0.021336825100000123,0.1429999999999998,-0.16094709521279094,5.0,-0.15874322994876566,5.0,-0.1394991767774849,5.0,-0.16094709521279116,5.0,-139.75989200000004,-126.4972061474873,-132.19097118571673,-126.52061775443988,-132.02711304245733,5.75,5.558,2.1145448207362043,5.558,0.1429999999999998,-0.19200000000000017,-0.15299999999999958,-0.013656775577872112,-0.013379340302132645,-0.01366156985331925,-0.013381393576030513,-0.16094709521279094,-0.16094709521279094,0.007173036065350656,0.007173036065350637,-0.007242789471653855,-0.00030213034912492174,-0.00030213034912496164,-0.001111931011211453,-0.0003868542157246526,-0.0003868542157246411,-0.003341383337380225,0.011823610701029615,0.011823610701029462,-0.003973612352404539,0.00910140556692074,0.009101405566920512,0.03766440177286224,0.004233058670529043,0.0042330586705291336,-0.030395980764444653,0.009498323383190135,0.009498323383190049,-0.005608200912029198,0.004399637608897909,0.004399637608897776,0.018276235380825394,0.0019231022274021955,0.0019231022274022462,-0.01686868205091244,0.01000988659311482,0.01000988659311472,-0.005248591428911773,0.005434026559662931,0.005434026559662777,0.0225416319870735,0.002431292644890102,0.0024312926448901615,-0.019844687767889526,0.0,-0.0
2024-07-26,-0.0019627505200000006,-0.017688974759999976,0.041575225820000006,-0.025376240399999972,-0.030999999999999694,0.09871260959365702,5.0,0.09754713837183848,5.0,0.08660730606348066,5.0,0.09871260959365724,5.0,-46.4663300000002,-55.12230048630348,-61.550402552502696,-55.1149191988391,-61.73181634526747,5.75,5.527,2.1145448207362043,5.527,-0.030999999999999694,-0.22299999999999986,0.1429999999999998,-0.0048714904979564565,-0.0062407142719242475,-0.00484791602796966,-0.006250088930449355,0.09871260959365702,0.09871260959365702,0.007185669070269024,0.007185669070269039,-0.07002702278099233,-0.0007402279469900159,-0.0007402279469900734,0.0053381786142335476,-0.0006109552970557711,-0.0006109552970557507,-0.008887043361728051,0.008263938234476768,0.008263938234476742,-0.13727626736413773,0.005162236525159181,0.005162236525158949,0.10819044258392203,0.0038752777972985855,0.0038752777972987547,-0.009573131952440962,0.007724803652372896,0.007724803652372891,-0.10365164507256502,0.0022110042890845826,0.0022110042890844377,0.05676431059907779,0.0016321612501214071,0.001632161250121502,-0.009230087657084506,0.007843413260435748,0.007843413260435738,-0.11104906197671102,0.002860275381020994,0.00286027538102083,0.06807805963574352,0.0021256468905003862,0.0021256468905004973,-0.009305557402062927,0.0,0.0
2024-08-02,-0.002105462930000024,-0.005528518240000002,,-0.0847819261999998,-0.22500000000000053,0.8575985993206339,4.0,1.0158100563436703,4.0,0.7163085841923196,4.0,0.8575985993206339,4.0,-248.57997869999963,-272.2315784532778,-281.0801578271555,-272.7496602430185,-284.71554950936746,5.75,5.302,2.0225827453982244,5.302,-0.22500000000000053,-0.4480000000000004,-0.030999999999999694,-0.03663816788613214,-0.03844793137594037,-0.036709225241383876,-0.03992021989719243,0.8575985993206339,0.8575985993206339,0.006045668505211961,0.0060456685052120256,,-0.0003112755608007142,-0.00031127556080082225,0.00024019305560908955,-0.0005844631331898978,-0.0005844631331898746,,0.003074467883938483,0.00307446788393858,,0.0005174927858787701,0.0005174927858784562,-0.041891495784362257,0.0012699400441173524,0.0012699400441175174,,0.004560068194575223,0.0045600681945753025,,0.00010310861253902794,0.00010310861253881698,-0.020825651364376585,0.00034273845546372726,0.00034273845546382137,,0.00423323612623514,0.004233236126235223,,0.0001942731306737712,0.0001942731306735376,-0.025460137136773434,0.0005467228049675248,0.0005467228049676345,,0.0,0.0
2024-08-09,-0.0014718863300000051,0.002248411820000018,,-0.005942778500000134,0.001000000000000334,-0.034287004021569256,4.0,-0.033202695539577665,4.0,-0.029281101361587236,4.0,-0.03428700402156881,4.0,51.3775241000003,45.037695229594505,39.423010800388965,45.00635852883261,39.47500295585636,5.5,5.303,2.0225827453982244,5.303,0.001000000000000334,-0.19700000000000006,-0.22500000000000053,0.010300135355294317,0.00907462355698833,0.01027712771142645,0.009080993226648952,-0.034287004021569256,-0.034287004021569256,0.0063361967208773445,0.006336196720877488,-0.28354041666342705,0.0007104533624520638,0.0007104533624520441,,-0.0007548135526297441,-0.0007548135526296993,,0.005025907469061806,0.005025907469062014,0.023774322515224367,0.002163783978453564,0.0021637839784534817,,0.0024920250878942975,0.0024920250878944293,,0.005681052094969575,0.005681052094969751,-0.12988304707410134,0.001437118670452814,0.001437118670452763,,0.0008686057676322767,0.000868605767632365,,0.005536920277269866,0.005536920277270049,-0.0960784257644497,0.001596985038212979,0.001596985038212921,,0.001225758018089921,0.001225758018090019,,0.0,-0.0
2024-08-16,-0.007653808930000006,-0.039148817589999996,,,-0.16999999999999993,0.12347012369335131,4.0,0.12250738045159437,4.0,0.10809065340221924,4.0,0.12347012369335131,4.0,-14.234247500000492,-44.07471422030151,-49.64320880523445,-44.111550235763154,-49.72892900140382,5.5,5.133,2.0225827453982244,5.133,-0.16999999999999993,-0.367,0.001000000000000334,-0.011922883230923862,-0.013662213972363937,-0.011966638886797928,-0.013663665526629077,0.12347012369335131,0.12347012369335131,0.007146549137562585,0.0071465491375626,,0.0010301793746994295,0.0010301793746994485,,-0.0007107903060842393,-0.0007107903060842441,0.0022548293429889457,0.01352511844878725,0.013525118448787178,,0.0027458453869114853,0.0027458453869114987,,0.004074473164248834,0.004074473164248861,-0.009090407784713083,0.010335833793174917,0.01033583379317489,,0.0018880123808054574,0.0018880123808054736,,0.0016818414290822971,0.0016818414290823086,-0.0034177892208620683,0.01103747641740963,0.011037476417409592,,0.0020767356421487835,0.002076735642148799,,0.002208220410818935,0.0022082204108189504,-0.004665765304909291,0.0,0.0
2024-08-23,0.0006996366300000001,-0.004264046880000039,0.0023950036200000024,,-0.10200000000000031,0.19542016504981952,4.0,0.1935238002448667,4.0,0.17074331182490265,4.0,0.19542016504981907,4.0,-101.81387619999987,-119.59965660913026,-126.24803739896134,-119.58486839029857,-126.55770116472127,5.5,5.031,2.0225827453982244,5.031,-0.10200000000000031,-0.4690000000000003,-0.16999999999999993,-0.017666318250143115,-0.019293529809273017,-0.017637176106202475,-0.019315359593689158,0.19542016504981952,0.19542016504981952,0.0076753450441150745,0.007675345044115299,-0.004813378062074304,0.0010390583382025942,0.0010390583382026712,-0.004715007477030612,-0.0011602168399829278,-0.0011602168399828894,,0.020926878320527573,0.020926878320527705,-0.01402464270723398,0.0024564532001906704,0.0024564532001908335,-0.004866645105860091,0.0038863262511573413,0.003886326251157445,,0.014301111682321323,0.014301111682321501,-0.009419010384654142,0.0017477557691966323,0.0017477557691967524,-0.004790826291445352,0.0013630547055872068,0.0013630547055872777,,0.015758780342726698,0.015758780342726864,-0.010432249495621706,0.0019036692040153207,0.0019036692040154501,-0.004807506430616594,0.0019181744456126363,0.0019181744456127146,,0.0,0.0
2024-08-30,-0.0029810604499999616,0.02886431739000006,,,0.05900000000000016,-0.1627311519245942,4.0,-0.1599801560594174,4.0,-0.14112769899022615,4.0,-0.16273115192459375,4.0,44.07951839999987,44.20319876221587,39.16345887228719,44.14622118806596,39.41722810816106,5.5,5.09,2.0225827453982244,5.09,0.05900000000000016,-0.41000000000000014,-0.10200000000000031,0.008948643314539111,0.008425490283825884,0.00889584796682982,0.008439487568879672,-0.1627311519245942,-0.1627311519245942,0.00679800407038865,0.006798004070388758,0.010102462050097316,0.0015489015616531037,0.0015489015616532108,,-0.0010783598088675306,-0.0010783598088675121,,0.019284671979080233,0.01928467197908016,0.05976439097951731,0.004295540959981823,0.004295540959982115,,0.005287428227767495,0.005287428227767545,,0.013041338024734441,0.013041338024734459,0.03493342651480731,0.002922221260817463,0.002922221260817663,,0.0021045342094499825,0.0021045342094500163,,0.014414871494690515,0.014414871494690513,0.040396238697043514,0.003224351594633622,0.0032243515946338425,,0.002804770893479835,0.0028047708934798724,,0.0,-0.0
2024-09-06,-0.002377737220000009,-0.025151991610000035,,,-0.008999999999999453,-0.11742927403348702,4.0,-0.11526611396735786,4.0,-0.10167972887224197,4.0,-0.11742927403348702,4.0,-220.03255350000018,-229.60483043704153,-234.48881155960126,-229.6703934852458,-234.2537325418508,5.5,5.081,1.7686196372957466,5.081,-0.008999999999999453,-0.4189999999999996,0.05900000000000016,-0.032259178403202644,-0.03291259041996558,-0.032328703222228285,-0.032899718012182784,-0.11742927403348702,-0.11742927403348702,0.00842319439087678,0.008423194390876932,,0.0013164007218833648,0.001316400721883434,,-0.0014373817924300384,-0.0014373817924300074,,0.027077228656560436,0.027077228656560526,,0.005729732638288654,0.005729732638288886,,0.004397288325643731,0.004397288325643786,,0.01775021152371861,0.01775021152371873,,0.0035230666800860093,0.0035230666800861597,,0.0014799532666068462,0.0014799532666068893,,0.01980215529294381,0.019802155292943924,,0.004008533190890591,0.00400853319089076,,0.0021217669795949605,0.0021217669795950064,,0.0,-0.0
2024-09-13,0.013627098269999971,0.006374657469999989,,0.01791235169999994,-0.09200000000000053,0.13306346254088242,4.0,0.13197623642403222,4.0,0.11644434119191205,4.0,0.13306346254088242,4.0,294.6479373000002,277.1676366836312,270.9353107255428,277.1632440610632,270.74364657043577,5.25,4.989,1.7686196372957466,4.989,-0.09200000000000053,-0.2610000000000001,-0.008999999999999453,0.03848976060110079,0.03662789240340621,0.03849515441067858,0.03662089699346911,0.13306346254088242,0.13306346254088242,0.008319604558904545,0.008319604558904828,-0.0352990986599938,0.0010061969700511356,0.0010061969700511557,1.0002238828758059,-0.001475201353567675,-0.0014752013535675817,,0.02620265311831958,0.026202653118319832,-0.013174249742698813,0.004326533868523139,0.004326533868523251,0.12363733839453443,0.004384782934148538,0.00438478293414866,,0.017261128838612062,0.01726112883861233,-0.024236674201346304,0.0026663654192871375,0.0026663654192872034,0.5619306106351701,0.0014547907902904317,0.001454790790290539,,0.019228264180147718,0.01922826418014798,-0.02180294082044386,0.003031602478119058,0.003031602478119134,0.4655060907422303,0.002099389061939215,0.0020993890619393253,,0.0,0.0
2024-09-20,-0.0006535504399999836,0.00921348566000002,,,0.01499999999999968,-0.34686996147021754,4.0,-0.34172958597478686,4.0,-0.3014720951756811,4.0,-0.34686996147021754,4.0,136.1999450000003,125.75581168793434,122.49918887700309,125.61492870033561,123.18256822405121,5.25,5.004,1.7686196372957466,5.004,0.01499999999999968,-0.24600000000000044,-0.09200000000000053,0.009215995036816454,0.009435549127660639,0.009048696626873028,0.009474485598913243,-0.34686996147021754,-0.34686996147021754,0.008646247445815037,0.008646247445815448,-0.09018088456654243,0.0020695785849057027,0.0020695785849058432,,-0.0023706715358749395,-0.002370671535874922,,0.02419966848769669,0.024199668487697175,-0.014937688739930519,0.005541405329460012,0.0055414053294604295,,0.0042691012852651864,0.004269101285265279,,0.016422957966755865,0.016422957966756312,-0.052559286653236476,0.0038054919571828575,0.0038054919571831364,,0.0009492148746951235,0.0009492148746951786,,0.018133834281362844,0.018133834281363302,-0.04428253511230916,0.0041873928990838315,0.004187392899084141,,0.0016795898850205373,0.0016795898850206006,,0.0,-0.0
2024-09-27,0.00309273228000001,0.009563848480000026,,,-0.022999999999999687,-0.11236612297506765,4.0,-0.11026866220412757,4.0,-0.097270838094349,4.0,-0.1123661229750681,4.0,282.50227279999945,270.8479973961002,266.02968888914955,270.77910170446967,266.2697429676418,5.25,4.981,1.7686196372957466,4.981,-0.022999999999999687,-0.26900000000000013,0.01499999999999968,0.030083786813826605,0.029513841889533505,0.030008578285067783,0.02952540364032632,-0.11236612297506765,-0.11236612297506765,0.008926063361575757,0.00892606336157566,,0.00244201880951469,0.0024420188095147267,,-0.0014350370628371384,-0.0014350370628371657,-0.010533983198309003,0.024666167402594592,0.02466616740259449,,0.011132416270498102,0.011132416270498156,,0.006414028376417599,0.006414028376417656,0.04069876871648568,0.016796115382085176,0.016796115382085076,,0.006787217540006396,0.006787217540006441,,0.0024894956567902303,0.002489495656790245,0.015082392759088337,0.018527526826597245,0.018527526826597147,,0.007743161260714572,0.0077431612607146184,,0.0033528928551082512,0.0033528928551082755,0.020717995469715752,0.0,-0.0
2024-10-04,0.014547143260000006,0.021948467159999985,,,0.19200000000000017,0.042459706758662286,4.0,0.04254815223991093,4.0,0.037548400955940586,4.0,0.04245970675866273,4.0,34.611217300000135,59.609273837873864,51.94931880563256,59.67692987992639,51.6316808389552,5.25,5.173,1.9979635576506463,5.173,0.19200000000000017,-0.07699999999999996,-0.022999999999999687,0.010209495326123755,0.010694993746260428,0.010328724960475554,0.010643741788001506,0.042459706758662286,0.042459706758662286,0.012141739660873601,0.012141739660873391,-0.0209819482360783,0.00405176072431651,0.004051760724316645,0.007606308664384109,-0.0007799592172537185,-0.0007799592172536875,0.062392619391020546,0.02728325524088538,0.027283255240885172,-0.04226722036302041,0.010916271199087592,0.010916271199087835,-0.007530814152486042,0.0067788270025392495,0.006778827002539339,0.07103824857025033,0.01971249745087949,0.01971249745087928,-0.031624584299549355,0.0074840159617020514,0.00748401596170224,3.7747255949033536e-05,0.0029994338926427654,0.0029994338926428257,0.06671543398063544,0.021378064164680785,0.021378064164680577,-0.03396596423351299,0.00823911211392687,0.00823911211392707,-0.0016273362539066826,0.003830900376819992,0.0038309003768200586,0.06766645319035072,0.0,0.0
2024-10-11,0.007909105530000016,0.010522581399999953,,,0.24300000000000033,-0.5288769179386135,4.0,-0.5213748256740636,4.0,-0.4599601162967617,4.0,-0.5288769179386139,4.0,-53.75073400000019,-32.29065733432677,-35.83219740169107,-32.41380686860141,-35.02383808449145,5.25,5.416,1.9979635576506463,5.416,0.24300000000000033,0.16600000000000037,0.19200000000000017,0.0012295275248530345,0.0023209379901562898,0.0011031237807920561,0.002361861254602607,-0.5288769179386135,-0.5288769179386135,0.010836564511049349,0.01083656451104922,-0.053537725921994385,0.002094310118049003,0.002094310118049035,0.031529103639102204,-0.0010048976873136125,-0.001004897687313662,,0.02758565034084825,0.027585650340848065,0.01720581880401695,0.009193405561642713,0.009193405561642715,-0.004834742192105019,0.0065856980689966175,0.006585698068996508,,0.0192111074259488,0.019211107425948643,-0.018165953558988715,0.005643857839845858,0.005643857839845875,0.013347180723498593,0.0027904001908415025,0.002790400190841423,,0.021053506867226675,0.021053506867226516,-0.01038416363912747,0.006424758338641166,0.006424758338641179,0.009347157682065798,0.0036253657240356276,0.0036253657240355418,,0.0,-0.0
2024-10-18,-0.002263220970000035,0.007463608080000017,,,-0.09200000000000053,0.2689690962142075,4.0,0.26611836270021083,4.0,0.23478825154586547,4.0,0.2689690962142075,4.0,83.25718460000007,68.51086533834868,61.207391668578744,68.55635855151226,60.734492895894164,5.25,5.324,1.9979635576506463,5.324,-0.09200000000000053,0.07399999999999984,0.24300000000000033,0.007826806890250443,0.006083155750490203,0.00789705477465471,0.0060488725077643335,0.2689690962142075,0.2689690962142075,0.010816968122869926,0.010816968122869856,,0.0011540107931357004,0.0011540107931358294,,-0.0005968838984267732,-0.000596883898426755,7.932498431281978,0.02433603395503832,0.02433603395503802,,0.008619220753830755,0.008619220753830892,,0.006959747501775368,0.006959747501775417,4.101869869077966,0.017576501038954122,0.01757650103895394,,0.0048866157734832275,0.004886615773483361,,0.0031814318016742974,0.003181431801674331,6.017184150179972,0.019063598280492644,0.019063598280492436,,0.0057077888691596836,0.005707788869159817,,0.004012661255696533,0.00401266125569657,5.59581500833753,0.0,0.0
2024-10-25,0.0008690768499999835,0.041311836780000055,,,0.18700000000000028,-0.2991697488672278,4.0,-0.2946483298896201,4.0,-0.2599357031102745,4.0,-0.29916974886722736,4.0,73.23123469999973,90.57686523315948,85.64718797846353,90.51726800142472,86.04201536330474,5.25,5.511,1.9979635576506463,5.511,0.18700000000000028,0.2610000000000001,-0.09200000000000053,0.014869036019244653,0.015459410710722647,0.014821676040017311,0.015470302167865164,-0.2991697488672278,-0.2991697488672278,0.010803878690673993,0.010803878690673889,,0.001408966032391051,0.0014089660323913444,-0.0009938174149487968,-0.00038988987694401505,-0.00038988987694397683,-0.0018210338909802712,0.02481895346684224,0.02481895346684203,,0.009831132992902787,0.009831132992903462,-0.006915803788277552,0.006709031214556264,0.006709031214556353,-0.014346611122852735,0.017811416078758115,0.017811416078757962,,0.005620049512646919,0.005620049512647403,-0.003954810601613174,0.0031595706688061246,0.003159570668806188,-0.008083822506916503,0.019353074304136623,0.019353074304136457,,0.00654648787830321,0.006546487878303736,-0.004606229102679337,0.003940451988871155,0.003940451988871224,-0.009461636002422474,0.0,-0.0
2024-11-01,-0.003990760939999949,0.036573794209999955,0.011943084699999995,,0.040000000000000036,-0.06519887364138288,4.0,-0.0637134536729822,4.0,-0.0561985397950342,4.0,-0.06519887364138377,4.0,-173.59277309999925,-174.4708591175217,-180.13602042278472,-174.4990813806368,-180.06310722961874,5.25,5.551,2.2551774376969553,5.551,0.040000000000000036,0.30100000000000016,0.18700000000000028,-0.021359774576953813,-0.021808682533420675,-0.021376808458493768,-0.02181266601105288,-0.06519887364138288,-0.06519887364138288,0.01077488294272898,0.010774882942729111,,0.0018902551804759063,0.0018902551804762739,,-0.0007882261533131395,-0.0007882261533132294,,0.02476051369607181,0.02476051369607203,,0.011119135288632658,0.011119135288633411,,0.00799754558026208,0.00799754558026192,,0.017767698319400393,0.01776769831940057,,0.006504695234554282,0.006504695234554842,,0.00360465971347447,0.0036046597134743452,,0.019306117702268106,0.01930611770226829,,0.007519872046451525,0.007519872046452127,,0.004571094604167744,0.004571094604167611,,0.0,-0.0
2024-11-08,0.003990760939999949,-0.01210472514999994,0.0,,-0.05900000000000016,-0.04494626940771185,4.0,-0.043723646620061896,4.0,-0.03856297668346542,4.0,-0.04494626940771118,4.0,-5.846861699999863,-21.76048908425313,-26.83868427711452,-21.81798612249238,-26.698409809521237,5.0,5.492,2.2551774376969553,5.492,-0.05900000000000016,0.492,0.040000000000000036,-0.0021457099690738294,-0.0034993535447984912,-0.002207695639247901,-0.0034843339690635543,-0.04494626940771185,-0.04494626940771185,0.010595267856911197,0.010595267856911247,,0.001964265759093442,0.0019642657590935994,,0.00024735340607923,0.0002473534060791764,,0.0283794488975637,0.028379448897563723,,0.01125811818497916,0.011258118184979368,,0.0068923590609281365,0.006892359060927895,,0.019487358377237446,0.019487358377237484,,0.006611191972036301,0.006611191972036483,,0.003569856233503683,0.0035698562335035357,,0.021443618291709224,0.021443618291709255,,0.007633515738883729,0.007633515738883918,,0.004300806855537063,0.004300806855536896,,0.0,-0.0
2024-11-15,-0.006539040959999964,-0.007405113000000019,,,0.2450000000000001,-0.6210795635287525,4.0,-0.6123810525202551,4.0,-0.5402483378310132,4.0,-0.6210795635287527,4.0,-40.23286940000071,-20.31563250387605,-23.145554947371952,-20.471884563393125,-22.148604732396286,5.0,5.737,2.2551774376969553,5.737,0.2450000000000001,0.7370000000000001,-0.05900000000000016,0.002791711954569393,0.003951826390833791,0.002622178520283038,0.004008585024630609,-0.6210795635287525,-0.6210795635287525,0.011896591415480847,0.01189659141548083,-0.07962510926946266,0.0021502297240971035,0.002150229724097162,0.0006253169969925599,0.0013411978870831519,0.001341197887083067,-0.003684646424221396,0.030079029013612174,0.030079029013612157,-0.35421496646142325,0.013711294179131018,0.013711294179130865,0.2991698244294783,0.008469676063246988,0.008469676063246749,-0.01997581301891085,0.02098781021454651,0.020987810214546494,-0.21692003786544295,0.00793076195161406,0.007930761951614013,0.14989757071323545,0.00490543697516507,0.004905436975164908,-0.011830229721566124,0.022987878350340957,0.02298787835034094,-0.24712492215655862,0.009202479041667792,0.009202479041667721,0.18273746653080888,0.005689569574543091,0.005689569574542913,-0.013622258046981963,0.0,-0.0
2024-11-22,0.005335556789999973,0.024223562849999936,,,-0.04800000000000004,0.09415714388145835,4.0,0.0935747649802634,4.0,0.08256549626705367,4.0,0.09415714388145813,4.0,-49.727023699999336,-61.12645651247593,-67.3839571286255,-61.128815181413295,-67.54367575782372,5.0,5.689,2.2551774376969553,5.689,-0.04800000000000004,0.6890000000000001,0.2450000000000001,-0.007946805610957997,-0.009219933453052786,-0.007936085935210672,-0.009232980061214459,0.09415714388145835,0.09415714388145835,0.012190825773933975,0.012190825773934162,0.2665961833712408,0.0024062711652471282,0.002406271165246865,-0.0018969840344204682,0.0014061237059198439,0.0014061237059198083,,0.031966491099530044,0.03196649109953034,0.4293418122208601,0.014080111812866771,0.01408011181286606,-0.009693240876174736,0.00800301104108459,0.008003011041084414,,0.02207865843673201,0.022078658436732252,0.34796899779605045,0.00824319148905695,0.008243191489056462,-0.0057951124552976015,0.004704567373502217,0.004704567373502111,,0.024253981622547577,0.02425398162254783,0.3658710169695086,0.00952731396029511,0.009527313960294574,-0.006652700707890571,0.005430224980370339,0.005430224980370218,,0.0,0.0
2024-11-29,-0.001065772049999969,0.032119688290000004,,,-0.23000000000000043,0.12320364205869927,4.0,0.12224435667458367,4.0,0.10785860651917356,4.0,0.12320364205869927,4.0,-123.72714160000032,-162.93233767172921,-168.0462543159172,-162.9915192254652,-168.06519837659894,5.0,5.459,2.2551774376969553,5.459,-0.23000000000000043,0.45899999999999963,-0.04800000000000004,-0.027348844066860233,-0.029547367121028317,-0.02742600739115021,-0.02953648195722726,0.12320364205869927,0.12320364205869927,0.012675226257319604,0.012675226257319656,,0.0027279009358298885,0.0027279009358299,,0.0016373735869964331,0.0016373735869963614,,0.026705834946310604,0.026705834946310642,,0.012389228514702661,0.012389228514702491,,0.007672889763389906,0.007672889763389747,,0.019690530601815102,0.01969053060181515,,0.007558564725266274,0.0075585647252661954,,0.0046551316751931695,0.004655131675193054,,0.021233897557604117,0.021233897557604155,,0.00862131075894228,0.00862131075894218,,0.005319038454596452,0.005319038454596326,,0.0,0.0
2024-12-06,0.00402138970999999,0.002788030659999996,0.0023886169400000323,,-0.11199999999999921,0.23432648370923936,4.0,0.23192527168863286,4.0,0.2046221567497577,4.0,0.23432648370923959,4.0,37.495689700000185,18.932683695725842,12.053073561657914,18.958045003909376,11.67393694278794,5.0,5.347,1.9550674735612272,5.347,-0.11199999999999921,0.3470000000000004,-0.23000000000000043,0.0021286812962273676,0.0002161861756095505,0.00217127860327407,0.0001927107001338255,0.23432648370923936,0.23432648370923936,0.012915345761799221,0.012915345761799157,,0.002537169845656835,0.0025371698456568025,,0.0018304235682542885,0.0018304235682542974,,0.025626364633708924,0.02562636463370879,,0.011986085874087147,0.011986085874086982,,0.007802318497827428,0.007802318497827442,,0.019270855197754073,0.019270855197753973,,0.007261627859871991,0.007261627859871892,,0.004816371033040858,0.00481637103304087,,0.02066906727366414,0.02066906727366403,,0.008301008622999324,0.008301008622999212,,0.0054732794752939025,0.005473279475293916,,0.0,0.0
2024-12-13,0.004562847629999978,-0.00984010819999992,0.004450640139999962,,0.33499999999999996,-0.7415292623921705,4.0,-0.7312677997297305,4.0,-0.6451335289682429,4.0,-0.741529262392171,4.0,77.52677419999964,109.06000601666905,106.5006980096,108.89291299690811,107.64756225481759,5.0,5.682,1.9550674735612272,5.682,0.33499999999999996,0.6820000000000004,-0.11199999999999921,0.02083249314893948,0.022660423433863184,0.02065525080041477,0.022721513270765818,-0.7415292623921705,-0.7415292623921705,0.01196602599378511,0.011966025993785512,,0.0019931515113921767,0.0019931515113920852,0.7646782157629979,0.0007326823304104825,0.0007326823304103557,-1.1447774832306137,0.028316102842472483,0.02831610284247315,,0.012497560862680907,0.012497560862680614,-9.430034226100014,0.009484721673244267,0.009484721673243953,3.7240293493927425,0.020141064418128796,0.02014106441812933,,0.007245356187036542,0.00724535618703635,-4.332678005168508,0.005108702001827375,0.0051087020018271544,1.2896259330810644,0.02193957287148441,0.021939572871484972,,0.008400841215678303,0.008400841215678087,-5.45409637377344,0.006071426329539092,0.006071426329538851,1.8251946846696334,0.0,-0.0
2024-12-20,0.0,-0.017220189360000027,0.00240142454000003,,0.2789999999999999,-0.802553556727841,4.0,-0.7915002446655047,4.0,-0.6982722651859993,4.0,-0.8025535567278407,4.0,-171.8335508,-150.26334091583828,-151.91937012309273,-150.47359819537917,-150.5844163047883,5.0,5.961,1.9550674735612272,5.961,0.2789999999999999,0.9610000000000003,0.33499999999999996,-0.015188803714883023,-0.013478014788088202,-0.015426883022705777,-0.013399392243180031,-0.802553556727841,-0.802553556727841,0.01198432769158067,0.011984327691581075,,0.001278160979859328,0.0012781609798593158,,0.00016632540246061924,0.0001663254024605699,,0.029926418463535335,0.02992641846353597,,0.013886203430622348,0.013886203430622242,,0.01026031830011295,0.010260318300112798,,0.020955373077558,0.02095537307755852,,0.007582182205240838,0.007582182205240779,,0.005213321851286784,0.005213321851286684,,0.022929003062473016,0.022929003062473557,,0.008969066874824771,0.0089690668748247,,0.006323661070028541,0.006323661070028429,,0.0,-0.0
2024-12-27,0.0013847144599999917,0.026889279639999986,-0.02544089813,,-0.036000000000000476,0.004885796272508958,4.0,0.005461799681204527,4.0,0.004829790446318927,4.0,0.004885796272508874,4.0,-20.966142399999626,-32.289551989448285,-37.93395110952005,-32.320229260803735,-37.922182134811905,5.0,5.925,1.9550674735612272,5.925,-0.036000000000000476,0.9249999999999998,0.2789999999999999,-0.002256285532121237,-0.003575083497451379,-0.002281402543835021,-0.003571647058993851,0.004885796272508958,0.004885796272508958,0.011744761754081356,0.01174476175408178,,0.0010021998121830485,0.0010021998121829707,0.082176487358613,0.00025096810657096154,0.00025096810657088733,,0.030717245078313415,0.030717245078314033,,0.013385283827036937,0.013385283827036633,-0.06241115851148054,0.01087330959660975,0.010873309596609551,,0.021231003416197387,0.021231003416197908,,0.007193741819609993,0.007193741819609802,0.009882664423566234,0.005562138851590356,0.005562138851590219,,0.023317976581862913,0.023317976581863457,,0.00855588106124392,0.008555881061243706,-0.006021976622144057,0.006730596415494623,0.006730596415494472,,0.0,0.0
2025-01-03,0.0013773293100000084,0.02919277710000001,,,-0.04999999999999982,0.13332994417553412,4.0,0.13223926020104315,4.0,0.11667638807495773,4.0,0.1333299441755343,4.0,17.101190499999575,6.177808653956417,-0.37335194954265916,6.189087252789772,-0.6119248316190209,5.0,5.875,1.8425382328309303,5.875,-0.04999999999999982,0.875,-0.036000000000000476,0.0003901981259158728,-0.0009150748062515921,0.0004185931546635314,-0.0009347128631441424,0.13332994417553412,0.13332994417553412,0.01112237386652915,0.011122373866529258,,0.005337151672373337,0.005337151672373374,,0.0014293791429530983,0.0014293791429531208,,0.0322213669469935,0.032221366946993714,,0.012102209127806393,0.012102209127806468,,0.012225116637512842,0.012225116637512875,,0.021671870406761325,0.021671870406761485,,0.008719680400089865,0.00871968040008992,,0.0068272478902329705,0.006827247890232998,,0.0239927596456124,0.023992759645612576,,0.009463836720187501,0.00946383672018756,,0.008014779014634541,0.008014779014634571,,0.0,0.0
2025-01-10,-0.00403891491999997,-0.037002165239999996,,0.10351756480000018,0.19200000000000017,-0.5075583871663277,4.0,-0.5003329235130942,4.0,-0.44139636565300466,4.0,-0.5075583871663278,4.0,-50.68120849999923,-36.74773532710042,-40.07269256147748,-36.88197019671436,-39.252157487605835,4.75,6.067,1.8425382328309303,6.067,0.19200000000000017,1.3170000000000002,-0.04999999999999982,-0.0011126607878484303,-0.0003215981276054802,-0.001257307714020944,-0.00027572368451098377,-0.5075583871663277,-0.5075583871663277,0.01153060498022663,0.011530604980226667,,0.005559921067601328,0.005559921067601213,,0.001195467068464116,0.0011954670684641152,0.011885274621323343,0.035292484041104424,0.03529248404110449,,0.01527062876719947,0.01527062876719916,,0.012327853649805966,0.01232785364980594,0.04562680579914803,0.023411544510665527,0.02341154451066558,,0.010415274917400399,0.010415274917400186,,0.006761660359135041,0.006761660359135027,0.028756040210235687,0.026025351207362084,0.026025351207362137,,0.011483452764356195,0.01148345276435596,,0.007986222883082645,0.007986222883082627,0.032467608639796405,0.0,-0.0
2025-01-17,-0.009028870909999986,-0.02190533371000003,,-0.02199017190000019,-0.19200000000000017,0.025671363775487968,4.0,0.025977654288149188,4.0,0.02292944732398211,4.0,0.02567136377548783,4.0,24.244013599999562,-10.995616034160918,-15.627395852534057,-11.076507786676828,-15.486455023943918,4.75,5.875,1.8425382328309303,5.875,-0.19200000000000017,1.125,0.19200000000000017,-0.007296467534224771,-0.009184479083771952,-0.0073992835711490165,-0.009163567205342735,0.025671363775487968,0.025671363775487968,0.013107045163216202,0.013107045163216343,,0.008225034012815817,0.008225034012816223,,0.0016805453220163891,0.001680545322016459,,0.03873008567248854,0.03873008567248874,,0.020740596573177353,0.020740596573177856,,0.013627494919908913,0.01362749491990903,,0.025918565417852372,0.025918565417852542,,0.014482815292996585,0.01448281529299704,,0.0076540201209626514,0.007654020120962744,,0.028737099873872327,0.028737099873872508,,0.015859527174636352,0.015859527174636817,,0.008968184576730829,0.008968184576730927,,0.0,0.0
2025-01-24,0.014395086639999999,0.0005510775800000589,,-0.05544833679999961,-0.0030000000000001137,0.03633062916163167,4.0,0.03649860536863411,4.0,0.03221132264586146,4.0,0.036330629161631864,4.0,83.63994689999981,78.09675827758473,71.95566227297185,78.08985946680305,71.865937695055,4.75,5.872,1.8425382328309303,5.872,-0.0030000000000001137,1.1219999999999999,-0.19200000000000017,0.009883252877585258,0.009012796912692625,0.009891142805468938,0.009000302438247147,0.03633062916163167,0.03633062916163167,0.01354719352265299,0.01354719352265304,,0.008840800530196029,0.008840800530196449,,0.0017623979355065058,0.0017623979355066378,,0.03767425093333879,0.03767425093333894,,0.020188757740380796,0.02018875774038123,,0.011301517596453623,0.011301517596453902,,0.02561072222799589,0.02561072222799599,,0.014514779135288413,0.01451477913528884,,0.006531957765980065,0.00653195776598027,,0.028264698543171325,0.028264698543171436,,0.015763054428408738,0.015763054428409164,,0.007581260928684247,0.007581260928684469,,0.0,0.0
2025-01-31,0.0,0.009893154609999955,,-0.013109258100000076,-0.04899999999999949,0.10588233580621385,4.0,0.10514781116879346,4.0,0.0927755591211184,4.0,0.1058823358062139,4.0,-46.78514780000023,-58.104697188013354,-64.4470692537306,-58.10312277630865,-64.62994751678252,4.75,5.823,1.8425382328309303,5.823,-0.04899999999999949,1.0730000000000004,-0.0030000000000001137,-0.009825633171709081,-0.010909264246024904,-0.009810208733584309,-0.01092763397936706,0.10588233580621385,0.10588233580621385,0.01439839549594282,0.014398395495942766,0.016874648150095154,0.008934267607585224,0.00893426760758563,,0.002124850983378731,0.002124850983378859,,0.03637981788661605,0.03637981788661604,-0.016155898619480694,0.02236974737603153,0.022369747376032104,,0.009750400985406926,0.009750400985407168,,0.025389106691279438,0.025389106691279403,0.0003593747653072299,0.015652007491808378,0.015652007491808867,,0.005937625984392828,0.0059376259843930135,,0.027807063154253492,0.02780706315425346,-0.0032739853793461128,0.01712991026633747,0.017129910266337978,,0.00677643648461593,0.006776436484616128,,0.0,0.0
2025-02-07,-0.00458744520000004,0.02225959786999998,,-0.09201215130000007,-0.02600000000000069,0.03180044137252165,4.0,0.032027201159428975,4.0,0.02826652563406362,4.0,0.03180044137252153,4.0,147.90282560000014,138.68074630101955,132.74880498638984,138.6636563352646,132.69384102883228,4.75,5.797,1.4730395267663132,5.797,-0.02600000000000069,1.0469999999999997,-0.04899999999999949,0.017836643064022415,0.01674064265848436,0.017829695699066412,0.016734541617625085,0.03180044137252165,0.03180044137252165,0.013445630802476672,0.013445630802476403,,0.008594973316331439,0.008594973316331451,,0.0026345296555543834,0.002634529655554481,-0.019662516504533805,0.04331055822556282,0.043310558225562436,,0.023259804702144747,0.023259804702144803,,0.011769855775367141,0.011769855775367348,0.10152068750428883,0.028378094514019743,0.02837809451401942,,0.015927389009238093,0.015927389009238128,,0.007202192715460762,0.007202192715460914,0.04092908549987751,0.03166323653055922,0.031663236530558886,,0.017540520461677558,0.017540520461677596,,0.008207078588640166,0.00820707858864033,0.054259237940848,0.0,0.0
2025-02-14,0.00458744520000004,0.007419865959999994,,0.0,-0.07200000000000006,-1.0615737056111216,4.0,-1.0471593559212815,4.0,-0.923821835507654,4.0,-1.0615737056111216,4.0,12.08497299999999,-26.307770264554676,-23.27532369170367,-26.743253257102523,-21.01695531261536,4.75,5.725,1.4730395267663132,5.725,-0.07200000000000006,0.9749999999999996,-0.02600000000000069,-0.015667924399434065,-0.015160027749984683,-0.016227365804063917,-0.014986524622408381,-1.0615737056111216,-1.0615737056111216,0.004322037858677188,0.004322037858677159,-0.10018895169438165,0.003250790230763289,0.003250790230763444,,0.0008072022549666504,0.0008072022549667965,,0.021998081069939144,0.02199808106993911,-0.0024877643673730703,0.014523332497332926,0.014523332497333119,,0.007518908285322706,0.00751890828532304,,0.013160059464308167,0.013160059464308134,-0.05133835803087736,0.008887061364048108,0.008887061364048281,,0.004163055270144678,0.004163055270144918,,0.015104424217546982,0.01510442421754695,-0.040591227424906416,0.010127041013370768,0.010127041013370947,,0.004901342933483844,0.004901342933484105,,0.0,-0.0
2025-02-21,0.00274872734999998,0.005591783040000076,,,0.02200000000000024,-0.35912811666428324,4.0,-0.35382867971734566,4.0,-0.3121462517958421,4.0,-0.35912811666428324,4.0,-163.30894759999956,-172.90774897167023,-176.1205475188837,-173.05053589834836,-175.41952812663476,4.75,5.747,1.4730395267663132,5.747,0.02200000000000024,0.9969999999999999,-0.07200000000000006,-0.02356115589278929,-0.023793927527949815,-0.023729531609209365,-0.02374555621425308,-0.35912811666428324,-0.35912811666428324,0.004014906001269057,0.004014906001269074,-0.06536127249206046,0.002997241089843218,0.0029972410898432282,-0.0011039305869510485,0.0005530750065515062,0.0005530750065517881,,0.021686554374110295,0.02168655437411031,-0.15479922041396307,0.017219369549532952,0.017219369549532907,0.0028868629301196467,0.007137898786474897,0.007137898786475494,,0.012850730187689676,0.012850730187689691,-0.11008024645301176,0.010108305319688085,0.010108305319688067,0.0008914661715842991,0.0038454868965132013,0.003845486896513641,,0.014794611508702211,0.014794611508702227,-0.11991842072442105,0.011672739450253955,0.011672739450253933,0.0013304534584620755,0.0045698175123047744,0.004569817512305248,,0.0,-0.0
2025-02-28,-0.006029938150000025,0.0052179035899999615,,,-0.2030000000000003,-0.048144049023553626,4.0,-0.046879931944206366,4.0,-0.04134753928002832,4.0,-0.048144049023553626,4.0,-31.733022399999754,-70.17346340612153,-74.14050876073983,-70.28552876371535,-73.8346777398807,4.75,5.544,1.4730395267663132,5.544,-0.2030000000000003,0.7939999999999996,0.02200000000000024,-0.013854819549485496,-0.015884629997259054,-0.013998973445615322,-0.01584675638347495,-0.048144049023553626,-0.048144049023553626,0.004958016156539839,0.004958016156539814,-0.0007897567599159161,0.003125617154326571,0.0031256171543265782,0.00620897946905294,0.0011454881699313182,0.0011454881699316905,,0.020748116539109955,0.020748116539109938,-0.018432254234307773,0.017077921127543184,0.017077921127543142,-0.020458001439395898,0.008636708073114036,0.008636708073114922,,0.012853066347824897,0.012853066347824876,-0.009611005497111845,0.010101769140934877,0.010101769140934861,-0.00712451098517148,0.004891098121522677,0.004891098121523306,,0.01458997738990761,0.01458997738990759,-0.011551680219294948,0.011636522577988705,0.011636522577988681,-0.010057878885100851,0.005715132310872776,0.005715132310873461,,0.0,-0.0
2025-03-07,0.009765388139999998,0.01582572959999995,,,0.051000000000000156,-0.15553614778894698,4.0,-0.15287851408009034,4.0,-0.13486243314795743,4.0,-0.1555361477889472,4.0,117.09394549999979,116.11445023776007,111.07833288128307,116.05714731538832,111.32604318497961,4.75,5.595,1.2738136866467082,5.595,0.051000000000000156,0.8449999999999998,-0.2030000000000003,0.016425940521169607,0.015978943309093222,0.0163719057411967,0.015990908295790345,-0.15553614778894698,-0.15553614778894698,0.005113910641281588,0.005113910641281477,0.015273451255465673,0.0038200135387080262,0.0038200135387082205,0.21918755152728225,0.001177259818819307,0.0011772598188196713,,0.021718705574287907,0.02171870557428785,-0.00010404628421755952,0.01874160897725173,0.018741608977252012,0.01102881325751236,0.008813108549472187,0.008813108549472993,,0.013416308107784748,0.013416308107784665,0.007584702485624057,0.011280811257979879,0.011280811257980116,0.11510818239239731,0.004995184184145747,0.0049951841841463325,,0.015242835550415442,0.015242835550415364,0.005893177756258901,0.012922186756219686,0.012922186756219933,0.09221072118272261,0.005835127544517563,0.005835127544518198,,0.0,-0.0
2025-03-14,0.00509724167000003,0.00195607089999994,,,0.07500000000000018,-0.12835502105428365,4.0,-0.12605008882485458,4.0,-0.11119365107716739,4.0,-0.12835502105428298,4.0,168.72570329999962,172.03675175017278,166.60541379091381,171.99832508411143,166.77038729307046,4.75,5.67,1.2738136866467082,5.67,0.07500000000000018,0.9199999999999999,0.051000000000000156,0.021634846476436306,0.021520199752142477,0.02160686995250176,0.021519669808877123,-0.12835502105428365,-0.12835502105428365,0.0049809468552555886,0.00498094685525561,,0.003771986841614782,0.0037719868416147798,-8.234354815191988,0.0010764805601936865,0.0010764805601939558,,0.021803046477792146,0.02180304647779224,,0.017843278170442303,0.0178432781704423,0.4653637240476911,0.008035770589626956,0.00803577058962759,,0.013391996666523867,0.013391996666523924,,0.010807632506028543,0.01080763250602854,-3.8844955455721486,0.004556125574910321,0.004556125574910773,,0.015242427625002887,0.015242427625002953,,0.01235547455219957,0.012355474552199566,-2.927526506255784,0.00532164747814798,0.005321647478148472,,0.0,-0.0
2025-03-21,0.010905933179999994,0.0036705820000000333,,,-0.10200000000000031,-0.19311005827510042,4.0,-0.18996486663879608,4.0,-0.1675810436575791,4.0,-0.19311005827510086,4.0,324.1841753000008,298.58242466503054,294.9962661568303,298.45459808288854,295.49060253308613,4.75,5.568,1.2738136866467082,5.568,-0.10200000000000031,0.8179999999999996,0.07500000000000018,0.028304593749200503,0.02751585157891455,0.028146216294748973,0.027552061868682916,-0.19311005827510042,-0.19311005827510042,0.005495890994360661,0.005495890994360754,-0.006524585803076836,0.00337369484508101,0.003373694845081039,5.2539559888895235,0.0013520918630474542,0.0013520918630479054,0.0014332422018224975,0.021413029172431725,0.021413029172431954,-0.013560829080352759,0.0185250206875965,0.018525020687596566,31.384164792106905,0.00947278348762542,0.009472783487626419,0.00172441214520216,0.013454460083396194,0.013454460083396354,-0.010042707441714798,0.010949357766338754,0.010949357766338803,18.319060390498215,0.005412437675336437,0.005412437675337162,0.0015788271735123287,0.01520534528298401,0.015205345282984185,-0.010816694202215149,0.01261600360901546,0.01261600360901551,21.193383358852124,0.006305713754040013,0.006305713754040799,0.0016108558672840918,0.0,-0.0
2025-03-28,0.00036165367000001725,0.05991549640000016,,,0.05400000000000027,0.2625735369825206,4.0,0.25980579205191834,4.0,0.229219126352738,4.0,0.2625735369825204,4.0,-110.88995080000132,-102.99046440548484,-111.34456007516144,-102.89318263531347,-111.96537103558879,4.75,5.622,1.2738136866467082,5.622,0.05400000000000027,0.8719999999999999,-0.10200000000000031,-0.013766024720805951,-0.014186645381737603,-0.013618226675682351,-0.0142531289712089,0.2625735369825206,0.2625735369825206,0.004963246093196924,0.004963246093196963,0.0038861393666073836,0.0035661539526562714,0.0035661539526562888,,0.0015718887815222744,0.0015718887815225498,-0.23371706923424876,0.03000976039566916,0.03000976039566956,-0.011140472455092391,0.02614739172082335,0.02614739172082338,,0.018171062029622407,0.018171062029623007,0.14412841794067463,0.017486503244433044,0.017486503244433262,-0.0036271665442425037,0.014856772836739812,0.014856772836739834,,0.00987147540557234,0.009871475405572778,-0.044794325646787064,0.02024161981770499,0.020241619817705246,-0.005280093844629479,0.01734070899123819,0.017340708991238213,,0.011697384462863355,0.011697384462863829,-0.003231322057545505,0.0,0.0
2025-04-04,-0.011267586850000011,-0.005923313200000058,,0.20458978500000002,-0.11299999999999955,-0.17339041731073834,4.0,-0.17050110713990296,4.0,-0.15040957431210555,4.0,-0.17339041731073856,4.0,-583.0824078999995,-610.0033474451546,-613.6619731499926,-610.1280144395475,-613.1963021712123,4.75,5.509,1.6435516246901152,5.509,-0.11299999999999955,0.7590000000000003,0.05400000000000027,-0.07989143889185812,-0.08122133686464128,-0.08004565582018577,-0.0811787846480384,-0.17339041731073834,-0.17339041731073834,0.0032629078164729767,0.0032629078164730183,,0.003365014026970927,0.0033650140269710182,0.007118232377388297,0.0011961072307172054,0.0011961072307175335,,0.030253986979684483,0.03025398697968482,,0.025919455177172535,0.02591945517717268,-0.007115356303481622,0.016734198662302552,0.016734198662303187,,0.01675844739807873,0.01675844739807892,,0.014642234602071732,0.01464223460207185,1.4380369533373988e-06,0.008965152946509878,0.00896515294651036,,0.019727466106031995,0.019727466106032217,,0.017123223128593906,0.01712322312859403,-0.0015642567179423531,0.010674343003984267,0.010674343003984782,,0.0,-0.0
2025-04-11,-0.005625139370000032,0.017145170000000043,,,0.4819999999999993,-0.3839109086870647,4.0,-0.3782898909794703,4.0,-0.33372661191920927,4.0,-0.383910908687064,4.0,105.99077899999975,167.64858738200454,161.16212044524156,167.66726950210239,161.40670113503225,4.75,5.991,1.6435516246901152,5.991,0.4819999999999993,1.2409999999999997,-0.11299999999999955,0.047263103940236466,0.04826257606912208,0.047342120891783114,0.048260200848010464,-0.3839109086870647,-0.3839109086870647,0.00021343245773421116,0.00021343245773416822,,0.0017273097280240909,0.001727309728024036,,-0.000509929192048729,-0.0005099291920484833,,0.03264989303830385,0.03264989303830439,,0.026611419987023606,0.026611419987023554,,0.017021805857344984,0.01702180585734538,,0.016431662748019032,0.016431662748019278,,0.014169364857523849,0.014169364857523795,,0.008255938332648127,0.008255938332648448,,0.01999967341188169,0.019999673411882,,0.016906616986013794,0.016906616986013742,,0.010184429188081436,0.010184429188081772,,0.0,-0.0
2025-04-18,-0.027450680099999958,0.01978508999999984,,,-0.23399999999999999,0.1916894221646679,4.0,0.18984146736669616,4.0,0.16749465546224362,4.0,0.1916894221646679,4.0,124.36584830000083,85.91440649422793,80.29088059167864,85.87888030755873,80.13463132102561,4.75,5.757,1.6435516246901152,5.757,-0.23399999999999999,1.0069999999999997,0.4819999999999993,0.0017575931121050561,-0.0002870063456909336,0.0017106680069596935,-0.0002911743526085933,0.1916894221646679,0.1916894221646679,-0.0006166585217604666,-0.0006166585217604754,-0.004955846542034809,0.0017187028485771956,0.0017187028485772572,-0.000865387252260148,-0.0013637028854555895,-0.0013637028854553588,-0.002753020117639251,0.028248673650654543,0.028248673650654862,-0.030024081040274504,0.026047813076327392,0.026047813076327475,-0.014544377073748269,0.017196970099768876,0.0171969700997694,-0.010793662352213795,0.013816007564447038,0.013816007564447194,-0.017489963791154656,0.013883257962452294,0.013883257962452366,-0.007704882163004208,0.007916633607156644,0.00791663360715702,-0.006773341234926523,0.01699119410341269,0.01699119410341288,-0.020247469585961023,0.016559460087504814,0.01655946008750489,-0.009209571043367901,0.009958307635531334,0.009958307635531743,-0.007657811880729723,0.0,0.0
2025-04-25,0.03847011375999998,0.0021929505000000127,,,-0.23999999999999932,0.48801699989945013,4.0,0.48232390740416853,4.0,0.42553078941047384,4.0,0.4880169998994499,4.0,285.9546891,252.52846193669518,244.61466172986533,252.59948166270254,243.85183317431407,4.75,5.517,1.6435516246901152,5.517,-0.23999999999999932,0.7670000000000003,-0.23399999999999999,0.023524188448490135,0.02107509686008432,0.023616449779232794,0.021023122214233393,0.48801699989945013,0.48801699989945013,0.0020229867002261592,0.0020229867002261454,-0.28885996112764734,0.002998774871365866,0.0029987748713659317,0.02701878340762691,5.600085306686222e-06,5.600085307164818e-06,,0.02629627269167615,0.026296272691676385,1.9428975823922188,0.025122562702041624,0.025122562702041735,0.0017284511582320555,0.017162729036536532,0.01716272903653752,,0.014159629695951154,0.014159629695951265,0.8270188106322858,0.014060668786703746,0.014060668786703832,0.014373617282929482,0.00858416456092161,0.008584164560922343,,0.01682969115501065,0.016829691155010793,1.072512140419471,0.016494285448078076,0.01649428544807817,0.011591680735496048,0.010471448745556892,0.010471448745557681,,0.0,0.0
2025-05-02,0.005023445879999977,0.05449591279999999,0.017305753300000004,,0.013999999999999346,-0.39670202715043734,4.0,-0.3909150322760533,4.0,-0.344864862305464,4.0,-0.39670202715043734,4.0,25.264168199999403,13.66158558114236,10.805258225346257,13.502040325060246,11.592860677090483,4.75,5.531,1.677783454436842,5.531,0.013999999999999346,0.7809999999999997,-0.23999999999999932,-0.005280340445087658,-0.005045343220491136,-0.005472092702554404,-0.004997324350270878,-0.39670202715043734,-0.39670202715043734,0.00207466282248749,0.00207466282248741,,0.0028487278749707353,0.0028487278749707834,-0.01695784482353643,0.00020713682449353054,0.0002071368244941444,,0.02160472244903074,0.021604722449030854,,0.020452985555302745,0.020452985555302828,-0.011456402132340303,0.01384061220203953,0.013840612202040739,,0.011839692635759114,0.011839692635759132,,0.011650856715136739,0.011650856715136805,-0.014207123477938366,0.00702387451326653,0.007023874513267442,,0.013987999194678871,0.013987999194678911,,0.013587325059973262,0.01358732505997333,-0.013601964781906794,0.008523556804796589,0.008523556804797567,,0.0,-0.0
2025-05-09,0.008025092810000023,0.00965655600000015,0.0057121537300000025,,0.05000000000000071,-0.5951719083462652,3.0,-0.9664834196473029,3.0,-0.4152973506735753,3.0,-0.5951719083462659,3.0,178.53876570000102,168.55923278036767,162.28921090313483,170.74878647218222,168.15423888938045,4.5,5.581,1.677783454436842,5.581,0.05000000000000071,1.0810000000000004,0.013999999999999346,0.017783642838906967,0.014960742760524228,0.018671899079991134,0.01810975144981639,-0.5951719083462652,-0.5951719083462652,0.0017570253548827956,0.001757025354882857,0.014753153486909903,0.0023464590576967115,0.002346459057696829,,8.859331872940537e-05,8.859331873001403e-05,,0.021077534428420575,0.021077534428420586,-0.09581431384626526,0.0201841870017511,0.020184187001751286,,0.013684176899313972,0.01368417689931521,,0.011417279891651685,0.011417279891651722,-0.04053058017967768,0.011265323029723905,0.011265323029724057,,0.0068863851090216885,0.006886385109022612,,0.013542535889740841,0.013542535889740871,-0.05269300158632695,0.013227473103569887,0.013227473103570048,,0.00838189930288599,0.008381899302886985,,0.0,-0.0
2025-05-16,0.0010184748500000063,0.01705088389999987,0.03401182979,0.14491483139999994,0.004999999999999893,-0.5473996752809986,3.0,-0.5405305335019555,3.0,-0.47596436117465024,3.0,-0.5473996752809982,3.0,7.956502199998795,-8.08153450582687,-9.69308392145912,-8.296791855150566,-8.57287798531851,4.5,5.586,1.677783454436842,5.586,0.004999999999999893,1.0860000000000003,0.05000000000000071,-0.0073973201897832045,-0.0071943224676134536,-0.007664882113729131,-0.007110119433794291,-0.5473996752809986,-0.5473996752809986,0.0016214363448355353,0.0016214363448355767,,0.0023056255217020743,0.0023056255217019186,,-7.992580515856314e-05,-7.992580515800718e-05,,0.020353865967814688,0.02035386596781505,,0.01913474616601725,0.019134746166017035,,0.013600741542881357,0.013600741542882155,,0.010987651156325112,0.010987651156325313,,0.010720185843859663,0.010720185843859477,,0.006760407868861397,0.006760407868862074,,0.013048218414852817,0.013048218414853055,,0.012571389114734332,0.01257138911473414,,0.008265281277145788,0.008265281277146493,,0.0,-0.0
2025-05-23,0.01208647317,-0.021257848599999907,,0.3366842079999999,0.07899999999999974,-0.1608236506102032,3.0,-0.158970707649714,3.0,-0.13934168283451243,3.0,-0.1608236506102032,3.0,138.26445980000062,141.5463024476802,136.32987710466836,141.50038144491543,136.5684496713466,4.5,5.665,1.677783454436842,5.665,0.07899999999999974,1.165,0.004999999999999893,0.018629754839452197,0.01838391379569613,0.018590139780047803,0.018398285884296355,-0.1608236506102032,-0.1608236506102032,0.0028022348168009175,0.002802234816800802,-0.03197306051307693,0.002415949755686832,0.002415949755686567,,0.00010772176482027896,0.00010772176482070691,,0.018383891435665742,0.01838389143566594,0.004121566496797474,0.01881997904773216,0.018819979047731767,,0.012992276433174844,0.01299227643317532,,0.010593063126233329,0.01059306312623337,-0.013925747008139729,0.010617964401709496,0.010617964401709166,,0.006549999098997561,0.006549999098998014,,0.01230704535430846,0.012307045354308536,-0.009955338037053545,0.01242240762383448,0.012422407623834139,,0.007967300112516564,0.007967300112517022,,0.0,-0.0
2025-05-30,0.0031430282700000145,0.02399021179999994,,0.01710410600000012,-0.1200000000000001,-0.7954052499319317,3.0,-0.7853179953078979,3.0,-0.6919226603303641,3.0,-0.7954052499319317,3.0,66.81297900000027,26.28718845980802,27.572970367013383,25.934548188825076,29.34435164157445,4.5,5.545,1.677783454436842,5.545,-0.1200000000000001,1.045,0.07899999999999974,-0.009332453077407717,-0.009457324956849048,-0.009789213609721577,-0.009312064178257647,-0.7954052499319317,-0.7954052499319317,0.0023230965327883917,0.002323096532788376,,0.0021439216005090613,0.002143921600508898,,9.717686015989354e-05,9.717686016037223e-05,,0.014097433390909863,0.014097433390910066,,0.014738609966791164,0.014738609966791067,,0.01061809575675602,0.010618095756756627,,0.008210264961849126,0.00821026496184922,,0.008441265783650113,0.008441265783649982,,0.005357636308457957,0.0053576363084585,,0.00950544201624249,0.009505442016242606,,0.009826681503941144,0.00982668150394102,,0.00651493738708353,0.006514937387084088,,0.0,-0.0
2025-06-06,0.006152083129999986,0.017130115800000123,,,0.054999999999999716,-0.6738896245298975,3.0,-0.6653791529903721,3.0,-0.5861092816609452,3.0,-0.673889624529898,3.0,392.5859442000001,381.80281306317164,380.8111364163393,381.5596657900759,382.13790549576595,4.5,5.6,1.6847211702562397,5.6,0.054999999999999716,1.0999999999999996,-0.1200000000000001,0.03974694065341839,0.04017824350213825,0.03944683084639796,0.04027835706376892,-0.6738896245298975,-0.6738896245298975,0.002505161412808307,0.0025051614128083306,0.00999437670384707,0.0025555746630853884,0.0025555746630851403,,0.00037021469348364036,0.00037021469348405285,,0.013343853056234176,0.013343853056234294,0.017764852840941286,0.013927765247834834,0.0139277652478347,,0.010483508250772138,0.010483508250772851,,0.007924507234521242,0.007924507234521313,0.013879614772394178,0.00824166995546011,0.00824166995545992,,0.00542686147212789,0.005426861472128452,,0.009116763315298088,0.009116763315298168,0.014734367147474543,0.00949261091978255,0.009492610919782372,,0.006539323763429624,0.00653932376343022,,0.0,-0.0
2025-06-13,0.0037502674800000135,0.03661560119999985,,,-0.10699999999999932,1.1438704326537255,3.0,1.128793704601601,3.0,0.9967598565634481,3.0,1.143870432653726,3.0,6.586697599999752,7.100718581581031,-6.996044075119812,7.464733660817455,-9.252027282496675,4.5,5.493,1.6847211702562397,5.493,-0.10699999999999932,0.9930000000000003,0.054999999999999716,-0.001423214629373799,-0.0037548182826961083,-0.0009401705890651093,-0.003933810916841666,1.1438704326537255,1.1438704326537255,0.0018774403919885802,0.001877440391988692,0.016762427408271913,0.001487409619233135,0.0014874096192331596,,0.00018135534698259274,0.00018135534698279136,,0.01532595928727919,0.015325959287279516,0.019904748112805685,0.016467317781950885,0.01646731778195104,,0.011551066358473118,0.011551066358473465,,0.008601699839633886,0.008601699839634104,0.018333587760538797,0.00897736370059201,0.0089773637005921,,0.0058662108527278555,0.005866210852728128,,0.010081036918115852,0.010081036918116095,0.018679243038037512,0.010625153598490962,0.010625153598491066,,0.007116879063991812,0.007116879063992102,,0.0,0.0
2025-06-20,-0.0005941403799999967,0.04041697860000015,0.004747727590000028,0.0,0.03699999999999992,0.25630893483420136,3.0,0.2527491779665838,3.0,0.2238890380950096,3.0,0.2563089348342009,3.0,-2.5803823999995075,2.5412593765818947,-5.646084979314484,2.6328786178422625,-6.2243432072334315,4.5,5.53,1.6847211702562397,5.53,0.03699999999999992,1.0300000000000002,-0.10699999999999932,0.003571721004719269,0.002552995359598649,0.0037093279923875507,0.002506037785114124,0.25630893483420136,0.25630893483420136,0.0008928152142365926,0.0008928152142365708,0.015134439447439696,0.001331113841574933,0.0013311138415749387,,-9.543371369440286e-05,-9.543371369430155e-05,,0.015286008497863735,0.015286008497863783,-0.008991361233273341,0.017533704277784737,0.017533704277784713,,0.01258950317048917,0.012589503170489322,,0.008089411856050164,0.008089411856050176,0.0030715391070831773,0.009432409059679835,0.009432409059679826,,0.0062470347283973835,0.00624703472839751,,0.00967266311724915,0.00967266311724917,0.00041770103220474357,0.011214694007662914,0.0112146940076629,,0.007642377785657577,0.007642377785657709,,0.0,0.0
2025-06-27,0.00611874431999998,0.021261986599999894,0.004536980109999977,,-0.06300000000000061,0.3074734086876889,3.0,0.3032497431529104,3.0,0.268442039640028,3.0,0.3074734086876889,3.0,149.9752770999985,140.52723477262558,132.69076422614924,140.60055502562477,132.11700392808706,4.5,5.467,1.6847211702562397,5.467,-0.06300000000000061,0.9669999999999996,0.03699999999999992,0.01523335890217795,0.013653441710369394,0.015339627994743307,0.013613979885669612,0.3074734086876889,0.3074734086876889,0.0005749841839042543,0.0005749841839041784,,0.0012581474694767399,0.001258147469476735,-0.0017312884320313739,-0.00023570584190068307,-0.00023570584190063304,0.004641989862419387,0.014680197898808235,0.014680197898808178,,0.01744531690485728,0.017445316904857233,-0.013659632721490874,0.012180285132653946,0.01218028513265401,0.010030299867420689,0.007627591041356244,0.0076275910413561784,,0.009351732187167009,0.009351732187166985,-0.0076954605767611236,0.005972289645376631,0.005972289645376688,0.007336144864920038,0.009179164549995681,0.009179164549995617,,0.011132320825058868,0.011132320825058838,-0.009007578448601668,0.00733804865257764,0.007338048652577699,0.007928858965470182,0.0,0.0
2025-07-04,0.010728115280000006,0.03940559280000011,,,-0.009999999999999787,0.30320970253323143,3.0,0.2990413627207169,3.0,0.2647292895112767,3.0,0.3032097025332319,3.0,160.3800764000007,159.11370437513656,150.91114987093465,159.20511173754622,150.28771413906122,4.5,5.457,1.6798834339290398,5.457,-0.009999999999999787,0.9569999999999999,-0.06300000000000061,0.01676334186511333,0.015667150346837626,0.016896826765472234,0.01561630208481607,0.30320970253323143,0.30320970253323143,0.0008313892605592122,0.0008313892605592176,0.0124575116402012,0.0013515860824497477,0.0013515860824496989,,0.0012334877413823896,0.0012334877413824738,,0.015916388573884516,0.01591638857388457,0.008397412993307521,0.01831581894935467,0.0183158189493546,,0.01227493998446329,0.012274939984463475,,0.008373888917221864,0.008373888917221893,0.01042746231675436,0.009833702515902208,0.009833702515902149,,0.00675421386292284,0.006754213862922975,,0.010033238841687648,0.010033238841687681,0.009980851465596057,0.011699768131261749,0.011699768131261688,,0.00796877360966174,0.007968773609661884,,0.0,0.0
2025-07-11,-0.003970716950000008,0.02434948669999981,,,0.07699999999999996,-0.15016438522406172,3.0,-0.14844975656923065,3.0,-0.1300598075126358,3.0,-0.15016438522406217,3.0,-77.31272119999994,-74.12842759560222,-79.41378193547351,-74.1711775745635,-79.1950594960248,4.5,5.534,1.6798834339290398,5.534,0.07699999999999996,1.0339999999999998,-0.009999999999999787,-0.008258300593096905,-0.008308678134627745,-0.008294300348916456,-0.008299457314449912,-0.15016438522406172,-0.15016438522406172,0.0007806503319187778,0.000780650331918786,,0.0013178451978384162,0.0013178451978384177,0.00015340037250053472,0.0011797810828363176,0.0011797810828362899,,0.017267695724565137,0.017267695724565105,,0.01857839164953411,0.01857839164953411,0.009730059674275074,0.012410657249531564,0.012410657249531597,,0.009024173028241957,0.009024173028241945,,0.009948118423686264,0.009948118423686264,0.004941730023387805,0.006795219166183941,0.006795219166183943,,0.010837748021433056,0.01083774802143304,,0.01184677853337279,0.01184677853337279,0.005995162546583004,0.008030615544520418,0.008030615544520427,,0.0,-0.0
2025-07-18,0.0,0.016901408500000104,,-0.007984569100000005,0.012000000000000455,0.021094478646638937,3.0,0.020586857457222774,3.0,0.019068989325550234,3.0,0.02109447864663938,3.0,33.85083569999915,30.34098720721187,24.196030853353506,30.336998202477258,24.13210433160883,4.5,5.546,1.6798834339290398,5.546,0.012000000000000455,1.0460000000000003,0.07699999999999996,0.005129454589311824,0.004191110722141082,0.005140095089294423,0.0041884145107360955,0.021094478646638937,0.021094478646638937,0.0006867712649070999,0.0006867712649071387,-0.002869899324099851,0.0012100919086625106,0.0012100919086625247,,0.0016328684394293128,0.0016328684394293037,,0.01699886555941332,0.016998865559413608,-0.010437100282700245,0.01831869223772732,0.01831869223772736,,0.013116761330887041,0.013116761330887008,,0.00884281841216021,0.008842818412160372,-0.006653499803400048,0.009764392073194916,0.009764392073194942,,0.007374814885158177,0.0073748148851581555,,0.010637148784555893,0.010637148784556086,-0.007485891908846091,0.011646338109392045,0.011646338109392074,,0.008638043103218527,0.008638043103218503,,0.0,0.0
2025-07-25,-0.0016790005599999769,-0.041250895199999915,0.029402403109999975,,-0.02800000000000047,-0.02367443597516017,3.0,-0.023601137080811796,3.0,-0.019914887026339256,3.0,-0.023674435975161057,3.0,140.8422788000007,130.19224561536717,124.70178968688396,130.15699181417693,124.77465495351919,4.5,5.518,1.6798834339290398,5.518,-0.02800000000000047,1.0179999999999998,0.012000000000000455,0.012165279547452897,0.011257301509480115,0.012131695225074235,0.011265412281545893,-0.02367443597516017,-0.02367443597516017,0.000589302775996567,0.0005893027759965805,,0.0011930018676245871,0.001193001867624616,,0.0015893732543000266,0.0015893732543000064,-0.012671681466182973,0.016370332079021888,0.01637033207902184,,0.017881166661332625,0.017881166661332687,,0.012684058840875197,0.012684058840875204,-0.01674463124709279,0.008479817427509227,0.00847981742750921,,0.009537084264478605,0.009537084264478652,,0.007136716047587612,0.007136716047587605,-0.014708156356637882,0.010215730650842013,0.010215730650841987,,0.01137278239178649,0.011372782391786539,,0.008357131462110881,0.008357131462110878,-0.01515618083253796,0.0,-0.0
2025-08-01,-0.012893349750000005,-0.07101600230000016,,,-0.08599999999999941,0.22148866790613075,3.0,0.21838073777033307,3.0,0.19356824537687078,3.0,0.22148866790613164,3.0,-159.70676289999938,-174.47229780085007,-181.45762512687782,-174.43906759914165,-181.82806784750974,4.5,5.432,1.1054589188837536,5.432,-0.08599999999999941,0.9320000000000004,-0.02800000000000047,-0.02257861914735295,-0.023945619822675568,-0.02252697229355577,-0.02397097943219151,0.22148866790613075,0.22148866790613075,-0.00035536930610463244,-0.00035536930610473457,,0.0006640550096439363,0.0006640550096439317,-0.005183079111133753,0.0013215265031108988,0.001321526503110925,,0.013136891959731929,0.013136891959731774,,0.01455395068393139,0.014553950683931383,-0.01167668959216231,0.011028015066510084,0.01102801506651008,,0.006390761326813648,0.00639076132681352,,0.0076090028467876636,0.0076090028467876575,-0.008429884351648032,0.006174770784810491,0.006174770784810503,,0.007874910066055668,0.007874910066055535,,0.009136891370959282,0.009136891370959277,-0.009144181504561172,0.007242484526784402,0.00724248452678441,,0.0,0.0
2025-08-08,0.012893349750000005,0.014518827100000076,,,-0.07400000000000073,-0.09189373444647586,3.0,-0.09093522399591203,3.0,-0.07931888908636231,3.0,-0.0918937344464763,3.0,335.9679856999992,316.77008516076944,312.1642029102787,316.6927340387848,312.42900919234273,4.5,5.358,1.1054589188837536,5.358,-0.07400000000000073,0.8579999999999997,-0.08599999999999941,0.03231013226180117,0.03099775455450499,0.03221846645081259,0.031028864265410717,-0.09189373444647586,-0.09189373444647586,-0.00046758810434225804,-0.0004675881043423234,,0.0005167150205701001,0.0005167150205700536,0.0036215359916425757,0.0012534077225730843,0.0012534077225730964,,0.013008612512614214,0.013008612512614044,,0.015183258681366774,0.015183258681366708,-0.003090951590997972,0.011388967344980808,0.01138896734498085,,0.006270512204135978,0.006270512204135861,,0.007849986850968436,0.00784998685096838,0.0002652922003223018,0.006321187533776946,0.006321187533776973,,0.00775289427200119,0.00775289427200106,,0.00946330665365607,0.009463306653656012,-0.0004730814337681583,0.007436099092241796,0.007436099092241825,,0.0,-0.0
2025-08-15,0.0016790005599999769,0.035776239400000076,-0.010083065249999967,,-0.0389999999999997,0.08576068865590791,3.0,0.08441396067882945,3.0,0.07537903294494819,3.0,0.08576068865590836,3.0,91.89152500000091,81.72708798247967,75.45706734834017,81.72792494164564,75.3156156072036,4.5,5.319,1.1054589188837536,5.319,-0.0389999999999997,0.819,-0.07400000000000073,0.002615750684426578,0.0019338846125020771,0.002627900981269568,0.0019186234632743151,0.08576068865590791,0.08576068865590791,-0.0005576522353548635,-0.0005576522353548959,0.0004635456069952209,0.0007915135804180866,0.0007915135804180593,,0.0011854965235412749,0.0011854965235411573,,0.013393254649514057,0.013393254649513946,-0.009607534473041914,0.01695888506932606,0.01695888506932594,,0.012316513892595275,0.012316513892595082,,0.006417801207079597,0.006417801207079525,-0.004571994433023347,0.008875199324872072,0.008875199324872,,0.006751005208068275,0.00675100520806812,,0.007952400964415178,0.007952400964415098,-0.005679813241827432,0.010653610188651949,0.010653610188651868,,0.007975417118664214,0.007975417118664051,,0.0,0.0
2025-08-22,-0.0005346526800000251,-0.009432230800000108,-0.005665722380000016,-0.008517145599999942,-0.030999999999999694,-0.5331873214328082,3.0,-0.5265025987279772,3.0,-0.46358852741214696,3.0,-0.5331873214328082,3.0,13.894571099999666,-7.473180221131454,-8.925258493068412,-7.696569384778378,-7.794727895977747,4.5,5.288,1.1054589188837536,5.288,-0.030999999999999694,0.7880000000000003,-0.0389999999999997,-0.007193918042386394,-0.007342153830162548,-0.0074745076723175844,-0.007251936884855366,-0.5331873214328082,-0.5331873214328082,-0.00035752889413146654,-0.00035752889413147434,,0.0008156297601648027,0.0008156297601647673,,0.0014018992055121232,0.0014018992055121306,,0.014700788165034749,0.014700788165034704,,0.017488362708654517,0.017488362708654483,,0.014743732288086911,0.014743732288086887,,0.0071716296354516415,0.007171629635451615,,0.009151996234409661,0.009151996234409624,,0.008072815746799517,0.008072815746799508,,0.008828044511959924,0.008828044511959895,,0.010985996858743529,0.010985996858743494,,0.009540417385882743,0.009540417385882733,,0.0,-0.0
2025-08-29,0.01015508715000002,-0.0037451385000000226,0.0012071851700000136,0.03512027809999996,-0.0030000000000001137,0.4453332410151405,3.0,0.4393207104605108,3.0,0.3884876271363269,3.0,0.4453332410151405,3.0,155.76627670000016,158.45089648121697,149.07539844798603,158.59706760552857,148.15013494082345,4.5,5.285,1.1054589188837536,5.285,-0.0030000000000001137,0.7850000000000001,-0.030999999999999694,0.01914717509522193,0.017688749604824843,0.0193533329182295,0.017617088913589145,0.4453332410151405,0.4453332410151405,1.54528282536208e-05,1.5452828253593928e-05,0.2552290718421375,0.001165306121585053,0.0011653061215850466,,0.0012713783351289926,0.001271378335128963,,0.013290269842271649,0.01329026984227164,-0.04778186421879651,0.015565913312765422,0.015565913312765422,,0.012721361245830825,0.012721361245830771,,0.006652861335262635,0.006652861335262617,0.10372360381167049,0.008365609717175237,0.008365609717175234,,0.006996369790479909,0.006996369790479867,,0.008113091206804618,0.008113091206804602,0.07039240084496776,0.009949676508205078,0.009949676508205075,,0.00825586791065711,0.008255867910657065,,0.0,0.0
2025-09-05,0.004009218799999992,0.006577999699999948,,0.008664892300000115,-0.1770000000000005,0.25986202329624897,3.0,0.25625616166007914,3.0,0.2269829965356358,3.0,0.25986202329624897,3.0,270.32342719999906,242.13479759353632,235.53328633153737,242.14837082793946,235.18387697698097,4.5,5.108,1.3541711833753733,5.108,-0.1770000000000005,0.6079999999999997,-0.0030000000000001137,0.016559281582148765,0.014716717736719512,0.016578428567145198,0.01469910585286045,0.25986202329624897,0.25986202329624897,3.5149669030806665e-06,3.5149669030180356e-06,-3.0299054133969066e-06,0.00116002142090055,0.0011600214209005425,-0.11808787550627721,0.0015815861420438147,0.0015815861420438392,,0.013848321672272592,0.013848321672272587,-0.011937268816175966,0.015421226690551097,0.015421226690551104,0.19301124518046853,0.013526844098836331,0.013526844098836338,,0.006925918319587837,0.006925918319587802,-0.005970149360794682,0.008290624055725823,0.008290624055725823,0.03746168483709566,0.007554215120440073,0.007554215120440089,,0.008448847057178483,0.008448847057178455,-0.0072829156409785645,0.009859356635387383,0.009859356635387385,0.07168258811263768,0.00886819349568725,0.008868193495687264,,0.0,0.0
2025-09-12,0.00602390022999999,0.021962814600000158,,,-0.10599999999999987,-0.17290415138116666,3.0,-0.1708944522075968,3.0,-0.14986114153264274,3.0,-0.17290415138116666,3.0,257.29443900000115,231.4752078881571,227.74913509934137,231.35625544324313,228.21689910846453,4.25,5.002,1.3541711833753733,5.002,-0.10599999999999987,0.7519999999999998,-0.1770000000000005,0.013088523509665155,0.012324749719941673,0.012938898233957592,0.012364011508437439,-0.17290415138116666,-0.17290415138116666,0.0001841334067751679,0.00018413340677515407,-0.0001595948421035553,0.001179043942494141,0.0011790439424941548,,0.0016762910692124733,0.0016762910692125082,0.7642551297441341,0.013031308044813946,0.013031308044813946,-0.01129468892276721,0.015000028279730057,0.015000028279730085,,0.013194793068791996,0.013194793068792045,0.9147740410493925,0.006607720725794557,0.00660772072579455,-0.005727141882435383,0.008089536111112098,0.008089536111112119,,0.007435542069002234,0.007435542069002277,0.8395145853967634,0.008020909935978822,0.008020909935978817,-0.006952002231308384,0.00960984438820805,0.009609844388208071,,0.008702577288955982,0.008702577288956025,0.8560716656403418,0.0,-0.0
2025-09-19,-0.005747126439999972,-0.008620689600000064,,,0.08000000000000007,-0.48557593604136784,3.0,-0.47950901723514505,3.0,-0.42212948430775366,3.0,-0.4855759360413683,3.0,16.566091999999117,13.470959527774133,10.80654585391552,13.306204996577787,11.716036742253458,4.25,5.082,1.3541711833753733,5.082,0.08000000000000007,0.8319999999999999,-0.10599999999999987,-0.002372817726137815,-0.00184752914117004,-0.0025687285622843113,-0.001785912576101364,-0.48557593604136784,-0.48557593604136784,-0.00015768869057084398,-0.00015768869057081552,-0.030597295155506642,0.0014453626726945684,0.00144536267269453,,0.0018942344143088805,0.0018942344143088154,,0.0129179731990041,0.012917973199004147,-0.04235481239801434,0.01541855345233508,0.015418553452335022,,0.013629588346720001,0.013629588346719892,,0.006380142254216629,0.006380142254216666,-0.03647605377676049,0.008431958062514825,0.008431958062514776,,0.007761911380514441,0.007761911380514354,,0.007818465062069872,0.007818465062069912,-0.03776938067343634,0.00996900904827528,0.009969009048275228,,0.009052800313079663,0.009052800313079572,,0.0,-0.0
2025-09-26,-0.0052545155900000085,-0.001954022999999916,-0.015561703390000015,0.11233999120000027,0.09600000000000009,-0.41451416680041264,3.0,-0.40936934336524766,3.0,-0.3602503154952288,3.0,-0.4145141668004131,3.0,364.34369400000105,365.1739258899152,361.82877427422665,365.04118818194274,362.57355446344894,4.25,5.178,1.3541711833753733,5.178,0.09600000000000009,0.9279999999999999,0.08000000000000007,0.03525594471607925,0.03544625222132624,0.03510375192624915,0.035499138741539364,-0.41451416680041264,-0.41451416680041264,-0.00047239475399036266,-0.00047239475399034114,,0.0016960068783827532,0.001696006878382695,,0.0021176200886495467,0.002117620088649589,,0.012215786496848525,0.012215786496848551,,0.015540686486814032,0.015540686486813976,,0.01395291822403299,0.013952918224033094,,0.005871695871429081,0.005871695871429105,,0.008618346682598392,0.008618346682598336,,0.008035269156341267,0.008035269156341342,,0.007267395809021358,0.007267395809021383,,0.010141261439525833,0.010141261439525776,,0.009337151951233446,0.009337151951233528,,0.0,-0.0
2025-10-03,0.0052545155900000085,0.01057471259999998,,0.018723331899999973,-0.052999999999999936,-0.2077244183092355,3.0,-0.20526289240384665,3.0,-0.18018193425078088,3.0,-0.20772441830923505,3.0,362.63906399999905,344.3868041148317,340.5354805792829,344.27472261756895,341.0168009901808,4.25,5.125,1.3476473007258336,5.125,-0.052999999999999936,0.875,0.09600000000000009,0.0228200032133663,0.022455671530827014,0.022683115830450122,0.022490661766012703,-0.2077244183092355,-0.2077244183092355,-0.0010488157656552103,-0.00104881576565518,0.0008949837385087117,0.0010647827043397113,0.001064782704339627,,0.0020926230746627643,0.002092623074662714,,0.012264897593761457,0.012264897593761483,-0.010465979116965273,0.015286647216470908,0.015286647216470791,,0.014033533454266677,0.014033533454266599,,0.005608040914053123,0.005608040914053152,-0.004785497689228281,0.00817571496040531,0.008175714960405209,,0.00806307826446472,0.008063078264464656,,0.007072549383588957,0.007072549383588984,-0.006035203603330418,0.009740120056739741,0.009740120056739637,,0.00937657840622115,0.009376578406221085,,0.0,-0.0
2025-10-10,0.0032002949000000114,0.005110418599999944,,0.0743583751000001,0.06400000000000006,-0.13382017829864035,3.0,-0.13231763157915344,3.0,-0.11582759868575421,3.0,-0.13382017829864168,3.0,81.04863300000034,82.5338559358689,77.21772065638643,82.49228495928006,77.4169701002655,4.25,5.189,1.3476473007258336,5.189,0.06400000000000006,0.9390000000000001,-0.052999999999999936,0.004543458713892015,0.0046198398455114704,0.004507666837608715,0.004624841740806509,-0.13382017829864035,-0.13382017829864035,-0.000651457462276112,-0.0006514574622761159,0.0978570226520865,0.0009336362891834008,0.0009336362891833689,0.019137241323146193,0.0019155674841438099,0.0019155674841437732,0.017335668361281864,0.012172850566133497,0.012172850566133512,0.012999773090595426,0.015911199631048797,0.015911199631048808,0.05477059862895721,0.014344324125357943,0.014344324125357915,0.07752316234042936,0.005760696551928692,0.005760696551928698,0.05542839787134096,0.0084224179601161,0.008422417960116089,0.0369539199760517,0.008129945804750877,0.008129945804750844,0.04742941535085561,0.007171370435053749,0.007171370435053757,0.04609410041957694,0.010069949927721294,0.010069949927721285,0.04087358927969091,0.009497109035284432,0.009497109035284399,0.054050039688561834,0.0,-0.0
2025-10-17,0.01678749881999997,0.02189598969999995,0.006860122109999978,,-0.13900000000000023,0.29894599637877306,3.0,0.29483298228852295,3.0,0.261016539382525,3.0,0.2989459963787744,3.0,194.54141399999935,173.0666275131676,165.87050459295324,173.1086372254935,165.3982750022869,4.25,5.05,1.3476473007258336,5.05,-0.13900000000000023,0.7999999999999998,0.06400000000000006,0.010460627971783962,0.008630220183064564,0.010520064831918589,0.008602286702942219,0.29894599637877306,0.29894599637877306,-8.221118707224637e-05,-8.221118707225041e-05,,0.0014910661374846173,0.001491066137484535,-0.030621206297366213,0.0024105003665263313,0.002410500366526313,,0.013072034358567084,0.0130720343585671,,0.013986455070274389,0.013986455070274318,0.20494692211733645,0.014099402652945691,0.014099402652945696,,0.006494911585747418,0.0064949115857474244,,0.007738760603879503,0.007738760603879426,0.08716285790998513,0.00825495150973601,0.008254951509736005,,0.007941878595767744,0.007941878595767752,,0.00911325338648638,0.009113253386486303,0.1130753520356024,0.00954073076124214,0.009540730761242136,,0.0,0.0
2025-10-24,-0.005899705019999979,0.008849557600000058,,,-0.04499999999999993,-0.5367404098948563,3.0,-0.5300095824214717,3.0,-0.4666824858527714,3.0,-0.5367404098948554,3.0,-293.1504420000001,-316.77352263204637,-318.0920189236467,-317.0034071358947,-316.93868335868683,4.25,5.005,1.3476473007258336,5.005,-0.04499999999999993,0.7549999999999999,-0.13900000000000023,-0.03654200837717435,-0.03664953018131305,-0.036832330045315345,-0.03655829533723308,-0.5367404098948563,-0.5367404098948563,4.09757527314894e-05,4.097575273153157e-05,0.0012089506989863337,0.0018452581575997009,0.0018452581575996504,,0.0024676343452164516,0.0024676343452165253,,0.01294963155290672,0.012949631552906694,0.0911930667086586,0.013367872576022581,0.013367872576022474,,0.013916684862492399,0.013916684862492526,,0.006495303652819104,0.006495303652819113,0.04620100870382246,0.007606565366811141,0.0076065653668110625,,0.008192159603854426,0.008192159603854526,,0.007915255790838379,0.00791525579083838,0.05609926146488641,0.008874052952837658,0.008874052952837571,,0.00945155516075478,0.009451555160754885,,0.0,-0.0
2025-10-31,0.0,-0.023598820099999918,,,0.04499999999999993,-0.10326361752503033,3.0,-0.10215757181509666,3.0,-0.08921955609636933,3.0,-0.10326361752503121,3.0,266.44247800000085,265.5785999538714,260.164916052916,265.5412000267869,260.321904814645,4.25,5.05,1.3476473007258336,5.05,0.04499999999999993,0.7999999999999998,-0.04499999999999993,0.028330831904404975,0.02748277293806632,0.028300530032337304,0.027499206425511465,-0.10326361752503033,-0.10326361752503033,-2.2158802997160397e-05,-2.2158802997176856e-05,-0.0033109893739577284,0.001764906224236905,0.0017649062242368378,-0.0010354308476293646,0.0023932412675605036,0.002393241267560513,,0.01201702166192584,0.012017021661925828,-0.017724281062679356,0.01289956499707411,0.012899564997073986,-0.006570346257920562,0.013622127601047699,0.013622127601047751,,0.00599743142946434,0.005997431429464325,-0.010517635218318543,0.007332235610655507,0.007332235610655412,-0.0038028885527749633,0.0080076844343041,0.008007684434304132,,0.00732174128060587,0.007321741280605856,-0.012103097304077921,0.008557048075667598,0.008557048075667498,-0.004411729247906995,0.009242861930987691,0.00924286193098773,,0.0,-0.0
2025-11-07,0.002573461840000013,-0.003781413300000036,,,0.11300000000000043,,,,,,,,,,,,,,4.25,5.163,1.3642761824004916,5.163,0.11300000000000043,0.9130000000000003,0.04499999999999993,,,,,,,,,,,,,,,,,,,,,,,,,,,,,,,,,,,,,,,,,,,0.0,
2025-11-14,0.010226791009999958,0.04273526920000004,,,-0.0030000000000001137,,,,,,,,,,,,,,4.25,5.16,1.3642761824004916,5.16,-0.0030000000000001137,0.9100000000000001,0.11300000000000043,,,,,,,,,,,,,,,,,,,,,,,,,,,,,,,,,,,,,,,,,,,0.0,
2025-11-21,-0.002641589179999959,-0.011253169900000026,-0.03099046581999998,,-0.05600000000000005,,,,,,,,,,,,,,4.25,5.104,1.3642761824004916,5.104,-0.05600000000000005,0.8540000000000001,-0.0030000000000001137,,,,,,,,,,,,,,,,,,,,,,,,,,,,,,,,,,,,,,,,,,,0.0,
2025-11-28,0.005617779649999988,0.0380388841999999,,,-0.054999999999999716,,,,,,,,,,,,,,4.25,5.049,1.3642761824004916,5.049,-0.054999999999999716,0.7990000000000004,-0.05600000000000005,,,,,,,,,,,,,,,,,,,,,,,,,,,,,,,,,,,,,,,,,,,0.0,
2025-12-05,0.031192253030000006,0.04904051170000012,,,0.040000000000000036,,,,,,,,,,,,,,4.25,5.089,1.5027167693970196,5.089,0.040000000000000036,0.8390000000000004,-0.054999999999999716,,,,,,,,,,,,,,,,,,,,,,,,,,,,,,,,,,,,,,,,,,,0.0,
2025-12-12,-0.0014303482599999917,0.022388059699999907,,,0.03399999999999981,,,,,,,,,,,,,,4.25,5.123,1.5027167693970196,5.123,0.03399999999999981,0.8730000000000002,0.040000000000000036,,,,,,,,,,,,,,,,,,,,,,,,,,,,,,,,,,,,,,,,,,,0.0,
2025-12-19,0.026785714279999928,0.017857142900000067,,0.01488095239999998,-0.02400000000000002,,,,,,,,,,,,,,4.25,5.099,1.5027167693970196,5.099,-0.02400000000000002,0.8490000000000002,0.03399999999999981,,,,,,,,,,,,,,,,,,,,,,,,,,,,,,,,,,,,,,,,,,,0.0,
2025-12-26,0.01488095238000009,0.0744047618999999,,,0.014000000000000234,,,,,,,,,,,,,,4.25,5.113,1.5027167693970196,5.113,0.014000000000000234,0.8630000000000004,-0.02400000000000002,,,,,,,,,,,,,,,,,,,,,,,,,,,,,,,,,,,,,,,,,,,0.0,
2026-01-02,0.017857142859999953,0.10416666660000007,,,0.004999999999999893,,,,,,,,,,,,,,4.25,5.118,1.6918017845460094,5.118,0.004999999999999893,0.8680000000000003,0.014000000000000234,,,,,,,,,,,,,,,,,,,,,,,,,,,,,,,,,,,,,,,,,,,0.0,
2026-01-09,0.008928571430000032,0.02976190479999996,,0.36607142859999975,0.0259999999999998,,,,,,,,,,,,,,4.25,5.144,1.6918017845460094,5.144,0.0259999999999998,0.8940000000000001,0.004999999999999893,,,,,,,,,,,,,,,,,,,,,,,,,,,,,,,,,,,,,,,,,,,0.0,
2026-01-16,0.07738095237999998,0.0892857143000001,0.08928571428000004,0.26190476190000034,-0.001000000000000334,,,,,,,,,,,,,,4.25,5.143,1.6918017845460094,5.143,-0.001000000000000334,0.8929999999999998,0.0259999999999998,,,,,,,,,,,,,,,,,,,,,,,,,,,,,,,,,,,,,,,,,,,0.0,
2026-01-23,-0.00410447760999999,0.035270078199999944,0.007711442789999912,0.1621357498,-0.009999999999999787,,,,,,,,,,,,,,4.25,5.133,1.6918017845460094,5.133,-0.009999999999999787,0.883,-0.001000000000000334,,,,,,,,,,,,,,,,,,,,,,,,,,,,,,,,,,,,,,,,,,,0.0,
2026-01-30,0.02581106444000003,-0.009428903400000133,0.0017695951400000798,0.31280722139999995,0.04800000000000004,,,,,,,,,,,,,,4.25,5.181,1.6918017845460094,5.181,0.04800000000000004,0.931,-0.009999999999999787,,,,,,,,,,,,,,,,,,,,,,,,,,,,,,,,,,,,,,,,,,,0.0,
2026-02-06,-0.003849443970000088,0.024754063300000073,-0.04221913316000003,,-0.03000000000000025,,,,,,,,,,,,,,4.25,5.151,2.1974159870179437,5.151,-0.03000000000000025,0.9009999999999998,0.04800000000000004,,,,,,,,,,,,,,,,,,,,,,,,,,,,,,,,,,,,,,,,,,,0.0,
2026-02-13,0.004904051170000034,0.07422707890000013,0.04641968727000001,,-0.12699999999999978,,,,,,,,,,,,,,4.25,5.024,2.1974159870179437,5.024,-0.12699999999999978,0.774,-0.03000000000000025,,,,,,,,,,,,,,,,,,,,,,,,,,,,,,,,,,,,,,,,,,,0.0,
2026-02-20,-0.019785003550000013,-0.0920842218000002,,0.017284833299999747,-0.019000000000000128,,,,,,,,,,,,,,4.25,5.005,2.1974159870179437,5.005,-0.019000000000000128,0.7549999999999999,-0.12699999999999978,,,,,,,,,,,,,,,,,,,,,,,,,,,,,,,,,,,,,,,,,,,0.0,
2026-02-27,-0.004095593459999991,0.017457356099999988,,,-0.05600000000000005,,,,,,,,,,,,,,4.25,4.949,2.1974159870179437,4.949,-0.05600000000000005,0.6989999999999998,-0.019000000000000128,,,,,,,,,,,,,,,,,,,,,,,,,,,,,,,,,,,,,,,,,,,0.0,
2026-03-06,-0.024465392340000003,-0.05280614469999989,,,0.19200000000000017,,,,,,,,,,,,,,4.25,5.141,3.7659501952937484,5.141,0.19200000000000017,0.891,-0.05600000000000005,,,,,,,,,,,,,,,,,,,,,,,,,,,,,,,,,,,,,,,,,,,0.0,
2026-03-13,-0.003484972119999985,-0.0018189854999999255,,,0.17100000000000026,,,,,,,,,,,,,,4.25,5.312,3.7659501952937484,5.312,0.17100000000000026,1.0620000000000003,0.19200000000000017,,,,,,,,,,,,,,,,,,,,,,,,,,,,,,,,,,,,,,,,,,,0.0,
2026-03-20,-0.04520559487999998,-0.0052494102000000264,,,0.16999999999999993,,,,,,,,,,,,,,4.25,5.482,3.7659501952937484,5.482,0.16999999999999993,1.2320000000000002,0.17100000000000026,,,,,,,,,,,,,,,,,,,,,,,,,,,,,,,,,,,,,,,,,,,0.0,
2026-03-27,0.027310044399999955,-0.0109994135,,,0.09799999999999986,,,,,,,,,,,,,,4.25,5.58,3.7659501952937484,5.58,0.09799999999999986,1.33,0.16999999999999993,,,,,,,,,,,,,,,,,,,,,,,,,,,,,,,,,,,,,,,,,,,0.0,
2026-04-03,0.0007618795200000639,0.03328254129999997,,,-0.12699999999999978,,,,,,,,,,,,,,4.25,5.453,3.9685082627500883,5.453,-0.12699999999999978,1.2030000000000003,0.09799999999999986,,,,,,,,,,,,,,,,,,,,,,,,,,,,,,,,,,,,,,,,,,,0.0,
2026-04-10,0.02771231413999997,0.1541682915,0.022536108040000058,,-0.19600000000000062,,,,,,,,,,,,,,4.25,5.257,3.9685082627500883,5.257,-0.19600000000000062,1.0069999999999997,-0.12699999999999978,,,,,,,,,,,,,,,,,,,,,,,,,,,,,,,,,,,,,,,,,,,0.0,
2026-04-17,-0.04674211188999999,-0.04055755859999999,,,-0.058999999999999275,,,,,,,,,,,,,,4.25,5.198,3.9685082627500883,5.198,-0.058999999999999275,0.9480000000000004,-0.19600000000000062,,,,,,,,,,,,,,,,,,,,,,,,,,,,,,,,,,,,,,,,,,,0.0,
2026-04-24,-0.0032450247199999893,-0.16198081720000013,,-0.2478134111000001,0.07499999999999929,,,,,,,,,,,,,,4.25,5.273,3.9685082627500883,5.273,0.07499999999999929,1.0229999999999997,-0.058999999999999275,,,,,,,,,,,,,,,,,,,,,,,,,,,,,,,,,,,,,,,,,,,0.0,
2026-05-01,-0.03657871919,-0.18141954659999993,,,0.04400000000000048,,,,,,,,,,,,,,4.25,5.317,3.9685082627500883,5.317,0.04400000000000048,1.0670000000000002,0.07499999999999929,,,,,,,,,,,,,,,,,,,,,,,,,,,,,,,,,,,,,,,,,,,0.0,
2026-05-08,0.014681817419999965,0.1059164279,,,-0.06700000000000017,,,,,,,,,,,,,,4.25,5.25,3.9685082627500883,5.25,-0.06700000000000017,1.0,0.04400000000000048,,,,,,,,,,,,,,,,,,,,,,,,,,,,,,,,,,,,,,,,,,,0.0,
